9.06e-07,7.18e-07,1022.7,935.36,852.28,773.34,698.48,627.63,560.74,497.72,438.53,383.09,331.34,283.22,238.66,197.59,159.95,125.68,94.703,66.966,42.4,20.94,2.5202,-12.923,-25.455,-35.141,-42.045,-46.232,-47.768,-46.717,-43.143,-37.113,-28.69,-17.94,-4.9274,10.283,27.626,47.037,68.451,91.804,117.03,144.06,172.84,203.3,235.37,268.99,304.09,340.61,378.49,417.66,458.05,499.6,542.24,585.92,630.56,676.1,722.48,769.62,817.48,865.97,915.04,964.62,1014.6,1065.1,1115.8,1166.8,1217.9,1269.2,1320.5,1371.9,1423.1,1474.3,1525.2,1575.8,1626.1,1676.1,1725.5,1774.5,1822.8,1870.5,1917.5,1963.6,2009,2053.4,2096.8,2139.2,2180.5,2220.5,2259.4,2297,2333.1,2367.9,2401.1,2432.8,2462.9,2491.2,2517.8,2542.6,2565.5,2586.4,2605.3,2622.1,2636.8,2649.3,2659.5,2667.3,2672.7,2675.7,2676.1,2673.9,2669.1,2661.5,2651.1,2637.9,2621.7,2602.6,2580.3,2555,2526.5,2494.7,2459.6,2421.1,2379.2,2333.8,2284.8,2232.1,2175.8,2115.7,2051.7,1983.8,1912,1836.2,1756.2
8.89e-07,6.37e-07,298.01,262.17,228.67,197.45,168.43,141.56,116.77,93.984,73.149,54.194,37.053,21.661,7.9519,-4.1402,-14.681,-23.736,-31.372,-37.654,-42.648,-46.42,-49.036,-50.561,-51.061,-50.602,-49.251,-47.072,-44.132,-40.496,-36.23,-31.4,-26.072,-20.312,-14.185,-7.758,-1.0956,5.7359,12.671,19.643,26.587,33.436,40.126,46.59,52.762,58.577,63.968,68.871,73.218,76.945,79.986,82.273,83.743,84.329,83.965,82.586,80.125,76.516,71.695,65.595,58.15,49.295,38.963,27.089,13.607,-1.5482,-18.443,-37.144,-57.716,-80.224,-104.74,-131.32,-160.03,-190.95,-224.13,-259.64,-297.55,-337.93,-380.83,-426.33,-474.49,-525.38,-579.06,-635.59,-695.06,-757.51,-823.02,-891.65,-963.47,-1038.5,-1116.9,-1198.7,-1283.9,-1372.7,-1465,-1561,-1660.7,-1764.1,-1871.4,-1982.7,-2097.9,-2217.1,-2340.5,-2468,-2599.8,-2735.8,-2876.3,-3021.2,-3170.6,-3324.5,-3483.1,-3646.4,-3814.5,-3987.4,-4165.2,-4347.9,-4535.7,-4728.6,-4926.7,-5129.9,-5338.5,-5552.4,-5771.8,-5996.6,-6227,-6463.1,-6704.8,-6952.2,-7205.5,-7464.7,-7729.8,-8001,-8278.2
7.52e-07,6.46e-07,-116.49,-121.55,-125.06,-127.11,-127.79,-127.21,-125.46,-122.63,-118.84,-114.16,-108.71,-102.57,-95.846,-88.635,-81.033,-73.137,-65.045,-56.853,-48.66,-40.562,-32.656,-25.041,-17.812,-11.068,-4.9054,0.57843,5.2862,9.1206,11.984,13.78,14.411,13.78,11.789,8.3409,3.3389,-3.3145,-11.716,-21.964,-34.155,-48.386,-64.755,-83.359,-104.29,-127.66,-153.55,-182.07,-213.3,-247.36,-284.33,-324.31,-367.41,-413.71,-463.31,-516.32,-572.83,-632.93,-696.73,-764.32,-835.79,-911.25,-990.8,-1074.5,-1162.5,-1254.9,-1351.7,-1453.2,-1559.2,-1670.1,-1785.8,-1906.5,-2032.2,-2163,-2299.2,-2440.6,-2587.5,-2740,-2898.1,-3061.9,-3231.6,-3407.2,-3588.8,-3776.5,-3970.5,-4170.8,-4377.5,-4590.7,-4810.5,-5037.1,-5270.4,-5510.7,-5757.9,-6012.2,-6273.8,-6542.6,-6818.8,-7102.5,-7393.8,-7692.8,-7999.5,-8314.2,-8636.8,-8967.4,-9306.3,-9653.4,-10009,-10373,-10745,-11126,-11516,-11915,-12323,-12739,-13165,-13600,-14045,-14499,-14962,-15435,-15918,-16410,-16913,-17425,-17948,-18481,-19024,-19577,-20141,-20716,-21301,-21897,-22504
9.18e-07,6.6e-07,534.17,481.45,431.62,384.63,340.43,298.93,260.1,223.86,190.16,158.94,130.13,103.67,79.506,57.577,37.821,20.177,4.5852,-9.0155,-20.685,-30.485,-38.475,-44.716,-49.268,-52.192,-53.548,-53.397,-51.8,-48.816,-44.507,-38.933,-32.154,-24.232,-15.226,-5.197,5.7942,17.687,30.422,43.937,58.173,73.068,88.563,104.6,121.11,138.04,155.32,172.91,190.73,208.72,226.83,244.99,263.15,281.24,299.21,316.99,334.52,351.74,368.59,385.01,400.94,416.32,431.09,445.19,458.55,471.13,482.85,493.65,503.48,512.28,519.98,526.53,531.85,535.91,538.62,539.94,539.79,538.13,534.89,530.01,523.43,515.08,504.92,492.87,478.88,462.89,444.83,424.65,402.28,377.67,350.75,321.47,289.76,255.56,218.81,179.46,137.43,92.678,45.134,-5.2601,-58.566,-114.84,-174.15,-236.55,-302.11,-370.88,-442.92,-518.3,-597.07,-679.3,-765.05,-854.37,-947.33,-1044,-1144.4,-1248.6,-1356.8,-1468.8,-1584.9,-1705,-1829.2,-1957.6,-2090.3,-2227.3,-2368.6,-2514.4,-2664.6,-2819.4,-2978.8,-3142.8,-3311.6,-3485.2,-3663.6
9.34e-07,6.28e-07,168.72,141.92,117,93.908,72.592,52.996,35.067,18.749,3.9889,-9.2679,-21.076,-31.49,-40.563,-48.351,-54.907,-60.286,-64.543,-67.731,-69.906,-71.121,-71.43,-70.889,-69.551,-67.472,-64.704,-61.303,-57.323,-52.818,-47.843,-42.452,-36.699,-30.64,-24.327,-17.815,-11.16,-4.4148,2.3658,9.1275,15.816,22.377,28.756,34.898,40.75,46.256,51.363,56.017,60.162,63.744,66.71,69.004,70.573,71.362,71.316,70.382,68.505,65.63,61.704,56.671,50.478,43.07,34.392,24.391,13.012,0.20125,-14.097,-29.936,-47.37,-66.454,-87.242,-109.79,-134.15,-160.38,-188.52,-218.65,-250.8,-285.04,-321.42,-359.99,-400.81,-443.93,-489.41,-537.3,-587.65,-640.53,-695.97,-754.05,-814.81,-878.3,-944.59,-1013.7,-1085.8,-1160.7,-1238.7,-1319.8,-1404,-1491.3,-1581.9,-1675.8,-1772.9,-1873.5,-1977.5,-2085.1,-2196.1,-2310.8,-2429.2,-2551.2,-2677,-2806.7,-2940.2,-3077.7,-3219.1,-3364.6,-3514.2,-3668,-3825.9,-3988.1,-4154.6,-4325.5,-4500.8,-4680.6,-4864.9,-5053.8,-5247.3,-5445.6,-5648.5,-5856.3,-6069,-6286.5,-6509,-6736.6,-6969.2
9.04e-07,6.88e-07,801.36,729.73,661.74,597.32,536.4,478.93,424.84,374.07,326.54,282.2,240.97,202.8,167.62,135.36,105.97,79.363,55.489,34.279,15.668,-0.40804,-14.015,-25.217,-34.08,-40.668,-45.046,-47.279,-47.433,-45.572,-41.761,-36.065,-28.55,-19.279,-8.318,4.2681,18.414,34.056,51.127,69.564,89.302,110.27,132.42,155.67,179.96,205.22,231.4,258.42,286.22,314.74,343.91,373.66,403.94,434.67,465.79,497.24,528.95,560.86,592.89,625,657.1,689.14,721.06,752.78,784.24,815.37,846.12,876.42,906.2,935.39,963.94,991.77,1018.8,1045,1070.3,1094.7,1118,1140.2,1161.2,1181,1199.5,1216.6,1232.3,1246.5,1259.2,1270.2,1279.5,1287.1,1292.9,1296.8,1298.7,1298.7,1296.5,1292.2,1285.7,1277,1265.9,1252.4,1236.4,1217.9,1196.8,1173,1146.5,1117.2,1085.1,1050.1,1012,970.91,926.7,879.31,828.67,774.72,717.39,656.62,592.35,524.5,453.02,377.84,298.89,216.12,129.44,38.809,-55.851,-154.6,-257.51,-364.63,-476.05,-591.81,-711.98,-836.64,-965.85,-1099.7,-1238.1
7.59e-07,6.6e-07,133.45,110.31,89.391,70.598,53.833,38.999,25.997,14.732,5.1046,-2.9815,-9.6238,-14.92,-18.966,-21.861,-23.702,-24.585,-24.609,-23.871,-22.467,-20.496,-18.054,-15.239,-12.149,-8.8803,-5.5306,-2.1972,1.0224,4.031,6.7312,9.0257,10.817,12.008,12.501,12.2,11.005,8.8212,5.55,1.0944,-4.643,-11.76,-20.353,-30.52,-42.358,-55.964,-71.437,-88.872,-108.37,-130.02,-153.93,-180.19,-208.91,-240.16,-274.07,-310.71,-350.2,-392.62,-438.08,-486.66,-538.48,-593.62,-652.18,-714.27,-779.97,-849.39,-922.62,-999.76,-1080.9,-1166.2,-1255.6,-1349.4,-1447.5,-1550.2,-1657.4,-1769.3,-1886.1,-2007.6,-2134.2,-2265.9,-2402.7,-2544.8,-2692.3,-2845.2,-3003.7,-3167.9,-3337.8,-3513.6,-3695.3,-3883.1,-4077.1,-4277.3,-4483.8,-4696.8,-4916.3,-5142.4,-5375.3,-5615,-5861.6,-6115.3,-6376.1,-6644.1,-6919.4,-7202.1,-7492.4,-7790.2,-8095.8,-8409.2,-8730.4,-9059.7,-9397,-9742.6,-10096,-10459,-10829,-11209,-11597,-11993,-12399,-12814,-13237,-13670,-14112,-14564,-15025,-15495,-15975,-16465,-16965,-17475,-17994,-18524,-19064
8.26e-07,7.18e-07,1019.5,932.6,850.14,772,698.1,628.36,562.69,501.01,443.24,389.28,339.07,292.5,249.5,209.98,173.87,141.06,111.49,85.066,61.701,41.313,23.819,9.1332,-2.8279,-12.149,-18.914,-23.207,-25.112,-24.715,-22.099,-17.348,-10.547,-1.7797,8.8691,21.315,35.475,51.263,68.596,87.389,107.56,129.02,151.69,175.48,200.31,226.1,252.75,280.19,308.34,337.1,366.39,396.13,426.24,456.63,487.21,517.91,548.63,579.3,609.83,640.13,670.12,699.71,728.83,757.39,785.3,812.48,838.84,864.3,888.78,912.2,934.45,955.48,975.18,993.48,1010.3,1025.5,1039.1,1050.9,1060.9,1069,1075.1,1079.1,1081,1080.6,1077.9,1072.7,1065.1,1054.9,1042,1026.3,1007.8,986.43,962.01,934.5,903.82,869.88,832.59,791.88,747.65,699.82,648.32,593.05,533.93,470.88,403.81,332.64,257.28,177.65,93.661,5.2362,-87.712,-185.27,-287.52,-394.54,-506.43,-623.26,-745.12,-872.09,-1004.3,-1141.7,-1284.5,-1432.8,-1586.6,-1746,-1911.2,-2082.1,-2258.9,-2441.6,-2630.4,-2825.3,-3026.5,-3233.9,-3447.7
8.91e-07,6.6e-07,551.9,497.99,447.1,399.15,354.09,311.84,272.33,235.5,201.29,169.62,140.43,113.65,89.213,67.054,47.106,29.302,13.574,-0.14508,-11.921,-21.822,-29.914,-36.264,-40.94,-44.008,-45.535,-45.588,-44.235,-41.542,-37.576,-32.404,-26.093,-18.71,-10.322,-0.99551,9.2017,20.203,31.942,44.35,57.362,70.911,84.928,99.348,114.1,129.13,144.35,159.71,175.14,190.57,205.93,221.16,236.19,250.95,265.37,279.4,292.96,305.98,318.4,330.15,341.16,351.37,360.72,369.12,376.52,382.85,388.04,392.03,394.75,396.13,396.1,394.6,391.56,386.91,380.59,372.53,362.66,350.92,337.23,321.54,303.77,283.86,261.74,237.35,210.61,181.46,149.83,115.66,78.883,39.425,-2.779,-47.795,-95.689,-146.53,-200.38,-257.31,-317.39,-380.69,-447.26,-517.18,-590.52,-667.33,-747.7,-831.68,-919.35,-1010.8,-1106,-1205.1,-1308.2,-1415.2,-1526.4,-1641.7,-1761.3,-1885.1,-2013.2,-2145.8,-2282.9,-2424.5,-2570.8,-2721.7,-2877.4,-3037.9,-3203.3,-3373.7,-3549,-3729.5,-3915.1,-4106,-4302.1,-4503.6,-4710.5,-4922.9,-5140.9
8.96e-07,6.82e-07,757.13,688.65,623.71,562.25,504.2,449.49,398.05,349.83,304.75,262.75,223.75,187.7,154.52,124.16,96.531,71.583,49.244,29.448,12.128,-2.7828,-15.351,-25.644,-33.727,-39.669,-43.534,-45.39,-45.305,-43.343,-39.573,-34.06,-26.872,-18.075,-7.7357,4.0788,17.302,31.867,47.708,64.757,82.948,102.21,122.49,143.71,165.8,188.7,212.34,236.66,261.58,287.05,312.99,339.34,366.03,393,420.17,447.49,474.88,502.28,529.62,556.84,583.86,610.62,637.06,663.11,688.7,713.76,738.23,762.04,785.12,807.42,828.85,849.36,868.87,887.33,904.66,920.8,935.68,949.23,961.39,972.09,981.27,988.85,994.77,998.97,1001.4,1001.9,1000.5,997.16,991.73,984.17,974.41,962.4,948.06,931.33,912.13,890.41,866.1,839.13,809.43,776.94,741.58,703.3,662.03,617.7,570.24,519.59,465.67,408.43,347.8,283.7,216.08,144.87,69.994,-8.6087,-91.005,-177.26,-267.45,-361.62,-459.86,-562.23,-668.79,-779.61,-894.75,-1014.3,-1138.3,-1266.8,-1400,-1537.7,-1680.3,-1827.6,-1979.7,-2136.8,-2298.9
7.95e-07,6.36e-07,49.395,31.896,16.306,2.5387,-9.4939,-19.879,-28.705,-36.059,-42.029,-46.702,-50.165,-52.507,-53.815,-54.176,-53.678,-52.41,-50.457,-47.908,-44.85,-41.372,-37.56,-33.502,-29.286,-24.999,-20.729,-16.564,-12.59,-8.8961,-5.5694,-2.6974,-0.36779,1.3319,2.3141,2.4913,1.7757,0.079984,-2.6836,-6.6025,-11.764,-18.257,-26.168,-35.584,-46.593,-59.284,-73.743,-90.058,-108.32,-128.61,-151.01,-175.63,-202.54,-231.83,-263.59,-297.9,-334.86,-374.56,-417.07,-462.48,-510.9,-562.39,-617.06,-674.98,-736.25,-800.95,-869.16,-940.99,-1016.5,-1095.8,-1179,-1266.1,-1357.3,-1452.6,-1552.1,-1656,-1764.2,-1876.9,-1994.2,-2116.2,-2242.9,-2374.4,-2510.9,-2652.3,-2798.9,-2950.6,-3107.6,-3270,-3437.8,-3611.2,-3790.1,-3974.8,-4165.3,-4361.7,-4564,-4772.4,-4986.9,-5207.7,-5434.8,-5668.3,-5908.3,-6154.9,-6408.2,-6668.2,-6935.1,-7208.9,-7489.7,-7777.7,-8072.8,-8375.3,-8685.1,-9002.3,-9327.1,-9659.6,-9999.8,-10348,-10704,-11068,-11439,-11820,-12208,-12605,-13010,-13423,-13846,-14276,-14716,-15165,-15622,-16089,-16564,-17049,-17543
8.04e-07,6.58e-07,376.97,335.94,297.68,262.11,229.13,198.66,170.61,144.9,121.43,100.12,80.881,63.627,48.268,34.719,22.89,12.694,4.0446,-3.1469,-8.9677,-13.505,-16.848,-19.082,-20.296,-20.577,-20.012,-18.691,-16.698,-14.124,-11.054,-7.5769,-3.7799,0.24939,4.4235,8.6547,12.856,16.938,20.816,24.4,27.604,30.339,32.519,34.056,34.861,34.848,33.929,32.016,29.023,24.86,19.441,12.679,4.4847,-5.2283,-16.548,-29.562,-44.357,-61.022,-79.643,-100.31,-123.11,-148.12,-175.45,-205.17,-237.37,-272.14,-309.57,-349.74,-392.75,-438.67,-487.6,-539.63,-594.84,-653.33,-715.16,-780.45,-849.27,-921.7,-997.85,-1077.8,-1161.6,-1249.4,-1341.3,-1437.3,-1537.5,-1642.1,-1751,-1864.5,-1982.5,-2105.2,-2232.7,-2365,-2502.3,-2644.6,-2791.9,-2944.5,-3102.4,-3265.6,-3434.3,-3608.6,-3788.4,-3974,-4165.5,-4362.8,-4566.1,-4775.4,-4990.9,-5212.7,-5440.8,-5675.4,-5916.4,-6164,-6418.4,-6679.4,-6947.4,-7222.3,-7504.2,-7793.3,-8089.6,-8393.2,-8704.1,-9022.5,-9348.5,-9682.2,-10024,-10373,-10730,-11095,-11468,-11850,-12239,-12637,-13044
8.84e-07,6.36e-07,284.39,249.54,217.01,186.72,158.62,132.64,108.7,86.752,66.716,48.528,32.122,17.43,4.3867,-7.0758,-17.024,-25.526,-32.647,-38.454,-43.016,-46.398,-48.667,-49.891,-50.136,-49.47,-47.958,-45.669,-42.668,-39.023,-34.802,-30.07,-24.894,-19.342,-13.481,-7.3771,-1.0975,5.2908,11.721,18.126,24.439,30.593,36.522,42.157,47.433,52.282,56.638,60.434,63.602,66.075,67.788,68.672,68.661,67.689,65.687,62.59,58.33,52.841,46.054,37.905,28.325,17.247,4.6059,-9.6668,-25.638,-43.373,-62.941,-84.407,-107.84,-133.3,-160.87,-190.6,-222.56,-256.83,-293.46,-332.53,-374.09,-418.23,-465,-514.47,-566.71,-621.79,-679.77,-740.72,-804.7,-871.79,-942.05,-1015.5,-1092.3,-1172.5,-1256.1,-1343.2,-1433.9,-1528.2,-1626.3,-1728.1,-1833.7,-1943.3,-2056.8,-2174.4,-2296,-2421.9,-2552,-2686.3,-2825.1,-2968.3,-3116,-3268.3,-3425.3,-3586.9,-3753.3,-3924.6,-4100.8,-4281.9,-4468.1,-4659.4,-4855.9,-5057.6,-5264.7,-5477.1,-5695,-5918.3,-6147.3,-6381.9,-6622.2,-6868.3,-7120.3,-7378.1,-7642,-7911.8,-8187.8,-8470,-8758.5
8.46e-07,6.96e-07,869.8,793.47,721.1,652.63,587.96,527.03,469.74,416.03,365.82,319.02,275.55,235.34,198.31,164.37,133.46,105.48,80.363,58.028,38.395,21.385,6.9179,-5.0842,-14.701,-22.012,-27.095,-30.031,-30.899,-29.776,-26.744,-21.88,-15.264,-6.9761,2.9059,14.302,27.134,41.322,56.787,73.449,91.23,110.05,129.83,150.49,171.96,194.14,216.97,240.37,264.25,288.53,313.15,338.01,363.04,388.15,413.28,438.34,463.25,487.94,512.31,536.31,559.83,582.82,605.18,626.83,647.71,667.72,686.8,704.86,721.81,737.59,752.12,765.31,777.08,787.36,796.07,803.12,808.44,811.95,813.58,813.23,810.83,806.31,799.58,790.57,779.18,765.36,749.01,730.06,708.43,684.04,656.81,626.65,593.5,557.28,517.89,475.27,429.34,380.01,327.21,270.85,210.86,147.17,79.68,8.3233,-66.982,-146.31,-229.75,-317.38,-409.27,-505.5,-606.16,-711.32,-821.06,-935.47,-1054.6,-1178.6,-1307.4,-1441.3,-1580.2,-1724.2,-1873.4,-2028,-2187.9,-2353.3,-2524.2,-2700.7,-2882.9,-3070.8,-3264.7,-3464.4,-3670.1,-3882,-4100
8.75e-07,7.07e-07,970.09,886.57,807.21,731.92,660.65,593.31,529.84,470.16,414.2,361.89,313.16,267.93,226.12,187.68,152.53,120.58,91.783,66.053,43.32,23.513,6.5579,-7.6162,-19.082,-27.912,-34.177,-37.952,-39.307,-38.315,-35.048,-29.579,-21.979,-12.322,-0.67873,12.878,28.275,45.442,64.305,84.793,106.83,130.35,155.28,181.54,209.07,237.78,267.62,298.5,330.35,363.11,396.69,431.04,466.06,501.7,537.88,574.53,611.58,648.94,686.56,724.36,762.27,800.21,838.11,875.9,913.51,950.86,987.89,1024.5,1060.7,1096.3,1131.3,1165.6,1199.1,1231.9,1263.7,1294.5,1324.3,1352.9,1380.4,1406.6,1431.5,1454.9,1476.9,1497.3,1516.1,1533.2,1548.5,1562,1573.5,1583.1,1590.6,1596,1599.1,1600,1598.5,1594.6,1588.3,1579.3,1567.7,1553.4,1536.3,1516.4,1493.5,1467.6,1438.7,1406.6,1371.3,1332.7,1290.7,1245.4,1196.5,1144,1087.8,1028,964.34,896.82,825.36,749.89,670.34,586.62,498.68,406.44,309.82,208.76,103.18,-6.9974,-121.83,-241.4,-365.78,-495.04,-629.25,-768.49,-912.82
7.98e-07,6.55e-07,313.91,277.43,243.57,212.24,183.35,156.81,132.54,110.44,90.422,72.402,56.29,41.997,29.435,18.514,9.1466,1.2432,-5.2845,-10.525,-14.568,-17.501,-19.414,-20.394,-20.531,-19.913,-18.629,-16.768,-14.419,-11.669,-8.6085,-5.3254,-1.9085,1.5534,4.9716,8.2575,11.322,14.077,16.434,18.304,19.597,20.226,20.102,19.136,17.239,14.323,10.298,5.0772,-1.4294,-9.3102,-18.654,-29.549,-42.085,-56.349,-72.432,-90.42,-110.4,-132.47,-156.71,-183.21,-212.06,-243.35,-277.17,-313.61,-352.74,-394.68,-439.49,-487.27,-538.12,-592.11,-649.34,-709.89,-773.86,-841.34,-912.4,-987.14,-1065.7,-1148,-1234.3,-1324.7,-1419.2,-1517.9,-1620.9,-1728.2,-1840.1,-1956.5,-2077.6,-2203.4,-2334.1,-2469.7,-2610.3,-2756,-2906.9,-3063,-3224.6,-3391.5,-3564.1,-3742.2,-3926.1,-4115.8,-4311.4,-4512.9,-4720.6,-4934.4,-5154.5,-5380.9,-5613.7,-5853.1,-6099,-6351.7,-6611.1,-6877.4,-7150.7,-7431.1,-7718.5,-8013.2,-8315.2,-8624.7,-8941.6,-9266.1,-9598.3,-9938.2,-10286,-10642,-11005,-11377,-11757,-12146,-12542,-12948,-13361,-13784,-14215
7.86e-07,6.88e-07,625.25,566.64,511.49,459.74,411.27,366,323.84,284.69,248.45,215.04,184.36,156.32,130.83,107.78,87.096,68.675,52.426,38.256,26.071,15.778,7.2839,0.49569,-4.6801,-8.3366,-10.567,-11.465,-11.123,-9.6356,-7.0947,-3.5941,0.77306,5.9135,11.734,18.141,25.042,32.343,39.951,47.774,55.716,63.686,71.59,79.335,86.828,93.975,100.68,106.86,112.41,117.24,121.26,124.38,126.49,127.52,127.36,125.92,123.12,118.84,113.01,105.53,96.304,85.24,72.246,57.228,40.093,20.747,-0.90226,-24.949,-51.485,-80.605,-112.4,-146.97,-184.4,-224.78,-268.22,-314.8,-364.61,-417.75,-474.32,-534.4,-598.09,-665.49,-736.67,-811.75,-890.81,-973.95,-1061.2,-1152.8,-1248.7,-1349.1,-1454,-1563.6,-1677.8,-1796.9,-1920.9,-2049.9,-2184.1,-2323.4,-2468,-2617.9,-2773.4,-2934.4,-3101.1,-3273.5,-3451.8,-3636,-3826.3,-4022.7,-4225.3,-4434.2,-4649.5,-4871.3,-5099.7,-5334.8,-5576.7,-5825.4,-6081.2,-6343.9,-6613.9,-6891,-7175.5,-7467.5,-7766.9,-8074,-8388.8,-8711.4,-9041.9,-9380.4,-9727,-10082,-10445,-10816,-11196
9.16e-07,6.5e-07,434.31,388.68,345.69,305.28,267.39,231.95,198.91,168.21,139.78,113.57,89.516,67.556,47.63,29.678,13.64,-0.54401,-12.935,-23.594,-32.581,-39.955,-45.779,-50.111,-53.013,-54.544,-54.766,-53.738,-51.521,-48.175,-43.761,-38.339,-31.97,-24.714,-16.63,-7.7811,1.7742,11.975,22.761,34.072,45.846,58.025,70.548,83.353,96.382,109.57,122.87,136.2,149.51,162.75,175.85,188.74,201.38,213.7,225.63,237.12,248.11,258.54,268.35,277.47,285.85,293.42,300.13,305.92,310.72,314.47,317.12,318.61,318.86,317.83,315.45,311.67,306.41,299.63,291.25,281.23,269.5,256,240.67,223.44,204.27,183.08,159.82,134.43,106.84,77.004,44.852,10.326,-26.635,-66.092,-108.1,-152.73,-200.03,-250.07,-302.91,-358.61,-417.22,-478.81,-543.44,-611.16,-682.05,-756.16,-833.55,-914.27,-998.4,-1086,-1177.1,-1271.8,-1370.1,-1472.2,-1578,-1687.6,-1801.1,-1918.6,-2040,-2165.5,-2295.2,-2429,-2567.1,-2709.5,-2856.3,-3007.4,-3163.1,-3323.3,-3488.2,-3657.7,-3831.9,-4010.9,-4194.8,-4383.6,-4577.3,-4776.1,-4980
9.03e-07,6.73e-07,671.59,609.16,550.03,494.13,441.4,391.78,345.2,301.59,260.9,223.06,187.99,155.65,125.96,98.854,74.275,52.154,32.428,15.032,-0.099458,-13.031,-23.826,-32.551,-39.27,-44.048,-46.949,-48.037,-47.379,-45.038,-41.079,-35.567,-28.566,-20.142,-10.359,0.71906,13.026,26.499,41.071,56.679,73.258,90.744,109.07,128.17,147.99,168.45,189.5,211.06,233.08,255.48,278.21,301.2,324.38,347.69,371.07,394.45,417.76,440.94,463.93,486.66,509.07,531.09,552.66,573.71,594.18,614,633.11,651.44,668.94,685.52,701.14,715.72,729.21,741.52,752.61,762.41,770.85,777.86,783.39,787.36,789.72,790.39,789.32,786.43,781.67,774.97,766.27,755.49,742.58,727.47,710.09,690.39,668.29,643.73,616.65,586.99,554.66,519.63,481.81,441.14,397.57,351.01,301.42,248.72,192.85,133.74,71.341,5.5722,-63.625,-136.32,-212.57,-292.44,-376,-463.31,-554.44,-649.45,-748.41,-851.38,-958.43,-1069.6,-1185,-1304.7,-1428.7,-1557.1,-1689.9,-1827.3,-1969.3,-2115.9,-2267.3,-2423.4,-2584.5,-2750.4,-2921.3
9.36e-07,7.03e-07,867.96,791.55,718.87,649.87,584.48,522.65,464.32,409.44,357.94,309.77,264.87,223.19,184.66,149.22,116.83,87.414,60.925,37.304,16.491,-1.5704,-16.938,-29.67,-39.824,-47.457,-52.627,-55.392,-55.809,-53.937,-49.833,-43.554,-35.158,-24.703,-12.246,2.1538,18.44,36.555,56.44,78.039,101.29,126.14,152.54,180.41,209.71,240.37,272.35,305.57,339.99,375.55,412.19,449.84,488.46,527.99,568.36,609.52,651.42,693.99,737.17,780.92,825.17,869.86,914.94,960.35,1006,1051.9,1098,1144.1,1190.3,1236.5,1282.6,1328.5,1374.3,1419.8,1465,1509.9,1554.3,1598.3,1641.7,1684.5,1726.7,1768.1,1808.8,1848.7,1887.7,1925.7,1962.8,1998.8,2033.7,2067.4,2099.8,2131,2160.9,2189.3,2216.3,2241.8,2265.7,2288,2308.5,2327.4,2344.4,2359.5,2372.8,2384,2393.3,2400.4,2405.4,2408.1,2408.6,2406.8,2402.6,2396,2386.8,2375.1,2360.8,2343.8,2324.1,2301.6,2276.3,2248,2216.8,2182.6,2145.3,2104.9,2061.3,2014.4,1964.3,1910.7,1853.8,1793.4,1729.4,1661.8,1590.6
7.72e-07,6.8e-07,463.5,416.56,372.7,331.83,293.84,258.64,226.14,196.24,168.85,143.86,121.18,100.72,82.384,66.069,51.682,39.127,28.309,19.13,11.496,5.3096,0.47553,-3.1024,-5.5201,-6.8738,-7.2593,-6.7726,-5.5098,-3.5669,-1.0398,1.9754,5.3827,9.0862,12.99,16.998,21.013,24.942,28.686,32.15,35.238,37.855,39.904,41.289,41.914,41.683,40.5,38.269,34.895,30.281,24.331,16.949,8.0387,-2.4951,-14.749,-28.818,-44.799,-62.789,-82.882,-105.17,-129.76,-156.74,-186.21,-218.26,-253,-290.51,-330.89,-374.23,-420.64,-470.22,-523.04,-579.22,-638.85,-702.02,-768.83,-839.38,-913.76,-992.06,-1074.4,-1160.8,-1251.5,-1346.5,-1445.9,-1549.8,-1658.3,-1771.4,-1889.4,-2012.3,-2140.1,-2273.1,-2411.2,-2554.5,-2703.3,-2857.5,-3017.3,-3182.7,-3353.9,-3530.9,-3713.9,-3902.9,-4098,-4299.4,-4507.1,-4721.2,-4941.9,-5169.1,-5403.1,-5643.9,-5891.6,-6146.2,-6408,-6677,-6953.3,-7236.9,-7528,-7826.7,-8133.1,-8447.2,-8769.3,-9099.2,-9437.2,-9783.4,-10138,-10501,-10872,-11252,-11640,-12037,-12443,-12858,-13282,-13715,-14157
7.87e-07,6.54e-07,244.87,213.43,184.45,157.84,133.51,111.36,91.299,73.247,57.107,42.788,30.2,19.25,9.8493,1.9053,-4.6728,-9.9758,-14.095,-17.121,-19.146,-20.259,-20.553,-20.119,-19.046,-17.428,-15.353,-12.915,-10.203,-7.3083,-4.3227,-1.3369,1.5581,4.2711,6.7111,8.7872,10.408,11.483,11.921,11.63,10.52,8.4997,5.478,1.3638,-3.9339,-10.506,-18.444,-27.839,-38.781,-51.362,-65.673,-81.805,-99.849,-119.9,-142.04,-166.36,-192.97,-221.94,-253.36,-287.34,-323.96,-363.31,-405.48,-450.56,-498.65,-549.84,-604.21,-661.86,-722.88,-787.36,-855.39,-927.06,-1002.5,-1081.7,-1164.8,-1252,-1343.2,-1438.7,-1538.4,-1642.5,-1751,-1864.1,-1981.9,-2104.4,-2231.7,-2363.9,-2501.1,-2643.4,-2791,-2943.8,-3101.9,-3265.6,-3434.7,-3609.6,-3790.1,-3976.5,-4168.9,-4367.2,-4571.6,-4782.2,-4999.1,-5222.4,-5452.1,-5688.4,-5931.4,-6181.1,-6437.6,-6701,-6971.4,-7249,-7533.7,-7825.7,-8125.1,-8432,-8746.4,-9068.5,-9398.3,-9735.9,-10081,-10435,-10797,-11167,-11545,-11931,-12326,-12730,-13142,-13563,-13993,-14431,-14879,-15336,-15802
7.7e-07,6.5e-07,84.76,64.983,47.271,31.531,17.669,5.59,-4.8,-13.595,-20.89,-26.779,-31.356,-34.715,-36.951,-38.157,-38.429,-37.86,-36.545,-34.578,-32.053,-29.064,-25.706,-22.073,-18.259,-14.359,-10.467,-6.6761,-3.0819,0.22181,3.1407,5.5805,7.447,8.646,9.083,8.664,7.2946,4.8805,1.3275,-3.4586,-9.5721,-17.107,-26.159,-36.82,-49.186,-63.35,-79.408,-97.453,-117.58,-139.88,-164.45,-191.39,-220.79,-252.73,-287.33,-324.66,-364.84,-407.94,-454.06,-503.31,-555.77,-611.53,-670.7,-733.36,-799.61,-869.54,-943.25,-1020.8,-1102.4,-1188,-1277.8,-1371.8,-1470.2,-1573,-1680.3,-1792.2,-1908.9,-2030.4,-2156.8,-2288.2,-2424.7,-2566.4,-2713.4,-2865.8,-3023.6,-3187,-3356.1,-3530.9,-3711.6,-3898.2,-4090.9,-4289.7,-4494.7,-4706.1,-4923.9,-5148.2,-5379.1,-5616.6,-5861,-6112.3,-6370.6,-6635.9,-6908.4,-7188.2,-7475.3,-7769.9,-8072.1,-8381.8,-8699.3,-9024.7,-9358,-9699.3,-10049,-10406,-10772,-11147,-11529,-11921,-12321,-12730,-13147,-13574,-14010,-14455,-14909,-15372,-15845,-16328,-16820,-17321,-17833,-18355,-18886
8.48e-07,6.65e-07,577.66,522.08,469.68,420.4,374.16,330.89,290.49,252.9,218.04,185.83,156.19,129.05,104.32,81.936,61.813,43.876,28.046,14.245,2.3973,-7.5762,-15.753,-22.21,-27.025,-30.277,-32.041,-32.397,-31.421,-29.191,-25.785,-21.281,-15.755,-9.2863,-1.9515,6.1715,15.005,24.472,34.494,44.994,55.894,67.117,78.585,90.221,101.95,113.68,125.36,136.89,148.19,159.21,169.84,180.02,189.67,198.72,207.07,214.67,221.42,227.25,232.09,235.85,238.46,239.84,239.91,238.6,235.83,231.52,225.59,217.97,208.57,197.32,184.15,168.97,151.71,132.29,110.63,86.65,60.281,31.441,0.05248,-33.962,-70.68,-110.18,-152.54,-197.83,-246.14,-297.54,-352.11,-409.92,-471.06,-535.6,-603.63,-675.2,-750.42,-829.34,-912.06,-998.64,-1089.2,-1183.7,-1282.4,-1385.2,-1492.3,-1603.7,-1719.5,-1839.8,-1964.7,-2094.3,-2228.5,-2367.5,-2511.5,-2660.3,-2814.2,-2973.3,-3137.5,-3306.9,-3481.7,-3662,-3847.7,-4039,-4235.9,-4438.6,-4647.1,-4861.5,-5081.8,-5308.2,-5540.7,-5779.4,-6024.4,-6275.7,-6533.4,-6797.7,-7068.5,-7346,-7630.2
7.89e-07,6.62e-07,353.98,314.71,278.19,244.33,213.03,184.21,157.76,133.61,111.66,91.816,73.99,58.091,44.026,31.706,21.038,11.931,4.2938,-1.9641,-6.9344,-10.708,-13.377,-15.032,-15.764,-15.664,-14.824,-13.335,-11.288,-8.775,-5.8862,-2.7132,0.6528,4.1205,7.5988,10.996,14.222,17.184,19.792,21.955,23.581,24.578,24.857,24.325,22.891,20.464,16.953,12.267,6.3137,-0.997,-9.7568,-20.057,-31.988,-45.643,-61.111,-78.484,-97.854,-119.31,-142.95,-168.85,-197.12,-227.84,-261.11,-297,-335.63,-377.07,-421.42,-468.77,-519.21,-572.84,-629.74,-690,-753.72,-820.98,-891.89,-966.52,-1045,-1127.3,-1213.7,-1304.2,-1398.8,-1497.8,-1601,-1708.8,-1821.1,-1938.1,-2059.7,-2186.2,-2317.7,-2454.1,-2595.6,-2742.3,-2894.3,-3051.7,-3214.5,-3382.9,-3556.9,-3736.7,-3922.3,-4113.8,-4311.3,-4514.9,-4724.8,-4940.9,-5163.3,-5392.3,-5627.8,-5869.9,-6118.8,-6374.5,-6637.2,-6906.8,-7183.6,-7467.5,-7758.8,-8057.4,-8363.5,-8677.1,-8998.4,-9327.5,-9664.4,-10009,-10362,-10723,-11092,-11469,-11855,-12250,-12652,-13064,-13484,-13913,-14351
9.29e-07,6.56e-07,481.3,432.3,386.03,342.43,301.45,263.03,227.11,193.63,162.54,133.78,107.28,83.005,60.879,40.851,22.862,6.8552,-7.2276,-19.444,-29.852,-38.508,-45.472,-50.8,-54.549,-56.779,-57.546,-56.909,-54.924,-51.65,-47.145,-41.465,-34.669,-26.815,-17.959,-8.161,2.5228,14.034,26.316,39.31,52.959,67.204,81.989,97.255,112.95,129,145.37,161.98,178.79,195.73,212.76,229.8,246.8,263.71,280.46,297.01,313.28,329.23,344.79,359.92,374.54,388.61,402.06,414.84,426.89,438.15,448.56,458.08,466.63,474.16,480.61,485.93,490.06,492.94,494.52,494.72,493.51,490.81,486.58,480.75,473.27,464.07,453.11,440.32,425.65,409.03,390.42,369.74,346.95,321.99,294.8,265.32,233.5,199.27,162.58,123.37,81.579,37.158,-9.9549,-59.818,-112.49,-168.02,-226.48,-287.92,-352.4,-419.98,-490.7,-564.64,-641.85,-722.39,-806.31,-893.67,-984.53,-1079,-1177,-1278.7,-1384.1,-1493.4,-1606.4,-1723.4,-1844.4,-1969.3,-2098.4,-2231.5,-2368.9,-2510.5,-2656.4,-2806.7,-2961.4,-3120.6,-3284.3,-3452.7,-3625.6
7.7e-07,6.76e-07,406.14,363.32,323.44,286.39,252.08,220.41,191.29,164.62,140.3,118.24,98.343,80.511,64.649,50.66,38.448,27.916,18.969,11.511,5.444,0.67319,-2.898,-5.3658,-6.8264,-7.3761,-7.1109,-6.1273,-4.5213,-2.3893,0.17265,3.0683,6.2013,9.4756,12.795,16.063,19.184,22.061,24.598,26.699,28.268,29.208,29.424,28.818,27.296,24.76,21.114,16.263,10.11,2.5581,-6.4879,-17.125,-29.448,-43.555,-59.541,-77.503,-97.536,-119.74,-144.2,-171.03,-200.31,-232.15,-266.63,-303.86,-343.93,-386.94,-432.98,-482.16,-534.56,-590.28,-649.42,-712.08,-778.34,-848.32,-922.1,-999.77,-1081.4,-1167.2,-1257.2,-1351.4,-1450,-1553.1,-1660.8,-1773.1,-1890.2,-2012.2,-2139.1,-2271.1,-2408.3,-2550.6,-2698.4,-2851.5,-3010.2,-3174.6,-3344.6,-3520.5,-3702.3,-3890.1,-4084,-4284.2,-4490.6,-4703.5,-4922.8,-5148.8,-5381.4,-5620.8,-5867.1,-6120.4,-6380.7,-6648.3,-6923.1,-7205.2,-7494.8,-7792,-8096.8,-8409.4,-8729.8,-9058.2,-9394.6,-9739.1,-10092,-10453,-10822,-11200,-11587,-11982,-12387,-12800,-13222,-13653,-14093,-14543,-15002
7.59e-07,6.94e-07,527.11,475.76,427.69,382.8,340.98,302.15,266.19,233.02,202.52,174.61,149.18,126.14,105.38,86.803,70.314,55.81,43.193,32.363,23.222,15.669,9.6055,4.9321,1.5494,-0.64193,-1.7413,-1.8481,-1.0616,0.51883,2.7938,5.664,9.0301,12.793,16.853,21.11,25.466,29.821,34.076,38.132,41.888,45.246,48.107,50.371,51.938,52.709,52.586,51.468,49.256,45.852,41.155,35.066,27.486,18.315,7.4548,-5.1947,-19.733,-36.259,-54.872,-75.672,-98.757,-124.23,-152.18,-182.72,-215.95,-251.95,-290.84,-332.71,-377.66,-425.79,-477.2,-531.99,-590.25,-652.1,-717.62,-786.91,-860.09,-937.23,-1018.5,-1103.9,-1193.5,-1287.6,-1386.1,-1489.2,-1596.9,-1709.4,-1826.8,-1949.2,-2076.6,-2209.2,-2347.1,-2490.3,-2639,-2793.2,-2953.2,-3118.9,-3290.4,-3467.9,-3651.5,-3841.2,-4037.2,-4239.5,-4448.4,-4663.7,-4885.7,-5114.5,-5350.2,-5592.8,-5842.4,-6099.2,-6363.3,-6634.7,-6913.5,-7199.9,-7494,-7795.8,-8105.5,-8423.1,-8748.7,-9082.5,-9424.6,-9775,-10134,-10501,-10877,-11262,-11656,-12058,-12470,-12891,-13321,-13760,-14209
8.61e-07,6.63e-07,572.53,517.26,465.13,416.07,370.02,326.88,286.59,249.08,214.27,182.08,152.45,125.29,100.54,78.109,57.936,39.942,24.054,10.196,-1.7045,-11.723,-19.934,-26.412,-31.231,-34.465,-36.188,-36.475,-35.401,-33.04,-29.465,-24.752,-18.975,-12.207,-4.5246,3.9994,13.29,23.274,33.875,45.02,56.635,68.645,80.975,93.552,106.3,119.15,132.02,144.84,157.53,170.02,182.24,194.11,205.56,216.51,226.89,236.62,245.64,253.86,261.21,267.61,273,277.3,280.43,282.32,282.89,282.08,279.8,275.98,270.56,263.44,254.56,243.85,231.23,216.62,199.95,181.16,160.15,136.86,111.22,83.147,52.568,19.411,-16.4,-54.939,-96.28,-140.5,-187.67,-237.86,-291.15,-347.62,-407.33,-470.37,-536.81,-606.71,-680.16,-757.24,-838,-922.54,-1010.9,-1103.2,-1199.5,-1299.8,-1404.3,-1513.1,-1626,-1743.4,-1865.2,-1991.5,-2122.4,-2258,-2398.3,-2543.4,-2693.4,-2848.3,-3008.3,-3173.4,-3343.6,-3519.2,-3700,-3886.3,-4078,-4275.3,-4478.2,-4686.8,-4901.2,-5121.5,-5347.7,-5579.8,-5818.1,-6062.5,-6313.1,-6570,-6833.3
9.04e-07,6.63e-07,576.01,520.35,467.74,418.11,371.4,327.54,286.47,248.12,212.44,179.35,148.8,120.71,95.028,71.688,50.624,31.773,15.071,0.45333,-12.143,-22.783,-31.53,-38.448,-43.602,-47.055,-48.871,-49.114,-47.849,-45.139,-41.048,-35.64,-28.98,-21.132,-12.158,-2.1242,8.9065,20.87,33.702,47.338,61.715,76.769,92.435,108.65,125.35,142.47,159.94,177.71,195.71,213.87,232.14,250.43,268.71,286.88,304.91,322.71,340.23,357.41,374.17,390.46,406.2,421.34,435.82,449.56,462.51,474.6,485.76,495.94,505.07,513.08,519.9,525.49,529.77,532.68,534.15,534.12,532.52,529.3,524.39,517.72,509.23,498.86,486.54,472.21,455.8,437.25,416.5,393.48,368.13,340.38,310.18,277.45,242.13,204.16,163.47,120,73.69,24.47,-27.721,-82.948,-141.28,-202.77,-267.49,-335.5,-406.87,-481.65,-559.92,-641.74,-727.18,-816.29,-909.13,-1005.8,-1106.3,-1210.8,-1319.2,-1431.7,-1548.4,-1669.2,-1794.2,-1923.6,-2057.4,-2195.6,-2338.3,-2485.6,-2637.6,-2794.2,-2955.6,-3121.8,-3292.9,-3469,-3650.1,-3836.3,-4027.6
8.13e-07,6.33e-07,93.926,73.08,54.22,37.261,22.122,8.7178,-3.0339,-13.217,-21.914,-29.208,-35.184,-39.923,-43.51,-46.028,-47.56,-48.188,-47.998,-47.071,-45.491,-43.341,-40.705,-37.666,-34.307,-30.711,-26.962,-23.143,-19.337,-15.627,-12.098,-8.8312,-5.9109,-3.4202,-1.4423,-0.060577,0.64177,0.58144,-0.32483,-2.1603,-5.0083,-8.952,-14.075,-20.46,-28.191,-37.35,-48.022,-60.289,-74.235,-89.942,-107.5,-126.98,-148.47,-172.06,-197.82,-225.85,-256.23,-289.03,-324.34,-362.25,-402.83,-446.18,-492.37,-541.49,-593.62,-648.84,-707.24,-768.91,-833.91,-902.35,-974.29,-1049.8,-1129,-1212,-1298.8,-1389.6,-1484.3,-1583.2,-1686.2,-1793.5,-1905.1,-2021.2,-2141.8,-2266.9,-2396.8,-2531.4,-2670.8,-2815.2,-2964.6,-3119,-3278.7,-3443.6,-3613.8,-3789.5,-3970.7,-4157.5,-4349.9,-4548.1,-4752.2,-4962.1,-5178.1,-5400.2,-5628.5,-5863,-6103.8,-6351.1,-6604.9,-6865.3,-7132.3,-7406.2,-7686.8,-7974.4,-8269,-8570.7,-8879.5,-9195.6,-9519.1,-9850,-10188,-10534,-10888,-11249,-11619,-11996,-12381,-12774,-13176,-13585,-14003,-14430,-14865,-15308,-15761
7.86e-07,6.23e-07,-195.88,-195.66,-194.18,-191.52,-187.78,-183.04,-177.39,-170.91,-163.7,-155.85,-147.43,-138.54,-129.27,-119.7,-109.92,-100.02,-90.089,-80.212,-70.478,-60.975,-51.789,-43.01,-34.725,-27.021,-19.987,-13.71,-8.2782,-3.7793,-0.30107,2.0687,3.2421,3.1315,1.6489,-1.2933,-5.7829,-11.908,-19.756,-29.415,-40.973,-54.517,-70.135,-87.915,-107.95,-130.31,-155.11,-182.41,-212.32,-244.92,-280.29,-318.53,-359.72,-403.95,-451.31,-501.88,-555.76,-613.03,-673.78,-738.09,-806.06,-877.77,-953.31,-1032.8,-1116.2,-1203.8,-1295.5,-1391.5,-1491.9,-1596.7,-1706.1,-1820,-1938.7,-2062.2,-2190.5,-2323.9,-2462.2,-2605.8,-2754.5,-2908.6,-3068.1,-3233.1,-3403.7,-3580,-3762,-3949.9,-4143.7,-4343.5,-4549.5,-4761.6,-4980,-5204.8,-5436.1,-5674,-5918.4,-6169.6,-6427.6,-6692.5,-6964.4,-7243.4,-7529.6,-7823,-8123.7,-8431.9,-8747.6,-9070.9,-9401.9,-9740.7,-10087,-10442,-10805,-11175,-11554,-11942,-12337,-12742,-13154,-13576,-14006,-14445,-14893,-15350,-15816,-16291,-16775,-17269,-17773,-18285,-18808,-19340,-19882,-20434,-20996
8.18e-07,6.49e-07,321.85,284.66,250.06,217.96,188.28,160.95,135.86,112.94,92.114,73.287,56.378,41.305,27.983,16.33,6.2599,-2.3093,-9.4615,-15.281,-19.85,-23.254,-25.575,-26.898,-27.305,-26.882,-25.711,-23.876,-21.46,-18.548,-15.223,-11.569,-7.6692,-3.6072,0.53313,4.6681,8.7142,12.588,16.205,19.482,22.336,24.682,26.437,27.518,27.841,27.321,25.877,23.423,19.876,15.152,9.1686,1.8411,-6.9139,-17.18,-29.041,-42.58,-57.882,-75.029,-94.106,-115.2,-138.38,-163.75,-191.38,-221.36,-253.77,-288.7,-326.22,-366.43,-409.4,-455.22,-503.98,-555.75,-610.62,-668.68,-730.01,-794.68,-862.79,-934.43,-1009.7,-1088.6,-1171.3,-1257.8,-1348.3,-1442.8,-1541.4,-1644.2,-1751.3,-1862.7,-1978.5,-2098.9,-2223.9,-2353.6,-2488.1,-2627.4,-2771.6,-2920.9,-3075.3,-3234.9,-3399.7,-3569.9,-3745.6,-3926.8,-4113.6,-4306.1,-4504.3,-4708.5,-4918.5,-5134.6,-5356.8,-5585.3,-5819.9,-6061,-6308.5,-6562.5,-6823.2,-7090.5,-7364.6,-7645.6,-7933.6,-8228.5,-8530.6,-8839.9,-9156.5,-9480.4,-9811.8,-10151,-10497,-10852,-11214,-11583,-11961,-12347,-12741
7.92e-07,6.52e-07,246.62,215.01,185.85,159.05,134.53,112.18,91.934,73.685,57.348,42.834,30.053,18.915,9.3307,1.2094,-5.5383,-11.002,-15.272,-18.438,-20.589,-21.815,-22.207,-21.853,-20.845,-19.271,-17.221,-14.785,-12.053,-9.1152,-6.0606,-2.9793,0.038882,2.9042,5.5268,7.8169,9.6847,11.04,11.794,11.857,11.137,9.5468,6.9952,3.3928,-1.3502,-7.3237,-14.617,-23.321,-33.525,-45.318,-58.791,-74.033,-91.133,-110.18,-131.27,-154.49,-179.92,-207.67,-237.81,-270.43,-305.64,-343.51,-384.14,-427.62,-474.03,-523.47,-576.03,-631.79,-690.85,-753.29,-819.21,-888.69,-961.83,-1038.7,-1119.4,-1204.1,-1292.7,-1385.5,-1482.4,-1583.7,-1689.3,-1799.4,-1914,-2033.3,-2157.3,-2286.1,-2419.8,-2558.6,-2702.4,-2851.4,-3005.7,-3165.3,-3330.4,-3501,-3677.3,-3859.3,-4047.1,-4240.8,-4440.5,-4646.2,-4858.2,-5076.4,-5300.9,-5531.9,-5769.4,-6013.5,-6264.3,-6522,-6786.5,-7058,-7336.6,-7622.3,-7915.2,-8215.5,-8523.3,-8838.5,-9161.4,-9491.9,-9830.3,-10176,-10531,-10893,-11263,-11642,-12029,-12424,-12828,-13240,-13662,-14091,-14530,-14978,-15435
8.52e-07,6.85e-07,778.79,708.89,642.71,580.16,521.18,465.68,413.58,364.81,319.29,276.94,237.68,201.45,168.15,137.72,110.07,85.13,62.82,43.063,25.781,10.897,-1.6659,-11.986,-20.14,-26.206,-30.262,-32.384,-32.65,-31.137,-27.924,-23.087,-16.704,-8.8518,0.39139,10.948,22.742,35.694,49.728,64.766,80.73,97.544,115.13,133.41,152.31,171.74,191.64,211.92,232.51,253.33,274.3,295.35,316.39,337.36,358.16,378.73,398.99,418.86,438.26,457.12,475.35,492.89,509.64,525.55,540.52,554.48,567.35,579.06,589.53,598.68,606.44,612.71,617.44,620.54,621.93,621.54,619.29,615.09,608.89,600.59,590.11,577.39,562.34,544.89,524.96,502.47,477.35,449.51,418.88,385.39,348.94,309.48,266.91,221.17,172.17,119.84,64.099,4.8704,-57.923,-124.36,-194.52,-268.47,-346.3,-428.08,-513.89,-603.8,-697.9,-796.27,-898.97,-1006.1,-1117.7,-1233.9,-1354.7,-1480.3,-1610.7,-1745.9,-1886.1,-2031.3,-2181.7,-2337.2,-2498.1,-2664.2,-2835.8,-3012.9,-3195.6,-3383.9,-3577.9,-3777.8,-3983.6,-4195.3,-4413,-4636.9,-4867
9.31e-07,7.15e-07,960.4,877.46,798.51,723.49,652.33,584.98,521.37,461.46,405.18,352.46,303.26,257.51,215.16,176.14,140.4,107.88,78.513,52.247,29.022,8.7783,-8.5425,-23,-34.652,-43.559,-49.778,-53.37,-54.393,-52.906,-48.968,-42.638,-33.975,-23.038,-9.8858,5.4227,22.828,42.272,63.695,87.039,112.24,139.25,168,198.44,230.5,264.13,299.26,335.84,373.82,413.12,453.7,495.49,538.43,582.47,627.54,673.59,720.56,768.38,817.01,866.38,916.43,967.1,1018.3,1070.1,1122.3,1174.9,1227.8,1280.9,1334.3,1387.9,1441.5,1495.1,1548.8,1602.3,1655.7,1709,1761.9,1814.5,1866.8,1918.6,1969.9,2020.6,2070.8,2120.3,2169,2216.9,2264,2310.2,2355.4,2399.6,2442.7,2484.6,2525.4,2564.9,2603,2639.8,2675.2,2709,2741.3,2771.9,2800.9,2828.2,2853.6,2877.3,2898.9,2918.7,2936.4,2952,2965.4,2976.7,2985.7,2992.3,2996.6,2998.4,2997.7,2994.5,2988.7,2980.1,2968.9,2954.8,2937.9,2918,2895.2,2869.4,2840.5,2808.4,2773.1,2734.5,2692.6,2647.4,2598.7,2546.4,2490.7
8.76e-07,7.13e-07,1014.3,927.63,845.25,767.06,693,622.98,556.94,494.81,436.51,381.97,331.12,283.88,240.19,199.98,163.16,129.68,99.448,72.402,48.469,27.577,9.6525,-5.3754,-17.579,-27.031,-33.802,-37.966,-39.594,-38.758,-35.53,-29.982,-22.187,-12.216,-0.14208,13.964,30.029,47.981,67.748,89.259,112.44,137.22,163.53,191.29,220.44,250.89,282.59,315.45,349.4,384.38,420.31,457.12,494.73,533.08,572.09,611.69,651.8,692.37,733.3,774.54,816.01,857.64,899.35,941.08,982.74,1024.3,1065.6,1106.7,1147.4,1187.7,1227.5,1266.7,1305.3,1343.2,1380.3,1416.6,1451.9,1486.3,1519.6,1551.7,1582.6,1612.3,1640.6,1667.4,1692.8,1716.6,1738.7,1759.1,1777.8,1794.6,1809.4,1822.2,1833,1841.6,1848,1852.1,1853.9,1853.2,1850,1844.2,1835.7,1824.6,1810.6,1793.8,1774,1751.2,1725.3,1696.3,1664,1628.5,1589.5,1547.2,1501.3,1451.8,1398.6,1341.7,1281,1216.5,1147.9,1075.4,998.77,917.96,832.92,743.56,649.83,551.64,448.92,341.6,229.61,112.88,-8.6661,-135.1,-266.49
7.71e-07,6.66e-07,295.58,260.67,228.39,198.65,171.35,146.4,123.7,103.16,84.672,68.153,53.504,40.63,29.434,19.823,11.7,4.9695,-0.46317,-4.6936,-7.8172,-9.9294,-11.125,-11.501,-11.151,-10.171,-8.6569,-6.7035,-4.4062,-1.8606,0.83797,3.5942,6.3126,8.898,11.255,13.288,14.901,16,16.489,16.272,15.255,13.341,10.436,6.4439,1.2693,-5.183,-13.008,-22.302,-33.16,-45.677,-59.949,-76.07,-94.138,-114.25,-136.49,-160.97,-187.77,-216.99,-248.74,-283.09,-320.16,-360.02,-402.79,-448.55,-497.4,-549.44,-604.76,-663.45,-725.62,-791.35,-860.75,-933.9,-1010.9,-1091.9,-1176.9,-1266,-1359.4,-1457.1,-1559.2,-1665.8,-1777.1,-1893.1,-2013.9,-2139.5,-2270.2,-2406,-2547,-2693.2,-2844.8,-3001.9,-3164.6,-3333,-3507.1,-3687,-3872.9,-4064.9,-4263,-4467.3,-4677.9,-4895,-5118.7,-5348.9,-5585.8,-5829.6,-6080.3,-6337.9,-6602.7,-6874.7,-7153.9,-7440.5,-7734.6,-8036.3,-8345.6,-8662.7,-8987.7,-9320.6,-9661.6,-10011,-10368,-10734,-11108,-11491,-11882,-12282,-12691,-13108,-13535,-13971,-14416,-14870,-15334,-15807,-16290
8.28e-07,6.44e-07,292.14,257.01,224.36,194.12,166.19,140.5,116.98,95.526,76.074,58.537,42.835,28.888,16.614,5.9324,-3.2377,-10.977,-17.367,-22.488,-26.422,-29.248,-31.049,-31.904,-31.895,-31.103,-29.609,-27.493,-24.836,-21.72,-18.225,-14.433,-10.423,-6.2776,-2.077,2.0978,6.1658,10.046,13.658,16.92,19.752,22.073,23.801,24.857,25.158,24.624,23.175,20.729,17.205,12.522,6.6003,-0.64209,-9.2858,-19.412,-31.101,-44.434,-59.492,-76.356,-95.107,-115.83,-138.59,-163.49,-190.6,-219.99,-251.76,-285.99,-322.75,-362.12,-404.19,-449.03,-496.74,-547.38,-601.04,-657.8,-717.74,-780.95,-847.5,-917.47,-990.95,-1068,-1148.7,-1233.2,-1321.5,-1413.7,-1509.9,-1610.2,-1714.7,-1823.3,-1936.3,-2053.7,-2175.5,-2301.9,-2433,-2568.7,-2709.3,-2854.7,-3005.1,-3160.6,-3321.2,-3486.9,-3658,-3834.4,-4016.3,-4203.7,-4396.7,-4595.4,-4799.8,-5010.2,-5226.4,-5448.7,-5677,-5911.6,-6152.4,-6399.5,-6653,-6913.1,-7179.7,-7453,-7733,-8019.9,-8313.6,-8614.3,-8922.1,-9237.1,-9559.3,-9888.7,-10226,-10570,-10922,-11281,-11649,-12024,-12407
7.61e-07,6.96e-07,561.47,507.64,457.17,409.98,365.94,324.98,286.99,251.86,219.51,189.82,162.71,138.07,115.81,95.825,78.015,62.282,48.528,36.653,26.559,18.146,11.316,5.97,2.0082,-0.6681,-2.1578,-2.56,-1.9735,-0.49758,1.7689,4.727,8.2776,12.322,16.76,21.495,26.425,31.454,36.481,41.407,46.134,50.562,54.593,58.128,61.067,63.311,64.762,65.321,64.888,63.365,60.652,56.651,51.262,44.386,35.925,25.78,13.851,0.039962,-15.753,-33.626,-53.679,-76.01,-100.72,-127.9,-157.67,-190.1,-225.31,-263.39,-304.44,-348.57,-395.86,-446.42,-500.35,-557.75,-618.71,-683.33,-751.72,-823.97,-900.19,-980.46,-1064.9,-1153.6,-1246.6,-1344.1,-1446.2,-1552.9,-1664.4,-1780.7,-1902,-2028.3,-2159.8,-2296.5,-2438.6,-2586.1,-2739.2,-2897.9,-3062.3,-3232.6,-3408.8,-3591.1,-3779.5,-3974.2,-4175.2,-4382.6,-4596.6,-4817.2,-5044.5,-5278.7,-5519.8,-5767.9,-6023.1,-6285.6,-6555.4,-6832.7,-7117.4,-7409.8,-7709.9,-8017.9,-8333.7,-8657.6,-8989.6,-9329.8,-9678.3,-10035,-10401,-10775,-11158,-11549,-11950,-12359,-12778,-13206,-13643
8.5e-07,6.96e-07,873.85,797.21,724.55,655.77,590.81,529.58,472.01,418.02,367.52,320.45,276.72,236.25,198.97,164.81,133.67,105.48,80.167,57.65,37.851,20.691,6.0931,-6.0222,-15.733,-23.116,-28.251,-31.216,-32.089,-30.948,-27.871,-22.937,-16.223,-7.808,2.2298,13.812,26.861,41.299,57.046,74.026,92.159,111.37,131.57,152.7,174.67,197.39,220.81,244.83,269.38,294.37,319.74,345.41,371.29,397.3,423.38,449.43,475.39,501.17,526.7,551.9,576.69,600.99,624.72,647.81,670.17,691.73,712.42,732.14,750.83,768.41,784.79,799.91,813.67,826.01,836.85,846.1,853.69,859.54,863.57,865.7,865.87,863.98,859.95,853.73,845.21,834.33,821,805.16,786.71,765.59,741.71,714.99,685.37,652.75,617.06,578.23,536.17,490.81,442.06,389.86,334.12,274.76,211.71,144.88,74.209,-0.39614,-79.008,-161.71,-248.57,-339.67,-435.09,-534.91,-639.21,-748.06,-861.55,-979.74,-1102.7,-1230.6,-1363.4,-1501.2,-1644.1,-1792.2,-1945.6,-2104.3,-2268.4,-2438,-2613.2,-2794,-2980.6,-3172.9,-3371.2,-3575.4,-3785.6
8.36e-07,6.94e-07,838.8,764.7,694.52,628.16,565.56,506.63,451.28,399.44,351.03,305.96,264.14,225.51,189.98,157.46,127.88,101.15,77.196,55.93,37.273,21.143,7.4584,-3.8618,-12.899,-19.736,-24.453,-27.133,-27.856,-26.704,-23.759,-19.103,-12.816,-4.981,4.321,15.008,26.999,40.213,54.567,69.98,86.371,103.66,121.76,140.59,160.08,180.13,200.68,221.63,242.9,264.42,286.1,307.86,329.62,351.3,372.81,394.08,415.02,435.55,455.59,475.05,493.87,511.95,529.21,545.57,560.96,575.28,588.46,600.41,611.06,620.32,628.11,634.35,638.96,641.85,642.95,642.17,639.44,634.66,627.76,618.66,607.27,593.51,577.31,558.58,537.24,513.2,486.39,456.73,424.12,388.5,349.78,307.87,262.71,214.19,162.25,106.8,47.764,-14.946,-81.409,-151.71,-225.92,-304.13,-386.42,-472.88,-563.57,-658.59,-758.01,-861.92,-970.4,-1083.5,-1201.4,-1324.1,-1451.6,-1584.2,-1721.8,-1864.5,-2012.5,-2165.8,-2324.4,-2488.5,-2658.2,-2833.5,-3014.5,-3201.3,-3394,-3592.6,-3797.2,-4008,-4225,-4448.3,-4677.9,-4914,-5156.6
9.49e-07,6.94e-07,774.7,704.85,638.47,575.49,515.86,459.52,406.42,356.5,309.71,266,225.31,187.59,152.78,120.83,91.675,65.273,41.565,20.496,2.0117,-13.942,-27.419,-38.476,-47.165,-53.542,-57.661,-59.576,-59.343,-57.015,-52.648,-46.295,-38.011,-27.851,-15.869,-2.1198,13.342,30.463,49.187,69.461,91.229,114.44,139.03,164.96,192.16,220.59,250.18,280.88,312.65,345.42,379.14,413.75,449.21,485.45,522.42,560.07,598.34,637.18,676.54,716.35,756.57,797.14,838,879.11,920.4,961.82,1003.3,1044.9,1086.3,1127.8,1169,1210.1,1250.9,1291.4,1331.6,1371.3,1410.6,1449.4,1487.6,1525.1,1562,1598.1,1633.4,1667.9,1701.5,1734.1,1765.7,1796.3,1825.7,1853.9,1881,1906.7,1931.1,1954.1,1975.6,1995.7,2014.1,2031,2046.2,2059.7,2071.4,2081.3,2089.3,2095.4,2099.4,2101.4,2101.4,2099.1,2094.7,2087.9,2078.9,2067.5,2053.6,2037.3,2018.4,1997,1972.9,1946,1916.5,1884.1,1848.8,1810.7,1769.5,1725.4,1678.1,1627.7,1574.1,1517.3,1457.2,1393.7,1326.8,1256.4,1182.5
9.12e-07,6.31e-07,222.63,192.07,163.59,137.13,112.64,90.046,69.295,50.327,33.081,17.498,3.5173,-8.9201,-19.874,-29.405,-37.572,-44.436,-50.055,-54.49,-57.801,-60.048,-61.29,-61.587,-60.998,-59.585,-57.406,-54.522,-50.991,-46.875,-42.233,-37.124,-31.608,-25.746,-19.597,-13.221,-6.6775,-0.026522,6.6722,13.359,19.973,26.456,32.747,38.787,44.516,49.874,54.8,59.237,63.122,66.398,69.003,70.879,71.964,72.2,71.527,69.885,67.214,63.454,58.545,52.428,45.043,36.33,26.229,14.68,1.6236,-13,-29.251,-47.188,-66.872,-88.363,-111.72,-137,-164.27,-193.59,-225.01,-258.6,-294.41,-332.5,-372.94,-415.79,-461.1,-508.94,-559.35,-612.42,-668.18,-726.71,-788.07,-852.3,-919.48,-989.67,-1062.9,-1139.3,-1218.8,-1301.6,-1387.7,-1477.2,-1570,-1666.4,-1766.3,-1869.8,-1977,-2087.8,-2202.5,-2321,-2443.4,-2569.8,-2700.2,-2834.6,-2973.2,-3116,-3263.1,-3414.5,-3570.2,-3730.4,-3895.1,-4064.4,-4238.2,-4416.8,-4600,-4788.1,-4981.1,-5178.9,-5381.8,-5589.6,-5802.6,-6020.7,-6244,-6472.6,-6706.6,-6945.9,-7190.7,-7441,-7696.9
8.47e-07,6.88e-07,800.6,729.17,661.53,597.59,537.28,480.52,427.23,377.33,330.74,287.39,247.19,210.07,175.95,144.74,116.38,90.771,67.849,47.53,29.737,14.39,1.4104,-9.2804,-17.761,-24.11,-28.407,-30.73,-31.158,-29.77,-26.644,-21.859,-15.494,-7.6279,1.661,12.294,24.192,37.276,51.468,66.689,82.86,99.903,117.74,136.29,155.47,175.21,195.43,216.05,236.99,258.17,279.51,300.93,322.36,343.72,364.93,385.9,406.57,426.84,446.65,465.92,484.56,502.49,519.65,535.94,551.29,565.62,578.86,590.92,601.73,611.2,619.27,625.84,630.84,634.19,635.82,635.64,633.57,629.54,623.47,615.28,604.89,592.22,577.2,559.74,539.76,517.19,491.95,463.96,433.14,399.41,362.7,322.92,279.99,233.84,184.39,131.56,75.268,15.439,-48.007,-115.15,-186.06,-260.83,-339.53,-422.24,-509.04,-600.01,-695.23,-794.77,-898.71,-1007.1,-1120.1,-1237.8,-1360.1,-1487.3,-1619.3,-1756.3,-1898.3,-2045.4,-2197.7,-2355.3,-2518.2,-2686.6,-2860.5,-3039.9,-3225.1,-3415.9,-3612.6,-3815.2,-4023.8,-4238.4,-4459.2,-4686.1,-4919.4
9.28e-07,6.66e-07,579.03,523.1,470.16,420.15,373.03,328.72,287.16,248.31,212.11,178.48,147.39,118.76,92.536,68.666,47.087,27.742,10.571,-4.4826,-17.478,-28.475,-37.53,-44.703,-50.051,-53.634,-55.509,-55.736,-54.373,-51.477,-47.109,-41.325,-34.185,-25.747,-16.07,-5.2114,6.7695,19.815,33.865,48.863,64.75,81.466,98.955,117.16,136.01,155.47,175.46,195.93,216.82,238.07,259.63,281.43,303.42,325.54,347.73,369.93,392.08,414.13,436.02,457.68,479.06,500.11,520.75,540.94,560.61,579.72,598.19,615.97,633,649.22,664.58,679.02,692.47,704.88,716.2,726.35,735.29,742.96,749.29,754.23,757.72,759.7,760.12,758.91,756.01,751.38,744.94,736.64,726.43,714.24,700.01,683.7,665.23,644.54,621.6,596.32,568.66,538.55,505.95,470.78,432.99,392.52,349.32,303.33,254.48,202.71,147.98,90.222,29.375,-34.618,-101.82,-172.27,-246.06,-323.22,-403.81,-487.91,-575.56,-666.82,-761.75,-860.42,-962.87,-1069.2,-1179.4,-1293.5,-1411.7,-1534,-1660.4,-1791,-1925.9,-2065.1,-2208.6,-2356.6,-2509.1
7.78e-07,6.42e-07,30.641,14.66,0.5793,-11.693,-22.248,-31.178,-38.576,-44.532,-49.139,-52.488,-54.672,-55.781,-55.909,-55.146,-53.584,-51.316,-48.434,-45.028,-41.191,-37.014,-32.59,-28.01,-23.367,-18.751,-14.255,-9.9701,-5.9888,-2.4028,0.69631,3.2166,5.0662,6.1535,6.3864,5.6733,3.9223,1.0415,-3.0608,-8.4764,-15.297,-23.615,-33.522,-45.109,-58.469,-73.693,-90.873,-110.1,-131.47,-155.07,-180.99,-209.33,-240.17,-273.62,-309.75,-348.67,-390.46,-435.22,-483.03,-534,-588.2,-645.74,-706.71,-771.19,-839.28,-911.07,-986.65,-1066.1,-1149.6,-1237.1,-1328.8,-1424.7,-1524.9,-1629.6,-1738.9,-1852.7,-1971.3,-2094.6,-2222.9,-2356.1,-2494.5,-2637.9,-2786.7,-2940.8,-3100.4,-3265.4,-3436.2,-3612.6,-3794.8,-3983,-4177.1,-4377.4,-4583.8,-4796.5,-5015.5,-5241,-5473.1,-5711.8,-5957.2,-6209.5,-6468.6,-6734.8,-7008,-7288.5,-7576.2,-7871.3,-8173.9,-8484,-8801.8,-9127.4,-9460.7,-9802,-10151,-10509,-10874,-11248,-11630,-12021,-12421,-12828,-13245,-13671,-14105,-14549,-15001,-15463,-15935,-16415,-16905,-17405,-17914,-18433,-18962
8.28e-07,6.3e-07,108.65,86.642,66.62,48.505,32.217,17.678,4.8071,-6.4746,-16.247,-24.589,-31.581,-37.301,-41.83,-45.248,-47.633,-49.065,-49.623,-49.388,-48.439,-46.854,-44.715,-42.1,-39.088,-35.76,-32.195,-28.472,-24.671,-20.872,-17.153,-13.595,-10.277,-7.2789,-4.6795,-2.5587,-0.99603,-0.07098,0.13691,-0.4519,-1.9169,-4.3377,-7.7937,-12.365,-18.13,-25.169,-33.561,-43.386,-54.724,-67.654,-82.255,-98.607,-116.79,-136.88,-158.96,-183.12,-209.42,-237.94,-268.78,-302,-337.69,-375.93,-416.79,-460.36,-506.71,-555.93,-608.09,-663.27,-721.56,-783.03,-847.76,-915.83,-987.32,-1062.3,-1140.9,-1223.1,-1309.1,-1398.9,-1492.6,-1590.2,-1692,-1797.8,-1907.9,-2022.3,-2141,-2264.2,-2392,-2524.3,-2661.4,-2803.2,-2949.9,-3101.5,-3258.1,-3419.8,-3586.7,-3758.8,-3936.2,-4119.1,-4307.5,-4501.4,-4701,-4906.3,-5117.4,-5334.4,-5557.3,-5786.3,-6021.4,-6262.8,-6510.4,-6764.4,-7024.8,-7291.7,-7565.3,-7845.5,-8132.5,-8426.3,-8727.1,-9034.8,-9349.6,-9671.6,-10001,-10337,-10681,-11033,-11392,-11758,-12133,-12515,-12905,-13303,-13709,-14123,-14545
9.35e-07,7.02e-07,862.78,786.74,714.42,645.76,580.71,519.2,461.19,406.6,355.39,307.49,262.86,221.42,183.12,147.91,115.72,86.503,60.195,36.739,16.078,-1.8466,-17.093,-29.718,-39.78,-47.337,-52.448,-55.169,-55.558,-53.675,-49.576,-43.319,-34.963,-24.565,-12.183,2.1253,18.301,36.288,56.026,77.459,100.53,125.18,151.35,178.98,208.01,238.4,270.07,302.97,337.05,372.24,408.49,445.74,483.93,523.01,562.91,603.58,644.96,686.99,729.61,772.77,816.42,860.48,904.9,949.63,994.6,1039.8,1085.1,1130.4,1175.8,1221.2,1266.4,1311.5,1356.3,1400.9,1445.2,1489.1,1532.5,1575.4,1617.8,1659.5,1700.5,1740.9,1780.4,1819,1856.8,1893.6,1929.3,1964,1997.6,2029.9,2061,2090.7,2119.1,2146,2171.5,2195.4,2217.7,2238.4,2257.3,2274.4,2289.7,2303.1,2314.6,2324,2331.4,2336.7,2339.7,2340.5,2339.1,2335.2,2329,2320.2,2309,2295.1,2278.6,2259.4,2237.4,2212.7,2185,2154.4,2120.8,2084.1,2044.3,2001.4,1955.2,1905.8,1853,1796.8,1737.2,1674,1607.2,1536.9,1462.8
9.33e-07,6.38e-07,285.84,250.71,217.78,187,158.3,131.64,106.95,84.195,63.303,44.223,26.9,11.279,-2.6975,-15.083,-25.934,-35.306,-43.254,-49.834,-55.102,-59.111,-61.92,-63.581,-64.153,-63.689,-62.245,-59.877,-56.64,-52.59,-47.782,-42.272,-36.115,-29.367,-22.083,-14.319,-6.13,2.4282,11.3,20.43,29.763,39.244,48.816,58.424,68.013,77.527,86.911,96.11,105.07,113.73,122.04,129.94,137.37,144.29,150.64,156.35,161.38,165.67,169.16,171.8,173.54,174.31,174.06,172.74,170.29,166.65,161.78,155.61,148.09,139.16,128.77,116.86,103.38,88.265,71.47,52.936,32.607,10.426,-13.66,-39.708,-67.773,-97.911,-130.18,-164.63,-201.32,-240.3,-281.63,-325.37,-371.57,-420.29,-471.58,-525.5,-582.1,-641.44,-703.57,-768.55,-836.44,-907.29,-981.15,-1058.1,-1138.2,-1221.4,-1307.9,-1397.7,-1490.8,-1587.3,-1687.3,-1790.8,-1897.9,-2008.6,-2123,-2241.1,-2363,-2488.8,-2618.5,-2752.1,-2889.8,-3031.5,-3177.3,-3327.3,-3481.6,-3640.1,-3803.1,-3970.4,-4142.1,-4318.4,-4499.3,-4684.7,-4874.9,-5069.8,-5269.5,-5474,-5683.4
