8.34e-07,6.37e-07,-11320,-10607,-9934.7,-9301.4,-8704.7,-8142.8,-7613.7,-7115.7,-6647,-6206.1,-5791.4,-5401.6,-5035.1,-4690.8,-4367.4,-4063.8,-3778.7,-3511.2,-3260.4,-3025.1,-2804.7,-2598.1,-2404.6,-2223.5,-2054.1,-1895.6,-1747.4,-1608.9,-1479.6,-1358.9,-1246.3,-1141.2,-1043.4,-952.21,-867.37,-788.46,-715.14,-647.06,-583.9,-525.36,-471.18,-421.08,-374.82,-332.18,-292.94,-256.9,-223.88,-193.7,-166.21,-141.26,-118.72,-98.459,-80.364,-64.331,-50.266,-38.082,-27.704,-19.061,-12.094,-6.7469,-2.9746,-0.73682,-0,-0.73682,-2.9257,-6.5507,-11.601,-18.071,-25.96,-35.271,-46.012,-58.196,-71.838,-86.958,-103.58,-121.73,-141.43,-162.73,-185.65,-210.24,-236.53,-264.57,-294.4,-326.08,-359.65,-395.16,-432.66,-472.22,-513.89,-557.72,-603.79,-652.14,-702.84,-755.95,-811.55,-869.69,-930.44,-993.87,-1060,-1129,-1200.9,-1275.8,-1353.6,-1434.6,-1518.7,-1606.1,-1696.8,-1790.8,-1888.4,-1989.4,-2094.1,-2202.5,-2314.6,-2430.5,-2550.3,-2674.1,-2802,-2934,-3070.1,-3210.6,-3355.4,-3504.5,-3658.2,-3816.4,-3979.3,-4146.8,-4319.1,-4496.3,-4678.4,-4865.4,-5057.5,-5254.7,-5457.1,-5664.7,-5877.7,-6096,-6319.8,-6549.1,-6783.9,-7024.4,-7270.6,-7522.6,-7780.4,-8044,-8313.7,-8589.3,-8870.9,-9158.7,-9452.7,-9752.9,-10059,-10372,-10691,-11017,-11349,-11688,-12033,-12385,-12743,-13108,-13480,-13859,-14245,-14637,-15037,-15443,-15856,-16277,-16704,-17139,-17580
9.3e-07,6.51e-07,-12577,-11772,-11012,-10296,-9621.1,-8985,-8386,-7821.9,-7291,-6791.5,-6321.8,-5880.2,-5465.3,-5075.6,-4709.9,-4366.7,-4044.9,-3743.3,-3460.9,-3196.4,-2949.1,-2717.8,-2501.8,-2300.1,-2111.9,-1936.5,-1773.2,-1621.2,-1479.8,-1348.5,-1226.7,-1113.8,-1009.2,-912.54,-823.21,-740.81,-664.89,-595.06,-530.92,-472.12,-418.3,-369.15,-324.36,-283.63,-246.69,-213.28,-183.17,-156.12,-131.92,-110.37,-91.271,-74.458,-59.761,-47.026,-36.109,-26.875,-19.2,-12.969,-8.0738,-4.4165,-1.906,-0.45921,-0,-0.45921,-1.7742,-3.8887,-6.7522,-10.32,-14.553,-19.417,-24.884,-30.928,-37.53,-44.674,-52.349,-60.548,-69.267,-78.505,-88.266,-98.556,-109.39,-120.77,-132.71,-145.24,-158.38,-172.14,-186.56,-201.66,-217.46,-234.01,-251.33,-269.46,-288.44,-308.3,-329.08,-350.83,-373.59,-397.39,-422.3,-448.34,-475.58,-504.05,-533.81,-564.9,-597.38,-631.3,-666.71,-703.67,-742.22,-782.42,-824.33,-868,-913.49,-960.85,-1010.1,-1061.4,-1114.7,-1170.1,-1227.7,-1287.5,-1349.6,-1413.9,-1480.7,-1550,-1621.7,-1696,-1772.9,-1852.5,-1934.8,-2019.9,-2107.9,-2198.8,-2292.6,-2389.5,-2489.5,-2592.5,-2698.8,-2808.4,-2921.2,-3037.5,-3157.1,-3280.2,-3406.8,-3537.1,-3671,-3808.5,-3949.8,-4094.9,-4243.9,-4396.8,-4553.6,-4714.5,-4879.4,-5048.4,-5221.5,-5398.9,-5580.6,-5766.5,-5956.8,-6151.5,-6350.7,-6554.3,-6762.5,-6975.3,-7192.7,-7414.8,-7641.6,-7873.2,-8109.5,-8350.7,-8596.8
9.39e-07,6.73e-07,-11832,-11046,-10306,-9609.3,-8953.8,-8337.1,-7757.3,-7212.4,-6700.5,-6219.9,-5768.9,-5345.9,-4949.4,-4578,-4230.2,-3904.9,-3600.7,-3316.4,-3051.1,-2803.5,-2572.8,-2357.9,-2157.9,-1972,-1799.3,-1639.1,-1490.6,-1353.2,-1226.1,-1108.8,-1000.5,-900.86,-809.2,-725.04,-647.89,-577.31,-512.84,-454.08,-400.63,-352.13,-308.23,-268.59,-232.9,-200.88,-172.23,-146.7,-124.05,-104.03,-86.434,-71.053,-57.696,-46.181,-36.339,-28.011,-21.052,-15.322,-10.694,-7.0489,-4.2769,-2.276,-0.95248,-0.22012,-0,-0.22012,-0.81512,-1.726,-2.8996,-4.2889,-5.8521,-7.5526,-9.3591,-11.245,-13.188,-15.17,-17.178,-19.202,-21.237,-23.28,-25.332,-27.398,-29.485,-31.605,-33.769,-35.996,-38.302,-40.711,-43.243,-45.927,-48.789,-51.859,-55.168,-58.751,-62.643,-66.88,-71.5,-76.544,-82.053,-88.069,-94.636,-101.8,-109.6,-118.1,-127.33,-137.34,-148.19,-159.93,-172.6,-186.27,-200.97,-216.77,-233.72,-251.87,-271.29,-292.01,-314.1,-337.62,-362.62,-389.16,-417.3,-447.08,-478.58,-511.84,-546.93,-583.9,-622.81,-663.72,-706.68,-751.76,-799.02,-848.5,-900.27,-954.39,-1010.9,-1069.9,-1131.4,-1195.5,-1262.2,-1331.6,-1403.7,-1478.7,-1556.5,-1637.2,-1720.9,-1807.7,-1897.5,-1990.5,-2086.6,-2186,-2288.7,-2394.8,-2504.2,-2617.1,-2733.6,-2853.6,-2977.2,-3104.5,-3235.5,-3370.3,-3508.9,-3651.3,-3797.7,-3948.1,-4102.4,-4260.9,-4423.4,-4590.1,-4761,-4936.1,-5115.5,-5299.3,-5487.4
8.48e-07,6.37e-07,-11503,-10776,-10091,-9445.4,-8837.3,-8264.4,-7725,-7217.3,-6739.5,-6290,-5867.2,-5469.8,-5096.2,-4745.3,-4415.6,-4106.2,-3815.7,-3543.3,-3287.8,-3048.3,-2823.9,-2613.7,-2417,-2232.9,-2060.7,-1899.8,-1749.4,-1609,-1478,-1355.8,-1241.8,-1135.7,-1036.9,-944.99,-859.55,-780.19,-706.55,-638.27,-575.03,-516.53,-462.46,-412.56,-366.59,-324.29,-285.45,-249.86,-217.32,-187.67,-160.72,-136.32,-114.34,-94.634,-77.085,-61.581,-48.019,-36.305,-26.357,-18.097,-11.458,-6.3788,-2.806,-0.69305,-0,-0.69305,-2.7443,-6.1316,-10.838,-16.852,-24.167,-32.78,-42.693,-53.914,-66.452,-80.323,-95.542,-112.13,-130.12,-149.53,-170.39,-192.74,-216.61,-242.05,-269.09,-297.77,-328.14,-360.25,-394.15,-429.89,-467.52,-507.09,-548.66,-592.29,-638.04,-685.97,-736.13,-788.59,-843.41,-900.65,-960.39,-1022.7,-1087.6,-1155.2,-1225.6,-1298.7,-1374.8,-1453.8,-1535.9,-1621.1,-1709.4,-1801,-1895.9,-1994.2,-2095.9,-2201.1,-2310,-2422.5,-2538.7,-2658.8,-2782.7,-2910.6,-3042.5,-3178.4,-3318.6,-3463,-3611.6,-3764.7,-3922.1,-4084.1,-4250.6,-4421.8,-4597.7,-4778.4,-4963.9,-5154.3,-5349.7,-5550.2,-5755.7,-5966.4,-6182.3,-6403.5,-6630.1,-6862,-7099.5,-7342.4,-7591,-7845.2,-8105.1,-8370.8,-8642.3,-8919.7,-9203,-9492.2,-9787.5,-10089,-10396,-10710,-11030,-11356,-11689,-12028,-12373,-12725,-13083,-13448,-13819,-14197,-14582,-14973,-15371,-15776,-16188
8.48e-07,6.8e-07,-9216.5,-8564.5,-7953,-7379.6,-6842.3,-6339.1,-5868,-5427.3,-5015.2,-4630.1,-4270.6,-3935,-3622.1,-3330.5,-3059,-2806.4,-2571.6,-2353.4,-2151,-1963.4,-1789.6,-1628.7,-1480.1,-1342.9,-1216.3,-1099.8,-992.6,-894.14,-803.81,-721.09,-645.43,-576.36,-513.41,-456.13,-404.12,-356.99,-314.37,-275.91,-241.29,-210.21,-182.38,-157.53,-135.41,-115.78,-98.424,-83.139,-69.733,-58.027,-47.856,-39.069,-31.522,-25.086,-19.642,-15.08,-11.299,-8.2089,-5.7271,-3.7796,-2.3004,-1.2308,-0.5195,-0.12192,-0,-0.12192,-0.46174,-0.99919,-1.7193,-2.6124,-3.6733,-4.9019,-6.3021,-7.8824,-9.6548,-11.636,-13.844,-16.304,-19.041,-22.085,-25.468,-29.225,-33.394,-38.016,-43.132,-48.789,-55.032,-61.912,-69.478,-77.784,-86.884,-96.835,-107.69,-119.52,-132.37,-146.31,-161.4,-177.7,-195.29,-214.22,-234.56,-256.38,-279.75,-304.73,-331.4,-359.83,-390.08,-422.23,-456.35,-492.52,-530.79,-571.25,-613.97,-659.02,-706.47,-756.41,-808.89,-864,-921.81,-982.4,-1045.8,-1112.2,-1181.5,-1253.9,-1329.5,-1408.2,-1490.3,-1575.7,-1664.5,-1756.8,-1852.7,-1952.3,-2055.5,-2162.6,-2273.5,-2388.3,-2507.2,-2630.1,-2757.1,-2888.3,-3023.8,-3163.7,-3307.9,-3456.6,-3609.9,-3767.7,-3930.2,-4097.4,-4269.5,-4446.3,-4628.1,-4814.9,-5006.7,-5203.6,-5405.6,-5612.9,-5825.4,-6043.3,-6266.5,-6495.1,-6729.3,-6969,-7214.3,-7465.2,-7721.8,-7984.2,-8252.4,-8526.4,-8806.3,-9092.1,-9384,-9681.8,-9985.7
8.18e-07,6.47e-07,-10544,-9864.7,-9225.7,-8624.4,-8058.7,-7526.7,-7026.5,-6556.4,-6114.7,-5699.7,-5310.1,-4944.4,-4601.3,-4279.4,-3977.6,-3694.7,-3429.6,-3181.4,-2949,-2731.5,-2528.1,-2337.9,-2160.1,-1994.1,-1839,-1694.3,-1559.3,-1433.4,-1316.1,-1206.8,-1105.1,-1010.5,-922.52,-840.76,-764.83,-694.37,-629.04,-568.5,-512.46,-460.63,-412.75,-368.55,-327.82,-290.34,-255.89,-224.31,-195.4,-169.02,-145.01,-123.24,-103.58,-85.916,-70.145,-56.173,-43.913,-33.289,-24.235,-16.688,-10.598,-5.9192,-2.6131,-0.64846,-0,-0.64846,-2.5803,-5.7872,-10.266,-16.02,-23.053,-31.379,-41.011,-51.969,-64.276,-77.959,-93.047,-109.57,-127.58,-147.09,-168.16,-190.84,-215.16,-241.18,-268.95,-298.52,-329.95,-363.3,-398.62,-435.97,-475.43,-517.05,-560.9,-607.04,-655.54,-706.47,-759.91,-815.91,-874.56,-935.92,-1000.1,-1067.1,-1137,-1210,-1286,-1365.2,-1447.7,-1533.5,-1622.6,-1715.2,-1811.4,-1911.2,-2014.7,-2121.9,-2233.1,-2348.1,-2467.2,-2590.3,-2717.6,-2849.2,-2985,-3125.3,-3270,-3419.3,-3573.2,-3731.8,-3895.1,-4063.4,-4236.5,-4414.6,-4597.8,-4786.1,-4979.6,-5178.4,-5382.5,-5592.1,-5807.2,-6027.8,-6254,-6485.9,-6723.6,-6967.1,-7216.5,-7471.9,-7733.2,-8000.7,-8274.2,-8554,-8840,-9132.4,-9431.1,-9736.2,-10048,-10366,-10691,-11022,-11360,-11705,-12057,-12415,-12781,-13153,-13532,-13918,-14312,-14712,-15120,-15535,-15957,-16386,-16822,-17266,-17717
9.3e-07,6.85e-07,-11068,-10312,-9600.8,-8932,-8303.6,-7713.3,-7159.1,-6639.1,-6151.4,-5694.4,-5266.2,-4865.4,-4490.5,-4140,-3812.5,-3506.9,-3221.7,-2956,-2708.6,-2478.4,-2264.4,-2065.8,-1881.5,-1710.8,-1552.8,-1406.7,-1271.9,-1147.7,-1033.3,-928.13,-831.64,-743.25,-662.42,-588.64,-521.45,-460.38,-405.01,-354.92,-309.75,-269.12,-232.68,-200.12,-171.13,-145.43,-122.73,-102.78,-85.342,-70.19,-57.109,-45.9,-36.374,-28.357,-21.684,-16.202,-11.768,-8.2507,-5.5253,-3.4782,-2.0035,-1.0041,-0.39044,-0.080646,-0,-0.080646,-0.26129,-0.48688,-0.70835,-0.88233,-0.9709,-0.94131,-0.76579,-0.42129,0.11074,0.84454,1.7902,2.954,4.3385,5.9424,7.7615,9.7879,12.011,14.417,16.989,19.709,22.555,25.502,28.524,31.592,34.677,37.746,40.763,43.693,46.498,49.139,51.574,53.762,55.658,57.217,58.394,59.14,59.408,59.148,58.31,56.842,54.693,51.81,48.138,43.624,38.214,31.85,24.478,16.041,6.4824,-4.2558,-16.231,-29.502,-44.126,-60.162,-77.67,-96.708,-117.34,-139.61,-163.6,-189.35,-216.94,-246.41,-277.83,-311.25,-346.75,-384.37,-424.18,-466.24,-510.6,-557.33,-606.49,-658.13,-712.31,-769.09,-828.54,-890.71,-955.65,-1023.4,-1094.1,-1167.7,-1244.3,-1324,-1406.9,-1492.8,-1582.1,-1674.6,-1770.4,-1869.7,-1972.4,-2078.6,-2188.3,-2301.7,-2418.7,-2539.5,-2664,-2792.3,-2924.5,-3060.7,-3200.8,-3344.9,-3493,-3645.3,-3801.8,-3962.4,-4127.3,-4296.5,-4470.1
8.24e-07,6.89e-07,-8442.9,-7828.9,-7253.9,-6715.7,-6212.2,-5741.5,-5301.6,-4890.8,-4507.5,-4150.1,-3817,-3506.8,-3218.2,-2949.9,-2700.6,-2469.3,-2254.9,-2056.2,-1872.4,-1702.5,-1545.6,-1400.9,-1267.6,-1144.9,-1032.2,-928.86,-834.15,-747.52,-668.4,-596.26,-530.6,-470.96,-416.89,-367.97,-323.81,-284.03,-248.29,-216.27,-187.65,-162.14,-139.49,-119.43,-101.73,-86.17,-72.551,-60.68,-50.382,-41.492,-33.861,-27.351,-21.833,-17.191,-13.319,-10.12,-7.5074,-5.4029,-3.7366,-2.4467,-1.4791,-0.78712,-0.33098,-0.077547,-0,-0.077547,-0.29512,-0.6431,-1.1171,-1.7175,-2.4497,-3.3232,-4.3519,-5.5539,-6.9509,-8.5683,-10.435,-12.583,-15.048,-17.868,-21.083,-24.739,-28.88,-33.555,-38.816,-44.715,-51.306,-58.648,-66.798,-75.816,-85.765,-96.708,-108.71,-121.84,-136.15,-151.73,-168.64,-186.95,-206.73,-228.05,-250.99,-275.62,-302.02,-330.25,-360.4,-392.54,-426.75,-463.1,-501.68,-542.55,-585.8,-631.51,-679.74,-730.59,-784.13,-840.43,-899.58,-961.66,-1026.7,-1094.9,-1166.2,-1240.8,-1318.6,-1399.9,-1484.6,-1572.9,-1664.8,-1760.4,-1859.8,-1963,-2070.2,-2181.3,-2296.6,-2415.9,-2539.5,-2667.4,-2799.7,-2936.4,-3077.7,-3223.5,-3374,-3529.2,-3689.1,-3854,-4023.8,-4198.6,-4378.4,-4563.4,-4753.5,-4949,-5149.7,-5355.8,-5567.4,-5784.5,-6007.2,-6235.4,-6469.4,-6709.1,-6954.6,-7206,-7463.3,-7726.5,-7995.7,-8271.1,-8552.5,-8840.1,-9133.9,-9434,-9740.4,-10053,-10372,-10698,-11030
9.06e-07,6.65e-07,-11223,-10474,-9770.1,-9107.4,-8484.2,-7898.3,-7347.8,-6830.7,-6345.2,-5889.6,-5462.4,-5061.8,-4686.6,-4335.3,-4006.5,-3699.1,-3411.7,-3143.4,-2892.9,-2659.4,-2441.7,-2239.1,-2050.5,-1875.3,-1712.6,-1561.6,-1421.7,-1292.1,-1172.3,-1061.7,-959.59,-865.51,-778.95,-699.41,-626.43,-559.58,-498.44,-442.64,-391.79,-345.56,-303.62,-265.65,-231.37,-200.51,-172.8,-148,-125.89,-106.26,-88.896,-73.623,-60.261,-48.65,-38.636,-30.079,-22.847,-16.819,-11.884,-7.938,-4.8861,-2.6418,-1.126,-0.26699,-0,-0.26699,-1.0163,-2.2022,-3.7851,-5.7304,-8.0094,-10.598,-13.477,-16.631,-20.051,-23.731,-27.667,-31.863,-36.322,-41.055,-46.072,-51.388,-57.022,-62.994,-69.328,-76.05,-83.188,-90.773,-98.837,-107.42,-116.55,-126.27,-136.62,-147.64,-159.38,-171.88,-185.19,-199.36,-214.43,-230.46,-247.49,-265.59,-284.79,-305.17,-326.77,-349.64,-373.86,-399.46,-426.52,-455.09,-485.22,-516.99,-550.45,-585.65,-622.67,-661.55,-702.38,-745.19,-790.07,-837.06,-886.24,-937.66,-991.39,-1047.5,-1106,-1167.1,-1230.6,-1296.9,-1365.8,-1437.4,-1511.8,-1589.2,-1669.4,-1752.7,-1839,-1928.4,-2021,-2116.9,-2216,-2318.5,-2424.5,-2533.9,-2646.9,-2763.4,-2883.7,-3007.6,-3135.4,-3266.9,-3402.4,-3541.8,-3685.2,-3832.6,-3984.2,-4140,-4300,-4464.2,-4632.8,-4805.8,-4983.2,-5165.1,-5351.5,-5542.5,-5738.2,-5938.6,-6143.6,-6353.5,-6568.2,-6787.8,-7012.3,-7241.7,-7476.2,-7715.7,-7960.3
8.28e-07,6.29e-07,-11786,-11061,-10376,-9730.7,-9121.9,-8547.9,-8006.8,-7496.8,-7016.3,-6563.6,-6137.2,-5735.8,-5357.9,-5002.2,-4667.6,-4352.8,-4056.8,-3778.5,-3517,-3271.2,-3040.4,-2823.6,-2620.1,-2429.2,-2250.1,-2082.1,-1924.6,-1777.1,-1638.8,-1509.4,-1388.3,-1275,-1169,-1070,-977.56,-891.26,-810.76,-735.74,-665.88,-600.89,-540.49,-484.42,-432.44,-384.33,-339.88,-298.89,-261.17,-226.57,-194.92,-166.09,-139.93,-116.33,-95.168,-76.353,-59.789,-45.392,-33.087,-22.809,-14.498,-8.103,-3.579,-0.88842,-0,-0.88842,-3.5342,-7.9233,-14.047,-21.901,-31.488,-42.811,-55.881,-70.713,-87.322,-105.73,-125.97,-148.05,-172.03,-197.92,-225.76,-255.61,-287.49,-321.45,-357.54,-395.81,-436.32,-479.1,-524.22,-571.74,-621.71,-674.2,-729.25,-786.95,-847.34,-910.49,-976.48,-1045.4,-1117.2,-1192.1,-1270.1,-1351.2,-1435.6,-1523.3,-1614.4,-1708.9,-1807,-1908.7,-2014.1,-2123.2,-2236.1,-2352.9,-2473.7,-2598.5,-2727.4,-2860.6,-2998,-3139.7,-3285.9,-3436.5,-3591.7,-3751.5,-3916,-4085.3,-4259.5,-4438.5,-4622.6,-4811.7,-5006,-5205.4,-5410.1,-5620.2,-5835.7,-6056.6,-6283.1,-6515.2,-6753,-6996.5,-7245.8,-7501,-7762.1,-8029.2,-8302.3,-8581.6,-8867,-9158.7,-9456.6,-9761,-10072,-10389,-10712,-11043,-11380,-11723,-12073,-12430,-12794,-13165,-13542,-13927,-14318,-14717,-15122,-15535,-15955,-16382,-16816,-17258,-17707,-18163,-18626,-19097,-19575
7.99e-07,6.43e-07,-10697,-10024,-9389.2,-8791.7,-8229.3,-7699.9,-7201.7,-6733,-6292.2,-5877.7,-5488,-5121.8,-4777.6,-4454.4,-4150.8,-3865.9,-3598.4,-3347.4,-3112,-2891.2,-2684.3,-2490.3,-2308.5,-2138.3,-1978.9,-1829.7,-1690.1,-1559.5,-1437.4,-1323.2,-1216.5,-1116.9,-1023.9,-937.03,-856.04,-780.52,-710.15,-644.62,-583.64,-526.93,-474.25,-425.36,-380.03,-338.07,-299.28,-263.49,-230.53,-200.27,-172.55,-147.25,-124.27,-103.49,-84.83,-68.194,-53.51,-40.713,-29.744,-20.553,-13.096,-7.3387,-3.2508,-0.81003,-0,-0.81003,-3.235,-7.2751,-12.935,-20.226,-29.161,-39.76,-52.045,-66.044,-81.785,-99.304,-118.64,-139.83,-162.91,-187.94,-214.97,-244.03,-275.2,-308.51,-344.04,-381.84,-421.98,-464.51,-509.5,-557.02,-607.13,-659.92,-715.43,-773.76,-834.96,-899.12,-966.31,-1036.6,-1110.1,-1186.8,-1266.9,-1350.4,-1437.4,-1527.9,-1622.1,-1720,-1821.8,-1927.4,-2037,-2150.7,-2268.5,-2390.5,-2516.8,-2647.5,-2782.7,-2922.3,-3066.6,-3215.6,-3369.4,-3528,-3691.6,-3860.2,-4033.8,-4212.7,-4396.8,-4586.2,-4781,-4981.3,-5187.1,-5398.6,-5615.8,-5838.7,-6067.5,-6302.2,-6542.9,-6789.7,-7042.6,-7301.7,-7567,-7838.7,-8116.8,-8401.4,-8692.5,-8990.1,-9294.5,-9605.5,-9923.4,-10248,-10580,-10918,-11264,-11616,-11976,-12343,-12717,-13098,-13487,-13883,-14286,-14697,-15115,-15541,-15975,-16416,-16865,-17321,-17785,-18257,-18737,-19225,-19720,-20223,-20734
8.31e-07,7.11e-07,-7675.5,-7081.8,-6527,-6009,-5525.5,-5074.7,-4654.7,-4263.7,-3899.9,-3561.9,-3248.1,-2957,-2687.3,-2437.7,-2207,-1993.9,-1797.5,-1616.7,-1450.4,-1297.8,-1158,-1030,-913.22,-806.79,-710.02,-622.25,-542.83,-471.16,-406.68,-348.86,-297.17,-251.15,-210.35,-174.33,-142.71,-115.1,-91.15,-70.528,-52.922,-38.037,-25.599,-15.352,-7.0556,-0.48467,4.5694,8.3011,10.891,12.508,13.305,13.426,13.004,12.157,10.998,9.6269,8.1343,6.6027,5.1057,3.7091,2.4704,1.4401,0.66155,0.17143,-0,0.17143,0.70414,1.611,2.8997,4.5728,6.6282,9.0594,11.855,15.001,18.478,22.263,26.33,30.651,35.191,39.916,44.788,49.764,54.802,59.856,64.876,69.813,74.614,79.224,83.587,87.645,91.338,94.605,97.383,99.608,101.22,102.14,102.31,101.66,100.12,97.62,94.087,89.451,83.638,76.575,68.188,58.403,47.144,34.336,19.903,3.7699,-14.141,-33.906,-55.602,-79.306,-105.1,-133.05,-163.24,-195.75,-230.65,-268.03,-307.96,-350.51,-395.77,-443.81,-494.71,-548.54,-605.39,-665.32,-728.42,-794.75,-864.4,-937.44,-1013.9,-1094,-1177.6,-1265,-1356.1,-1451,-1549.8,-1652.6,-1759.5,-1870.4,-1985.6,-2105,-2228.7,-2356.9,-2489.4,-2626.6,-2768.3,-2914.6,-3065.7,-3221.6,-3382.3,-3548,-3718.6,-3894.3,-4075,-4261,-4452.1,-4648.5,-4850.3,-5057.4,-5270,-5488.1,-5711.7,-5941,-6175.9,-6416.5,-6662.9,-6915.2,-7173.2,-7437.2,-7707.1
7.7e-07,6.36e-07,-11279,-10602,-9963.7,-9361.2,-8792.9,-8257,-7751.5,-7274.9,-6825.5,-6401.8,-6002.5,-5626,-5271.3,-4937,-4622,-4325.2,-4045.6,-3782.2,-3534.2,-3300.5,-3080.5,-2873.3,-2678.2,-2494.5,-2321.6,-2158.8,-2005.6,-1861.5,-1725.8,-1598.1,-1478,-1365.1,-1258.9,-1159,-1065.2,-977.05,-894.26,-816.55,-743.65,-675.31,-611.29,-551.38,-495.38,-443.11,-394.38,-349.05,-306.97,-268.01,-232.05,-198.97,-168.69,-141.11,-116.16,-93.762,-73.864,-56.412,-41.363,-28.68,-18.336,-10.308,-4.5806,-1.1458,-0,-1.1458,-4.5909,-10.348,-18.436,-28.875,-41.693,-56.921,-74.592,-94.745,-117.42,-142.67,-170.53,-201.06,-234.31,-270.34,-309.21,-350.97,-395.7,-443.45,-494.3,-548.31,-605.56,-666.11,-730.04,-797.43,-868.35,-942.87,-1021.1,-1103.1,-1188.9,-1278.7,-1372.5,-1470.3,-1572.4,-1678.7,-1789.3,-1904.4,-2024,-2148.2,-2277.1,-2410.8,-2549.3,-2692.8,-2841.3,-2994.9,-3153.7,-3317.8,-3487.3,-3662.2,-3842.7,-4028.8,-4220.6,-4418.2,-4621.7,-4831.1,-5046.6,-5268.2,-5496,-5730.1,-5970.5,-6217.4,-6470.8,-6730.8,-6997.5,-7270.9,-7551.2,-7838.3,-8132.4,-8433.6,-8741.8,-9057.3,-9380,-9710,-10047,-10392,-10745,-11104,-11472,-11847,-12230,-12621,-13020,-13426,-13841,-14264,-14694,-15133,-15580,-16036,-16499,-16971,-17451,-17940,-18437,-18942,-19456,-19979,-20510,-21050,-21598,-22155,-22721,-23295,-23878,-24470,-25071,-25680,-26298
7.77e-07,7.02e-07,-7547.7,-6988.1,-6465,-5976.3,-5520,-5094.2,-4697.1,-4327.1,-3982.4,-3661.7,-3363.5,-3086.3,-2829,-2590.3,-2369.1,-2164.2,-1974.7,-1799.5,-1637.7,-1488.5,-1351,-1224.5,-1108.2,-1001.5,-903.58,-813.93,-731.94,-657.07,-588.8,-526.65,-470.14,-418.86,-372.4,-330.37,-292.42,-258.23,-227.47,-199.85,-175.11,-152.98,-133.24,-115.66,-100.05,-86.201,-73.956,-63.151,-53.638,-45.285,-37.97,-31.58,-26.017,-21.191,-17.022,-13.439,-10.381,-7.7941,-5.6334,-3.8611,-2.447,-1.3676,-0.60607,-0.15176,-0,-0.15176,-0.61338,-1.3963,-2.5167,-3.9956,-5.8582,-8.1337,-10.856,-14.061,-17.79,-22.087,-26.999,-32.575,-38.869,-45.937,-53.836,-62.626,-72.372,-83.136,-94.986,-107.99,-122.22,-137.75,-154.65,-172.99,-192.86,-214.32,-237.47,-262.37,-289.11,-317.77,-348.44,-381.2,-416.12,-453.3,-492.82,-534.77,-579.23,-626.29,-676.04,-728.56,-783.94,-842.27,-903.64,-968.13,-1035.8,-1106.8,-1181.2,-1259.1,-1340.5,-1425.6,-1514.4,-1607.1,-1703.6,-1804.2,-1908.8,-2017.6,-2130.7,-2248.1,-2370,-2496.3,-2627.2,-2762.8,-2903.2,-3048.4,-3198.6,-3353.7,-3513.9,-3679.3,-3849.9,-4025.9,-4207.2,-4394,-4586.4,-4784.4,-4988.1,-5197.5,-5412.8,-5634,-5861.2,-6094.4,-6333.8,-6579.4,-6831.2,-7089.3,-7353.8,-7624.8,-7902.3,-8186.4,-8477.1,-8774.4,-9078.6,-9389.5,-9707.3,-10032,-10364,-10702,-11048,-11401,-11761,-12129,-12503,-12885,-13274,-13671,-14075,-14486,-14905
9.38e-07,6.74e-07,-11758,-10976,-10238,-9544.6,-8891.7,-8277.6,-7700.3,-7157.8,-6648.3,-6170,-5721.3,-5300.4,-4906,-4536.6,-4190.8,-3867.3,-3565,-3282.5,-3018.9,-2773,-2543.9,-2330.5,-2132,-1947.6,-1776.3,-1617.4,-1470.3,-1334.1,-1208.2,-1092,-984.88,-886.26,-795.62,-712.44,-636.23,-566.53,-502.91,-444.96,-392.28,-344.51,-301.3,-262.32,-227.25,-195.81,-167.71,-142.7,-120.52,-100.95,-83.771,-68.772,-55.764,-44.568,-35.014,-26.945,-20.215,-14.685,-10.229,-6.7281,-4.0729,-2.162,-0.90218,-0.20766,-0,-0.20766,-0.76573,-1.6156,-2.7047,-3.9863,-5.4189,-6.9667,-8.5984,-10.288,-12.013,-13.758,-15.507,-17.253,-18.989,-20.715,-22.431,-24.142,-25.856,-27.584,-29.341,-31.142,-33.006,-34.955,-37.013,-39.205,-41.56,-44.108,-46.881,-49.912,-53.237,-56.894,-60.92,-65.357,-70.245,-75.627,-81.547,-88.05,-95.183,-102.99,-111.53,-120.84,-130.97,-141.98,-153.91,-166.83,-180.77,-195.8,-211.98,-229.34,-247.95,-267.87,-289.15,-311.84,-336.01,-361.71,-388.99,-417.92,-448.55,-480.95,-515.15,-551.24,-589.26,-629.27,-671.33,-715.5,-761.84,-810.4,-861.24,-914.42,-970.01,-1028,-1088.6,-1151.7,-1217.5,-1285.9,-1357.1,-1431.1,-1507.9,-1587.7,-1670.4,-1756.2,-1845,-1937,-2032.1,-2130.5,-2232.2,-2337.3,-2445.8,-2557.7,-2673.1,-2792.1,-2914.7,-3041,-3171,-3304.8,-3442.4,-3583.8,-3729.2,-3878.5,-4031.9,-4189.3,-4350.8,-4516.5,-4686.4,-4860.5,-5038.9,-5221.7,-5408.8
9.41e-07,7.19e-07,-10288,-9549.9,-8857,-8206.8,-7596.9,-7025.3,-6489.9,-5988.7,-5519.8,-5081.5,-4672.1,-4290,-3933.7,-3601.7,-3292.6,-3005.3,-2738.3,-2490.6,-2260.9,-2048.4,-1851.9,-1670.4,-1503.2,-1349.2,-1207.7,-1077.9,-959.08,-850.49,-751.47,-661.39,-579.65,-505.68,-438.93,-378.88,-325.05,-276.98,-234.23,-196.38,-163.04,-133.84,-108.43,-86.473,-67.659,-51.691,-38.29,-27.191,-18.147,-10.925,-5.3044,-1.0792,1.9445,3.948,5.1016,5.5641,5.4841,4.9998,4.2401,3.3244,2.3637,1.4602,0.70847,0.19525,-0,0.19525,0.84684,2.0143,3.751,6.1047,9.1175,12.826,17.262,22.453,28.421,35.185,42.757,51.147,60.363,70.406,81.275,92.966,105.47,118.78,132.88,147.75,163.38,179.75,196.83,214.59,233.01,252.06,271.7,291.91,312.64,333.87,355.54,377.63,400.09,422.88,445.95,469.26,492.77,516.42,540.17,563.96,587.75,611.5,635.13,658.61,681.88,704.89,727.58,749.9,771.79,793.19,814.06,834.32,853.94,872.84,890.98,908.29,924.72,940.2,954.68,968.1,980.41,991.53,1001.4,1010,1017.3,1023.1,1027.4,1030.3,1031.5,1031.1,1029,1025.1,1019.4,1011.8,1002.2,990.67,977.07,961.35,943.46,923.33,900.92,876.16,849,819.39,787.25,752.55,715.22,675.21,632.46,586.92,538.54,487.25,433.02,375.77,315.47,252.06,185.48,115.69,42.634,-33.739,-113.48,-196.64,-283.26,-373.4,-467.11,-564.42,-665.4
8.65e-07,6.28e-07,-12352,-11588,-10866,-10186,-9544.2,-8938.9,-8368.1,-7830,-7322.9,-6845.1,-6395.1,-5971.3,-5572.4,-5197,-4843.8,-4511.7,-4199.5,-3906,-3630.4,-3371.5,-3128.4,-2900.4,-2686.5,-2486,-2298,-2122,-1957.2,-1803,-1658.8,-1524,-1398,-1280.5,-1170.8,-1068.6,-973.3,-884.64,-802.19,-725.59,-654.49,-588.57,-527.54,-471.11,-419.01,-370.99,-326.82,-286.29,-249.17,-215.3,-184.47,-156.54,-131.33,-108.72,-88.575,-70.762,-55.175,-41.709,-30.272,-20.778,-13.149,-7.316,-3.2158,-0.79337,-0,-0.79337,-3.1372,-7.0011,-12.36,-19.194,-27.489,-37.235,-48.426,-61.061,-75.144,-90.681,-107.68,-126.16,-146.14,-167.64,-190.68,-215.28,-241.48,-269.32,-298.81,-330.01,-362.95,-397.67,-434.22,-472.63,-512.96,-555.26,-599.57,-645.94,-694.44,-745.11,-798.01,-853.2,-910.73,-970.66,-1033,-1098,-1165.5,-1235.6,-1308.5,-1384.1,-1462.5,-1543.9,-1628.2,-1715.6,-1806,-1899.6,-1996.5,-2096.6,-2200.1,-2307,-2417.4,-2531.4,-2649,-2770.3,-2895.3,-3024.2,-3157,-3293.7,-3434.5,-3579.4,-3728.4,-3881.6,-4039.2,-4201.1,-4367.4,-4538.2,-4713.5,-4893.5,-5078.2,-5267.6,-5461.7,-5660.8,-5864.8,-6073.8,-6287.8,-6506.9,-6731.2,-6960.7,-7195.5,-7435.6,-7681.1,-7932.1,-8188.6,-8450.6,-8718.3,-8991.6,-9270.6,-9555.4,-9846,-10143,-10445,-10753,-11068,-11388,-11715,-12047,-12386,-12731,-13083,-13440,-13804,-14175,-14552,-14935,-15325,-15721,-16124
7.97e-07,6.31e-07,-11504,-10805,-10145,-9523,-8936.1,-8382.6,-7860.8,-7368.9,-6905.3,-6468.3,-6056.7,-5668.8,-5303.6,-4959.6,-4635.7,-4330.7,-4043.7,-3773.7,-3519.6,-3280.5,-3055.7,-2844.3,-2645.5,-2458.7,-2283.1,-2118.1,-1963.1,-1817.6,-1681,-1552.7,-1432.3,-1319.4,-1213.5,-1114.3,-1021.3,-934.19,-852.66,-776.38,-705.07,-638.47,-576.3,-518.34,-464.38,-414.19,-367.6,-324.43,-284.52,-247.72,-213.89,-182.9,-154.64,-129.02,-105.92,-85.28,-67.011,-51.05,-37.339,-25.827,-16.472,-9.2373,-4.0946,-1.021,-0,-1.021,-4.0789,-9.1738,-16.311,-25.5,-36.756,-50.097,-65.546,-83.131,-102.88,-124.83,-149.01,-175.47,-204.25,-235.4,-268.96,-304.98,-343.53,-384.64,-428.39,-474.83,-524.03,-576.04,-630.93,-688.77,-749.63,-813.57,-880.66,-950.99,-1024.6,-1101.6,-1182,-1266,-1353.6,-1444.8,-1539.8,-1638.6,-1741.3,-1848.1,-1958.8,-2073.8,-2192.9,-2316.4,-2444.2,-2576.5,-2713.4,-2854.8,-3001,-3152,-3307.8,-3468.6,-3634.4,-3805.2,-3981.3,-4162.6,-4349.3,-4541.4,-4739,-4942.1,-5150.9,-5365.4,-5585.7,-5811.8,-6044,-6282.1,-6526.3,-6776.7,-7033.3,-7296.2,-7565.4,-7841.1,-8123.4,-8412.1,-8707.6,-9009.7,-9318.6,-9634.3,-9956.9,-10287,-10623,-10967,-11318,-11675,-12041,-12413,-12793,-13180,-13575,-13977,-14387,-14804,-15229,-15662,-16102,-16550,-17006,-17470,-17941,-18421,-18909,-19404,-19907,-20419,-20938,-21466,-22002,-22546,-23098
8.21e-07,7.16e-07,-7343.4,-6765.7,-6226.3,-5723,-5253.9,-4816.8,-4409.9,-4031.6,-3680,-3353.7,-3051.1,-2770.8,-2511.4,-2271.7,-2050.5,-1846.6,-1658.9,-1486.4,-1328.1,-1183,-1050.5,-929.46,-819.26,-719.12,-628.35,-546.27,-472.26,-405.74,-346.13,-292.92,-245.61,-203.72,-166.81,-134.47,-106.3,-81.944,-61.045,-43.279,-28.342,-15.948,-5.8287,2.2653,8.568,13.297,16.656,18.832,20,20.322,19.947,19.012,17.644,15.957,14.057,12.039,9.9887,7.9833,6.0913,4.3736,2.8828,1.6647,0.75787,0.1944,-0,0.1944,0.79162,1.8002,3.2236,5.0603,7.3041,9.9443,12.966,16.35,20.075,24.113,28.434,33.006,37.793,42.755,47.851,53.035,58.262,63.48,68.64,73.686,78.564,83.215,87.58,91.598,95.206,98.34,100.94,102.92,104.24,104.81,104.56,103.44,101.35,98.232,94.01,88.61,81.955,73.971,64.58,53.706,41.271,27.198,11.409,-6.1756,-25.633,-47.043,-70.484,-96.036,-123.78,-153.79,-186.15,-220.94,-258.23,-298.11,-340.66,-385.95,-434.07,-485.09,-539.09,-596.15,-656.35,-719.76,-786.47,-856.54,-930.07,-1007.1,-1087.8,-1172.1,-1260.2,-1352,-1447.8,-1547.6,-1651.4,-1759.4,-1871.5,-1987.9,-2108.6,-2233.7,-2363.3,-2497.5,-2636.2,-2779.7,-2927.8,-3080.8,-3238.7,-3401.5,-3569.4,-3742.3,-3920.3,-4103.5,-4292,-4485.9,-4685.1,-4889.7,-5099.8,-5315.5,-5536.8,-5763.7,-5996.4,-6234.8,-6479.1,-6729.2,-6985.3,-7247.3,-7515.4,-7789.5,-8069.8
9.14e-07,6.21e-07,-13868,-13028,-12233,-11483,-10773,-10103,-9470.2,-8872.5,-8308.2,-7775.6,-7273.1,-6799.1,-6352.1,-5930.7,-5533.6,-5159.5,-4807.2,-4475.5,-4163.3,-3869.7,-3593.6,-3334.1,-3090.3,-2861.4,-2646.5,-2444.9,-2256,-2078.9,-1913.1,-1757.9,-1612.7,-1477.1,-1350.4,-1232.2,-1122,-1019.4,-923.87,-835.11,-752.71,-676.31,-605.58,-540.2,-479.87,-424.3,-373.23,-326.41,-283.6,-244.58,-209.15,-177.1,-148.25,-122.43,-99.492,-79.273,-61.639,-46.46,-33.617,-23,-14.506,-8.042,-3.5207,-0.86396,-0,-0.86396,-3.3974,-7.5481,-13.27,-20.521,-29.268,-39.478,-51.128,-64.196,-78.666,-94.526,-111.77,-130.39,-150.38,-171.76,-194.52,-218.68,-244.24,-271.23,-299.66,-329.55,-360.93,-393.82,-428.24,-464.23,-501.83,-541.05,-581.95,-624.54,-668.89,-715.02,-762.97,-812.79,-864.53,-918.23,-973.93,-1031.7,-1091.5,-1153.6,-1217.8,-1284.2,-1353,-1424.1,-1497.7,-1573.7,-1652.2,-1733.3,-1817.1,-1903.5,-1992.7,-2084.6,-2179.5,-2277.2,-2377.9,-2481.6,-2588.5,-2698.4,-2811.6,-2928,-3047.8,-3170.9,-3297.5,-3427.5,-3561.1,-3698.3,-3839.2,-3983.8,-4132.2,-4284.4,-4440.5,-4600.5,-4764.6,-4932.7,-5104.9,-5281.3,-5461.9,-5646.8,-5836,-6029.6,-6227.7,-6430.2,-6637.3,-6849,-7065.3,-7286.3,-7512.1,-7742.7,-7978.1,-8218.3,-8463.6,-8713.8,-8969,-9229.3,-9494.8,-9765.4,-10041,-10322,-10609,-10900,-11197,-11500,-11808,-12121,-12440,-12765,-13095,-13431,-13772
7.84e-07,7.07e-07,-7350.2,-6793,-6272.4,-5786.5,-5333.1,-4910.4,-4516.6,-4150,-3808.9,-3491.8,-3197.4,-2924.2,-2670.8,-2436.2,-2219.1,-2018.5,-1833.2,-1662.3,-1504.9,-1360.1,-1227.1,-1105,-993.18,-890.86,-797.4,-712.18,-634.6,-564.12,-500.19,-442.35,-390.1,-343.03,-300.71,-262.77,-228.84,-198.59,-171.68,-147.84,-126.77,-108.23,-91.962,-77.754,-65.394,-54.689,-45.461,-37.546,-30.792,-25.062,-20.229,-16.177,-12.803,-10.013,-7.7221,-5.8568,-4.3512,-3.148,-2.1983,-1.4606,-0.90098,-0.49241,-0.21445,-0.053014,-0,-0.053014,-0.21508,-0.49438,-0.90399,-1.4616,-2.1894,-3.1137,-4.2648,-5.6768,-7.3873,-9.4373,-11.871,-14.736,-18.082,-21.963,-26.433,-31.55,-37.375,-43.97,-51.399,-59.729,-69.027,-79.364,-90.81,-103.44,-117.32,-132.54,-149.17,-167.28,-186.96,-208.28,-231.33,-256.19,-282.93,-311.65,-342.43,-375.34,-410.48,-447.92,-487.77,-530.09,-574.98,-622.52,-672.8,-725.9,-781.91,-840.93,-903.02,-968.29,-1036.8,-1108.7,-1184,-1262.8,-1345.2,-1431.3,-1521.2,-1614.9,-1712.6,-1814.3,-1920.1,-2030.1,-2144.4,-2263.1,-2386.2,-2513.8,-2646,-2782.9,-2924.5,-3071,-3222.5,-3378.9,-3540.4,-3707,-3878.9,-4056.1,-4238.7,-4426.7,-4620.2,-4819.3,-5024.1,-5234.7,-5451,-5673.2,-5901.4,-6135.5,-6375.8,-6622.1,-6874.7,-7133.5,-7398.7,-7670.2,-7948.2,-8232.7,-8523.7,-8821.4,-9125.7,-9436.7,-9754.5,-10079,-10411,-10749,-11095,-11447,-11806,-12173,-12547,-12928,-13316
8.8e-07,6.29e-07,-12572,-11793,-11058,-10363,-9708.6,-9090.9,-8508.4,-7959.3,-7441.7,-6954.1,-6494.7,-6062.2,-5655.1,-5271.9,-4911.5,-4572.6,-4254,-3954.6,-3673.5,-3409.4,-3161.7,-2929.2,-2711.3,-2507,-2315.7,-2136.6,-1968.9,-1812.2,-1665.6,-1528.8,-1401,-1281.8,-1170.7,-1067.2,-970.95,-881.41,-798.23,-721.05,-649.5,-583.27,-522.03,-465.49,-413.38,-365.43,-321.41,-281.09,-244.24,-210.67,-180.19,-152.64,-127.83,-105.64,-85.9,-68.497,-53.308,-40.222,-29.137,-19.96,-12.606,-6.9996,-3.0699,-0.75524,-0,-0.75524,-2.9782,-6.6319,-11.685,-18.112,-25.892,-35.008,-45.45,-57.211,-70.288,-84.683,-100.4,-117.45,-135.84,-155.59,-176.72,-199.25,-223.2,-248.61,-275.49,-303.89,-333.83,-365.36,-398.51,-433.33,-469.85,-508.12,-548.18,-590.09,-633.89,-679.63,-727.36,-777.14,-829.02,-883.06,-939.3,-997.82,-1058.7,-1121.9,-1187.5,-1255.7,-1326.4,-1399.8,-1475.8,-1554.6,-1636.2,-1720.7,-1808.1,-1898.5,-1991.9,-2088.5,-2188.3,-2291.4,-2397.7,-2507.5,-2620.7,-2737.4,-2857.7,-2981.6,-3109.2,-3240.7,-3375.9,-3515,-3658.1,-3805.3,-3956.5,-4111.8,-4271.4,-4435.3,-4603.5,-4776,-4953.1,-5134.6,-5320.8,-5511.6,-5707.1,-5907.3,-6112.3,-6322.3,-6537.1,-6757,-6981.8,-7211.8,-7446.9,-7687.3,-7932.9,-8183.8,-8440,-8701.7,-8968.8,-9241.5,-9519.7,-9803.5,-10093,-10388,-10689,-10996,-11308,-11627,-11951,-12281,-12618,-12960,-13308,-13663,-14024,-14390,-14763
8.96e-07,6.6e-07,-11201,-10459,-9760.2,-9102.7,-8484.3,-7902.8,-7356.2,-6842.8,-6360.6,-5908.1,-5483.5,-5085.4,-4712.3,-4362.9,-4035.7,-3729.7,-3443.5,-3176.1,-2926.4,-2693.4,-2476.1,-2273.6,-2085.2,-1909.8,-1746.8,-1595.5,-1455.1,-1325,-1204.5,-1093,-990.02,-895,-807.41,-726.79,-652.68,-584.65,-522.31,-465.26,-413.15,-365.64,-322.4,-283.14,-247.58,-215.43,-186.46,-160.43,-137.11,-116.3,-97.797,-81.43,-67.027,-54.428,-43.488,-34.07,-26.049,-19.308,-13.739,-9.2451,-5.7347,-3.1261,-1.3445,-0.32266,-0,-0.32266,-1.243,-2.7195,-4.7162,-7.2027,-10.154,-13.549,-17.374,-21.616,-26.269,-31.33,-36.802,-42.688,-48.997,-55.741,-62.936,-70.599,-78.751,-87.417,-96.622,-106.4,-116.77,-127.78,-139.45,-151.83,-164.96,-178.88,-193.63,-209.25,-225.79,-243.3,-261.84,-281.44,-302.16,-324.05,-347.17,-371.57,-397.31,-424.44,-453.03,-483.12,-514.78,-548.07,-583.05,-619.77,-658.3,-698.71,-741.05,-785.38,-831.78,-880.29,-930.99,-983.93,-1039.2,-1096.8,-1156.9,-1219.5,-1284.6,-1352.4,-1422.9,-1496.1,-1572.2,-1651.1,-1733,-1817.9,-1905.9,-1997.1,-2091.4,-2189,-2290,-2394.3,-2502.1,-2613.4,-2728.3,-2846.9,-2969.1,-3095.1,-3224.9,-3358.7,-3496.3,-3638,-3783.7,-3933.5,-4087.5,-4245.8,-4408.3,-4575.2,-4746.5,-4922.2,-5102.5,-5287.3,-5476.7,-5670.8,-5869.6,-6073.2,-6281.6,-6494.9,-6713.1,-6936.3,-7164.5,-7397.8,-7636.1,-7879.7,-8128.4,-8382.3,-8641.6,-8906.2,-9176.2
8.79e-07,6.46e-07,-11537,-10793,-10091,-9430.8,-8808.9,-8223.4,-7672.6,-7154.4,-6667.1,-6209.2,-5778.9,-5374.8,-4995.5,-4639.5,-4305.6,-3992.6,-3699.4,-3424.7,-3167.6,-2927.1,-2702.2,-2492.1,-2295.9,-2112.7,-1941.9,-1782.8,-1634.5,-1496.5,-1368.2,-1249,-1138.3,-1035.7,-940.54,-852.47,-771.02,-695.77,-626.34,-562.35,-503.45,-449.32,-399.65,-354.14,-312.52,-274.53,-239.94,-208.51,-180.04,-154.32,-131.17,-110.43,-91.915,-75.493,-61.022,-48.373,-37.428,-28.08,-20.227,-13.781,-8.6572,-4.7812,-2.0854,-0.50957,-0,-0.50957,-1.9973,-4.4281,-7.7724,-12.006,-17.11,-23.07,-29.877,-37.525,-46.014,-55.345,-65.527,-76.57,-88.486,-101.29,-115.01,-129.67,-145.29,-161.89,-179.52,-198.2,-217.97,-238.87,-260.94,-284.22,-308.75,-334.59,-361.77,-390.34,-420.37,-451.89,-484.96,-519.64,-555.98,-594.03,-633.86,-675.53,-719.08,-764.58,-812.1,-861.69,-913.41,-967.34,-1023.5,-1082,-1142.9,-1206.3,-1272.1,-1340.6,-1411.7,-1485.5,-1562.1,-1641.5,-1723.9,-1809.2,-1897.6,-1989.1,-2083.7,-2181.6,-2282.8,-2387.4,-2495.4,-2606.9,-2722,-2840.7,-2963.2,-3089.3,-3219.4,-3353.3,-3491.1,-3633,-3779,-3929.1,-4083.5,-4242.1,-4405,-4572.3,-4744.1,-4920.4,-5101.3,-5286.8,-5476.9,-5671.9,-5871.6,-6076.2,-6285.7,-6500.2,-6719.7,-6944.3,-7174,-7408.9,-7649.1,-7894.5,-8145.3,-8401.5,-8663.1,-8930.1,-9202.8,-9481,-9764.8,-10054,-10349,-10650,-10957,-11270,-11588,-11913,-12243
8.4e-07,7e-07,-8239.7,-7623.3,-7046.4,-6506.9,-6002.7,-5531.7,-5092.1,-4682,-4299.9,-3944,-3612.8,-3305,-3019,-2753.7,-2507.7,-2280,-2069.3,-1874.7,-1695.2,-1529.7,-1377.4,-1237.5,-1109.2,-991.6,-884.11,-786.01,-696.66,-615.44,-541.79,-475.15,-415.02,-360.91,-312.35,-268.93,-230.23,-195.87,-165.48,-138.74,-115.31,-94.907,-77.244,-62.058,-49.105,-38.153,-28.988,-21.41,-15.234,-10.285,-6.4039,-3.4428,-1.2647,0.25598,1.2345,1.7761,1.9767,1.9229,1.6929,1.3567,0.9762,0.60615,0.29401,0.080537,-0,0.080537,0.34443,0.80838,1.4838,2.377,3.4895,4.8183,6.356,8.091,10.008,12.087,14.307,16.64,19.057,21.527,24.012,26.477,28.879,31.176,33.322,35.27,36.97,38.37,39.416,40.053,40.225,39.872,38.935,37.352,35.06,31.995,28.093,23.286,17.509,10.693,2.7685,-6.3337,-16.684,-28.354,-41.414,-55.939,-71.999,-89.669,-109.02,-130.13,-153.08,-177.92,-204.75,-233.64,-264.66,-297.88,-333.39,-371.26,-411.56,-454.37,-499.77,-547.82,-598.61,-652.22,-708.71,-768.16,-830.64,-896.24,-965.02,-1037.1,-1112.4,-1191.2,-1273.5,-1359.3,-1448.7,-1541.9,-1638.8,-1739.5,-1844.1,-1952.8,-2065.4,-2182.2,-2303.2,-2428.5,-2558,-2692,-2830.4,-2973.3,-3120.8,-3272.9,-3429.8,-3591.5,-3758,-3929.4,-4105.7,-4287.1,-4473.6,-4665.2,-4862,-5064,-5271.4,-5484.1,-5702.3,-5925.9,-6155.1,-6389.9,-6630.2,-6876.3,-7128.1,-7385.7,-7649.1,-7918.4,-8193.6
8.59e-07,6.63e-07,-10228,-9537.6,-8888.4,-8278.3,-7705.3,-7167.3,-6662.4,-6188.7,-5744.7,-5328.5,-4938.8,-4573.9,-4232.4,-3913.1,-3614.8,-3336.1,-3075.9,-2833.3,-2607.1,-2396.4,-2200.3,-2017.9,-1848.4,-1691,-1545,-1409.6,-1284.3,-1168.3,-1061.1,-962.14,-870.86,-786.77,-709.39,-638.27,-573.01,-513.19,-458.44,-408.4,-362.75,-321.18,-283.37,-249.07,-218,-189.94,-164.64,-141.9,-121.52,-103.31,-87.102,-72.736,-60.065,-48.949,-39.265,-30.895,-23.732,-17.68,-12.651,-8.5634,-5.3464,-2.9352,-1.2727,-0.30887,-0,-0.30887,-1.2042,-2.6604,-4.6575,-7.1805,-10.219,-13.769,-17.828,-22.401,-27.495,-33.121,-39.295,-46.034,-53.362,-61.302,-69.883,-79.136,-89.095,-99.795,-111.27,-123.58,-136.74,-150.82,-165.85,-181.88,-198.97,-217.17,-236.54,-257.12,-278.97,-302.15,-326.73,-352.76,-380.3,-409.41,-440.17,-472.62,-506.84,-542.9,-580.86,-620.78,-662.73,-706.79,-753.02,-801.48,-852.26,-905.41,-961.01,-1019.1,-1079.8,-1143.2,-1209.3,-1278.2,-1349.9,-1424.7,-1502.4,-1583.2,-1667.1,-1754.3,-1844.8,-1938.6,-2035.9,-2136.7,-2241,-2349,-2460.7,-2576.2,-2695.5,-2818.8,-2946.1,-3077.3,-3212.8,-3352.4,-3496.2,-3644.4,-3797,-3954,-4115.5,-4281.6,-4452.3,-4627.8,-4808,-4993,-5182.9,-5377.7,-5577.6,-5782.5,-5992.6,-6207.8,-6428.2,-6653.9,-6885,-7121.5,-7363.4,-7610.8,-7863.8,-8122.4,-8386.6,-8656.6,-8932.3,-9213.8,-9501.1,-9794.3,-10094,-10399,-10710,-11027,-11350
8.09e-07,7.11e-07,-7372.6,-6800.8,-6266.8,-5768.4,-5303.5,-4870.4,-4467,-4091.7,-3742.8,-3418.8,-3118.1,-2839.4,-2581.3,-2342.6,-2122,-1918.5,-1730.9,-1558.3,-1399.6,-1254.1,-1120.7,-998.8,-887.49,-786.08,-693.88,-610.24,-534.54,-466.22,-404.71,-349.5,-300.11,-256.08,-216.97,-182.38,-151.92,-125.24,-102,-81.884,-64.595,-49.855,-37.407,-27.009,-18.435,-11.475,-5.9352,-1.635,1.5928,3.9022,5.4349,6.321,6.6794,6.6184,6.2362,5.6212,4.8528,4.0015,3.1297,2.2917,1.5342,0.89675,0.41214,0.10656,-0,0.10656,0.43472,0.98761,1.7633,2.755,3.9513,5.3364,6.8906,8.5899,10.407,12.31,14.266,16.235,18.178,20.051,21.808,23.4,24.775,25.879,26.658,27.053,27.005,26.451,25.329,23.574,21.119,17.896,13.836,8.8689,2.923,-4.0744,-12.197,-21.519,-32.117,-44.066,-57.444,-72.327,-88.796,-106.93,-126.8,-148.5,-172.1,-197.68,-225.32,-255.11,-287.13,-321.45,-358.16,-397.34,-439.08,-483.45,-530.53,-580.41,-633.17,-688.89,-747.65,-809.53,-874.62,-942.99,-1014.7,-1089.9,-1168.6,-1250.9,-1336.9,-1426.6,-1520.2,-1617.7,-1719.2,-1824.8,-1934.5,-2048.5,-2166.7,-2289.3,-2416.4,-2547.9,-2684.1,-2825,-2970.5,-3120.9,-3276.2,-3436.4,-3601.6,-3772,-3947.4,-4128.1,-4314.1,-4505.4,-4702.2,-4904.4,-5112.1,-5325.5,-5544.5,-5769.3,-5999.8,-6236.2,-6478.4,-6726.7,-6980.9,-7241.2,-7507.6,-7780.1,-8058.9,-8344,-8635.3,-8933.1,-9237.2,-9547.8,-9864.9
8.99e-07,6.39e-07,-12393,-11610,-10871,-10175,-9517.7,-8898.6,-8315.3,-7765.8,-7248.4,-6761.4,-6303.1,-5872.1,-5466.8,-5085.9,-4728.1,-4392,-4076.6,-3780.7,-3503.2,-3243.2,-2999.5,-2771.5,-2558,-2358.4,-2171.9,-1997.7,-1835.1,-1683.4,-1542.1,-1410.4,-1287.9,-1174,-1068.2,-970.07,-879.05,-794.75,-716.77,-644.72,-578.24,-516.98,-460.62,-408.86,-361.4,-317.97,-278.33,-242.23,-209.44,-179.76,-152.99,-128.93,-107.43,-88.324,-71.454,-56.685,-43.887,-32.942,-23.74,-16.178,-10.164,-5.6133,-2.4479,-0.59783,-0,-0.59783,-2.3411,-5.1857,-9.0931,-14.03,-19.97,-26.889,-34.77,-43.599,-53.367,-64.069,-75.705,-88.276,-101.79,-116.25,-131.68,-148.09,-165.5,-183.94,-203.41,-223.96,-245.61,-268.39,-292.34,-317.5,-343.89,-371.56,-400.55,-430.9,-462.66,-495.88,-530.59,-566.86,-604.72,-644.23,-685.44,-728.4,-773.17,-819.81,-868.36,-918.88,-971.44,-1026.1,-1082.9,-1141.9,-1203.1,-1266.7,-1332.7,-1401.1,-1472,-1545.5,-1621.6,-1700.4,-1782,-1866.4,-1953.6,-2043.8,-2137,-2233.2,-2332.6,-2435.1,-2540.9,-2650.1,-2762.5,-2878.5,-2997.9,-3120.9,-3247.4,-3377.7,-3511.7,-3649.5,-3791.2,-3936.8,-4086.3,-4239.9,-4397.6,-4559.4,-4725.5,-4895.8,-5070.5,-5249.5,-5433,-5620.9,-5813.4,-6010.5,-6212.3,-6418.8,-6630,-6846,-7067,-7292.8,-7523.6,-7759.4,-8000.2,-8246.2,-8497.3,-8753.6,-9015.2,-9282.1,-9554.3,-9831.9,-10115,-10403,-10697,-10997,-11302,-11613,-11929
7.88e-07,6.47e-07,-10439,-9779.6,-9159.1,-8575,-8025.3,-7508.1,-7021.5,-6563.9,-6133.7,-5729.3,-5349.2,-4992.1,-4656.7,-4341.7,-4046,-3768.5,-3508.1,-3263.8,-3034.7,-2819.9,-2618.6,-2429.9,-2253.2,-2087.7,-1932.7,-1787.6,-1651.9,-1524.9,-1406.2,-1295.1,-1191.4,-1094.4,-1003.9,-919.33,-840.44,-766.85,-698.24,-634.31,-574.78,-519.38,-467.87,-420.02,-375.62,-334.47,-296.39,-261.21,-228.78,-198.96,-171.61,-146.62,-123.87,-103.28,-84.751,-68.209,-53.585,-40.818,-29.856,-20.655,-13.177,-7.393,-3.2792,-0.81848,-0,-0.81848,-3.2742,-7.3724,-13.124,-20.543,-29.649,-40.467,-53.024,-67.35,-83.482,-101.46,-121.32,-143.11,-166.88,-192.68,-220.56,-250.57,-282.78,-317.25,-354.03,-393.19,-434.8,-478.92,-525.62,-574.97,-627.05,-681.92,-739.66,-800.35,-864.07,-930.88,-1000.9,-1074.1,-1150.7,-1230.7,-1314.2,-1401.3,-1492,-1586.5,-1684.8,-1787,-1893.2,-2003.4,-2117.9,-2236.5,-2359.5,-2486.9,-2618.8,-2755.2,-2896.3,-3042.2,-3192.8,-3348.4,-3508.9,-3674.5,-3845.3,-4021.3,-4202.6,-4389.2,-4581.4,-4779.1,-4982.4,-5191.4,-5406.1,-5626.8,-5853.3,-6085.9,-6324.6,-6569.3,-6820.4,-7077.7,-7341.3,-7611.4,-7888,-8171.2,-8461,-8757.5,-9060.8,-9371,-9688,-10012,-10343,-10681,-11026,-11379,-11738,-12105,-12479,-12861,-13250,-13647,-14051,-14463,-14882,-15310,-15745,-16187,-16638,-17096,-17562,-18036,-18518,-19009,-19507,-20013,-20527,-21049,-21580
8.87e-07,6.35e-07,-12350,-11575,-10843,-10153,-9502.2,-8888.8,-8310.7,-7766.1,-7253.1,-6770.2,-6315.6,-5887.9,-5485.6,-5107.4,-4751.9,-4418,-4104.4,-3810,-3533.8,-3274.8,-3032,-2804.6,-2591.6,-2392.2,-2205.8,-2031.5,-1868.6,-1716.6,-1574.7,-1442.4,-1319.2,-1204.5,-1097.8,-998.6,-906.5,-821.07,-741.9,-668.62,-600.87,-538.32,-480.64,-427.55,-378.75,-334,-293.03,-255.62,-221.56,-190.62,-162.63,-137.41,-114.79,-94.619,-76.748,-61.046,-47.391,-35.669,-25.775,-17.614,-11.097,-6.1465,-2.6888,-0.65931,-0,-0.65931,-2.5919,-5.7584,-10.125,-15.664,-22.351,-30.169,-39.104,-49.148,-60.294,-72.542,-85.896,-100.36,-115.95,-132.67,-150.55,-169.6,-189.85,-211.31,-234.02,-258.01,-283.32,-309.97,-338,-367.45,-398.37,-430.79,-464.76,-500.33,-537.54,-576.44,-617.08,-659.51,-703.79,-749.97,-798.1,-848.24,-900.45,-954.78,-1011.3,-1070,-1131.1,-1194.5,-1260.3,-1328.6,-1399.5,-1472.9,-1549,-1627.9,-1709.5,-1794,-1881.4,-1971.8,-2065.2,-2161.8,-2261.5,-2364.5,-2470.7,-2580.3,-2693.4,-2809.9,-2930,-3053.7,-3181.1,-3312.2,-3447.2,-3586,-3728.7,-3875.5,-4026.3,-4181.2,-4340.3,-4503.6,-4671.2,-4843.2,-5019.6,-5200.4,-5385.8,-5575.8,-5770.5,-5969.8,-6174,-6382.9,-6596.7,-6815.4,-7039.1,-7267.9,-7501.7,-7740.7,-7984.8,-8234.2,-8488.9,-8748.9,-9014.3,-9285.2,-9561.5,-9843.3,-10131,-10424,-10722,-11027,-11337,-11653,-11975,-12302,-12636,-12975,-13321
7.87e-07,6.34e-07,-11310,-10623,-9974.7,-9363.3,-8786.7,-8243.1,-7730.7,-7247.7,-6792.6,-6363.7,-5959.6,-5579,-5220.6,-4883,-4565.3,-4266.1,-3984.5,-3719.6,-3470.3,-3235.7,-3015.1,-2807.6,-2612.5,-2429.1,-2256.7,-2094.7,-1942.5,-1799.5,-1665.2,-1539,-1420.6,-1309.5,-1205.2,-1107.4,-1015.7,-929.73,-849.23,-773.85,-703.33,-637.4,-575.81,-518.33,-464.76,-414.89,-368.54,-325.55,-285.75,-249.01,-215.19,-184.18,-155.87,-130.16,-106.96,-86.189,-67.786,-51.687,-37.839,-26.196,-16.722,-9.3865,-4.1648,-1.0398,-0,-1.0398,-4.1589,-9.3623,-16.66,-26.066,-37.601,-51.286,-67.149,-85.222,-105.54,-128.14,-153.06,-180.35,-210.05,-242.22,-276.91,-314.17,-354.05,-396.63,-441.96,-490.1,-541.11,-595.08,-652.05,-712.11,-775.33,-841.77,-911.51,-984.63,-1061.2,-1141.3,-1225,-1312.4,-1403.5,-1498.5,-1597.4,-1700.3,-1807.3,-1918.5,-2033.9,-2153.6,-2277.7,-2406.3,-2539.5,-2677.4,-2820,-2967.4,-3119.7,-3277,-3439.4,-3606.9,-3779.6,-3957.7,-4141.1,-4330,-4524.5,-4724.6,-4930.4,-5141.9,-5359.4,-5582.8,-5812.2,-6047.7,-6289.3,-6537.2,-6791.4,-7052,-7319.1,-7592.7,-7872.9,-8159.8,-8453.4,-8753.8,-9061,-9375.3,-9696.5,-10025,-10360,-10703,-11053,-11410,-11774,-12146,-12526,-12913,-13307,-13709,-14119,-14537,-14962,-15395,-15836,-16285,-16742,-17207,-17680,-18161,-18650,-19147,-19653,-20166,-20688,-21218,-21757,-22303,-22858,-23422,-23993
8.24e-07,7.07e-07,-7714.4,-7123.5,-6571.2,-6055.2,-5573.7,-5124.5,-4705.9,-4316,-3953.2,-3615.9,-3302.6,-3011.9,-2742.4,-2492.8,-2261.9,-2048.5,-1851.7,-1670.3,-1503.3,-1349.9,-1209.1,-1080.1,-962.2,-854.57,-756.53,-667.42,-586.59,-513.47,-447.48,-388.11,-334.84,-287.21,-244.77,-207.1,-173.81,-144.53,-118.91,-96.626,-77.366,-60.843,-46.789,-34.951,-25.093,-16.998,-10.459,-5.2878,-1.3071,1.6458,3.7219,5.0598,5.7872,6.0208,5.8669,5.4223,4.7744,4.0015,3.1736,2.3527,1.5929,0.94107,0.4372,0.11453,-0,0.11453,0.47331,1.0861,1.9573,3.0867,4.4691,6.095,7.9505,10.018,12.275,14.697,17.255,19.917,22.647,25.408,28.159,30.855,33.451,35.899,38.146,40.142,41.83,43.153,44.055,44.473,44.346,43.611,42.202,40.055,37.102,33.273,28.5,22.713,15.839,7.8061,-1.4581,-12.028,-23.978,-37.383,-52.318,-68.861,-87.087,-107.07,-128.9,-152.64,-178.37,-206.18,-236.14,-268.32,-302.81,-339.69,-379.03,-420.92,-465.43,-512.64,-562.63,-615.47,-671.26,-730.05,-791.94,-857,-925.31,-996.94,-1072,-1150.5,-1232.5,-1318.2,-1407.6,-1500.8,-1597.8,-1698.8,-1803.8,-1912.8,-2026,-2143.4,-2265.1,-2391.1,-2521.6,-2656.6,-2796.2,-2940.4,-3089.3,-3243,-3401.5,-3565,-3733.4,-3906.8,-4085.4,-4269.1,-4458,-4652.2,-4851.8,-5056.7,-5267.2,-5483.1,-5704.7,-5931.8,-6164.7,-6403.3,-6647.7,-6898,-7154.1,-7416.3,-7684.4,-7958.5,-8238.8,-8525.2,-8817.8
8.75e-07,6.78e-07,-9860.6,-9173.2,-8527.6,-7921.7,-7353.3,-6820.3,-6320.8,-5852.9,-5414.9,-5005.1,-4622,-4264,-3929.7,-3617.8,-3327,-3056,-2803.7,-2569.1,-2351,-2148.6,-1960.7,-1786.7,-1625.6,-1476.6,-1339,-1212.1,-1095.2,-987.59,-888.74,-798.04,-714.96,-638.98,-569.61,-506.4,-448.91,-396.72,-349.46,-306.75,-268.25,-233.64,-202.61,-174.87,-150.16,-128.22,-108.82,-91.726,-76.738,-63.661,-52.312,-42.525,-34.141,-27.015,-21.013,-16.011,-11.895,-8.5577,-5.905,-3.8487,-2.3095,-1.2158,-0.50327,-0.11482,-0,-0.11482,-0.42139,-0.88767,-1.4872,-2.1988,-3.0063,-3.8985,-4.8686,-5.9142,-7.0373,-8.2435,-9.5423,-10.947,-12.474,-14.143,-15.978,-18.003,-20.247,-22.742,-25.522,-28.622,-32.081,-35.939,-40.24,-45.027,-50.346,-56.247,-62.778,-69.991,-77.938,-86.673,-96.252,-106.73,-118.17,-130.62,-144.15,-158.81,-174.68,-191.8,-210.25,-230.08,-251.36,-274.16,-298.54,-324.57,-352.32,-381.84,-413.21,-446.49,-481.76,-519.08,-558.52,-600.14,-644.02,-690.22,-738.82,-789.88,-843.46,-899.65,-958.5,-1020.1,-1084.5,-1151.7,-1222,-1295.2,-1371.5,-1450.9,-1533.5,-1619.4,-1708.7,-1801.4,-1897.5,-1997.2,-2100.5,-2207.5,-2318.2,-2432.8,-2551.1,-2673.5,-2799.8,-2930.1,-3064.6,-3203.3,-3346.2,-3493.4,-3644.9,-3800.9,-3961.3,-4126.3,-4295.9,-4470.1,-4649.1,-4832.8,-5021.3,-5214.7,-5413,-5616.2,-5824.6,-6037.9,-6256.5,-6480.2,-6709.1,-6943.3,-7182.8,-7427.7,-7678,-7933.8,-8195.1
9.06e-07,6.75e-07,-10775,-10041,-9351,-8702.4,-8092.9,-7520.6,-6983.3,-6479.3,-6006.6,-5563.6,-5148.7,-4760.3,-4396.9,-4057.2,-3739.8,-3443.4,-3167,-2909.3,-2669.2,-2445.8,-2238.1,-2045.1,-1866,-1700,-1546.2,-1404,-1272.5,-1151.2,-1039.4,-936.55,-841.98,-755.19,-675.68,-602.96,-536.56,-476.06,-421.04,-371.11,-325.91,-285.08,-248.31,-215.28,-185.71,-159.32,-135.85,-115.06,-96.728,-80.637,-66.59,-54.399,-43.89,-34.9,-27.278,-20.883,-15.585,-11.263,-7.8037,-5.1058,-3.0745,-1.6233,-0.67362,-0.15397,-0,-0.15397,-0.56454,-1.1864,-1.9801,-2.9117,-3.9524,-5.0786,-6.2715,-7.5167,-8.8043,-10.129,-11.488,-12.883,-14.321,-15.81,-17.363,-18.995,-20.723,-22.57,-24.558,-26.715,-29.068,-31.649,-34.491,-37.63,-41.101,-44.946,-49.203,-53.916,-59.129,-64.887,-71.237,-78.228,-85.909,-94.33,-103.54,-113.6,-124.56,-136.47,-149.4,-163.38,-178.49,-194.79,-212.32,-231.15,-251.33,-272.94,-296.02,-320.65,-346.87,-374.76,-404.38,-435.78,-469.03,-504.19,-541.33,-580.5,-621.78,-665.22,-710.89,-758.85,-809.17,-861.9,-917.11,-974.87,-1035.2,-1098.3,-1164,-1232.6,-1304,-1378.4,-1455.7,-1536.1,-1619.5,-1706.2,-1796,-1889.2,-1985.7,-2085.6,-2189,-2295.9,-2406.4,-2520.5,-2638.3,-2759.9,-2885.4,-3014.6,-3147.9,-3285.1,-3426.3,-3571.7,-3721.1,-3874.8,-4032.8,-4195,-4361.7,-4532.7,-4708.2,-4888.2,-5072.8,-5261.9,-5455.8,-5654.3,-5857.6,-6065.7,-6278.7,-6496.5,-6719.3
9.35e-07,7.05e-07,-10518,-9776,-9079.3,-8425.1,-7811.1,-7235.2,-6695.3,-6189.6,-5716.1,-5273,-4858.8,-4471.8,-4110.4,-3773.4,-3459.3,-3166.8,-2894.7,-2641.8,-2407,-2189.3,-1987.6,-1801,-1628.6,-1469.5,-1322.9,-1188.1,-1064.3,-950.73,-846.83,-751.94,-665.45,-586.81,-515.47,-450.93,-392.7,-340.32,-293.37,-251.43,-214.11,-181.04,-151.89,-126.32,-104.02,-84.708,-68.098,-53.934,-41.972,-31.982,-23.749,-17.069,-11.753,-7.6225,-4.5104,-2.2614,-0.73029,0.21821,0.70972,0.86077,0.7792,0.56451,0.30829,0.094534,-0,0.094534,0.44139,1.0975,2.1138,3.5355,5.4023,7.7487,10.604,13.993,17.936,22.449,27.544,33.227,39.504,46.375,53.836,61.881,70.501,79.684,89.414,99.674,110.44,121.7,133.41,145.56,158.12,171.05,184.31,197.88,211.72,225.79,240.05,254.45,268.96,283.53,298.12,312.68,327.15,341.5,355.68,369.63,383.3,396.64,409.59,422.11,434.14,445.63,456.51,466.74,476.25,484.99,492.91,499.94,506.03,511.12,515.14,518.05,519.79,520.29,519.49,517.33,513.77,508.73,502.15,493.98,484.16,472.63,459.32,444.18,427.15,408.17,387.18,364.12,338.93,311.56,281.94,250.01,215.72,179.01,139.82,98.089,53.767,6.7936,-42.888,-95.334,-150.6,-208.75,-269.82,-333.89,-401,-471.2,-544.56,-621.12,-700.94,-784.07,-870.57,-960.48,-1053.9,-1150.8,-1251.2,-1355.3,-1463.1,-1574.6,-1689.8,-1808.9,-1931.8,-2058.6,-2189.4
9.05e-07,6.82e-07,-10454,-9731.3,-9051.9,-8413.7,-7814.5,-7252.2,-6724.8,-6230.3,-5767.1,-5333.3,-4927.4,-4547.8,-4193,-3861.7,-3552.5,-3264.2,-2995.6,-2745.5,-2512.9,-2296.8,-2096.2,-1910.1,-1737.7,-1578.2,-1430.8,-1294.7,-1169.3,-1053.8,-947.65,-850.21,-760.92,-679.24,-604.66,-536.7,-474.89,-418.8,-368.02,-322.17,-280.87,-243.78,-210.58,-180.95,-154.62,-131.3,-110.74,-92.693,-76.943,-63.273,-51.485,-41.393,-32.824,-25.614,-19.615,-14.685,-10.694,-7.523,-5.06,-3.2031,-1.8585,-0.9403,-0.37052,-0.078348,-0,-0.078348,-0.26262,-0.50812,-0.77591,-1.0326,-1.2501,-1.4052,-1.4797,-1.4597,-1.3359,-1.103,-0.75975,-0.30851,0.24465,0.89024,1.6156,2.4048,3.2393,4.0973,4.9548,5.7848,6.5584,7.244,7.808,8.2147,8.4265,8.4039,8.1056,7.4888,6.509,5.1201,3.2749,0.92467,-1.9806,-5.492,-9.6618,-14.543,-20.19,-26.659,-34.004,-42.283,-51.554,-61.874,-73.303,-85.9,-99.725,-114.84,-131.3,-149.18,-168.52,-189.41,-211.89,-236.03,-261.89,-289.54,-319.04,-350.45,-383.84,-419.27,-456.8,-496.5,-538.43,-582.66,-629.25,-678.25,-729.75,-783.79,-840.45,-899.78,-961.85,-1026.7,-1094.5,-1165.1,-1238.8,-1315.5,-1395.3,-1478.3,-1564.5,-1654,-1746.8,-1843.1,-1942.9,-2046.1,-2153,-2263.5,-2377.8,-2495.8,-2617.6,-2743.3,-2872.9,-3006.5,-3144.2,-3285.9,-3431.8,-3581.9,-3736.3,-3895,-4058,-4225.4,-4397.4,-4573.8,-4754.8,-4940.3,-5130.6,-5325.6,-5525.3,-5729.8,-5939.1
8.47e-07,6.55e-07,-10437,-9745.9,-9095.9,-8484.7,-7910.2,-7370.5,-6863.5,-6387.4,-5940.7,-5521.6,-5128.7,-4760.4,-4415.3,-4092.3,-3789.9,-3507.1,-3242.7,-2995.6,-2764.9,-2549.6,-2348.8,-2161.6,-1987.2,-1824.9,-1673.9,-1533.5,-1403.1,-1282.1,-1169.9,-1065.9,-969.61,-880.54,-798.24,-722.25,-652.16,-587.59,-528.17,-473.55,-423.41,-377.44,-335.36,-296.89,-261.79,-229.82,-200.76,-174.41,-150.56,-129.06,-109.72,-92.402,-76.958,-63.259,-51.184,-40.624,-31.478,-23.656,-17.074,-11.658,-7.3415,-4.0659,-1.7793,-0.43677,-0,-0.43677,-1.7208,-3.8315,-6.7536,-10.477,-14.996,-20.31,-26.424,-33.344,-41.083,-49.656,-59.083,-69.386,-80.592,-92.729,-105.83,-119.93,-135.06,-151.27,-168.6,-187.09,-206.79,-227.74,-250.01,-273.63,-298.67,-325.17,-353.21,-382.82,-414.09,-447.06,-481.79,-518.36,-556.83,-597.25,-639.7,-684.24,-730.95,-779.88,-831.11,-884.71,-940.74,-999.29,-1060.4,-1124.2,-1190.7,-1260,-1332.1,-1407.2,-1485.3,-1566.4,-1650.8,-1738.3,-1829.2,-1923.4,-2021.1,-2122.3,-2227,-2335.5,-2447.6,-2563.6,-2683.4,-2807.2,-2935,-3066.9,-3202.9,-3343.2,-3487.8,-3636.7,-3790.1,-3947.9,-4110.4,-4277.4,-4449.2,-4625.7,-4807.1,-4993.4,-5184.6,-5380.9,-5582.2,-5788.7,-6000.4,-6217.4,-6439.7,-6667.4,-6900.6,-7139.2,-7383.5,-7633.3,-7888.9,-8150.1,-8417.2,-8690,-8968.8,-9253.5,-9544.2,-9841,-10144,-10453,-10768,-11089,-11417,-11751,-12091,-12438,-12791,-13151,-13517
8.37e-07,6.71e-07,-9456.1,-8802.4,-8188.8,-7613.1,-7073.1,-6566.9,-6092.6,-5648.3,-5232.5,-4843.5,-4479.8,-4139.9,-3822.5,-3526.2,-3249.9,-2992.3,-2752.4,-2529.1,-2321.4,-2128.4,-1949.2,-1782.9,-1628.8,-1486.1,-1354,-1231.9,-1119.1,-1015.1,-919.31,-831.1,-750.01,-675.55,-607.27,-544.74,-487.55,-435.33,-387.71,-344.35,-304.95,-269.2,-236.83,-207.57,-181.19,-157.44,-136.13,-117.04,-100,-84.839,-71.392,-59.515,-49.073,-39.942,-32.008,-25.168,-19.325,-14.397,-10.304,-6.9798,-4.3624,-2.3987,-1.0424,-0.25384,-0,-0.25384,-0.99417,-2.2054,-3.8771,-6.004,-8.5855,-11.626,-15.133,-19.12,-23.603,-28.601,-34.14,-40.245,-46.947,-54.279,-62.277,-70.98,-80.43,-90.67,-101.75,-113.71,-126.6,-140.49,-155.41,-171.43,-188.61,-207,-226.67,-247.67,-270.08,-293.94,-319.34,-346.34,-374.99,-405.38,-437.57,-471.64,-507.64,-545.66,-585.76,-628.02,-672.51,-719.31,-768.48,-820.11,-874.26,-931.01,-990.44,-1052.6,-1117.6,-1185.5,-1256.4,-1330.3,-1407.4,-1487.6,-1571.2,-1658.1,-1748.4,-1842.2,-1939.6,-2040.6,-2145.4,-2253.9,-2366.4,-2482.7,-2603.1,-2727.6,-2856.2,-2989.1,-3126.3,-3267.8,-3413.8,-3564.3,-3719.4,-3879.1,-4043.6,-4212.8,-4386.9,-4565.9,-4749.9,-4938.9,-5133.1,-5332.4,-5536.9,-5746.8,-5962,-6182.6,-6408.7,-6640.4,-6877.6,-7120.5,-7369.2,-7623.5,-7883.7,-8149.8,-8421.8,-8699.7,-8983.7,-9273.8,-9570,-9872.3,-10181,-10496,-10817,-11144,-11478,-11819,-12165
8.39e-07,6.6e-07,-10046,-9372.1,-8738.6,-8143.5,-7584.4,-7059.6,-6567,-6105,-5671.7,-5265.6,-4885.2,-4529,-4195.6,-3883.8,-3592.3,-3319.9,-3065.5,-2828.1,-2606.7,-2400.3,-2208,-2029.1,-1862.6,-1707.9,-1564.1,-1430.7,-1307,-1192.4,-1086.2,-988.03,-897.29,-813.5,-736.22,-665,-599.46,-539.19,-483.84,-433.07,-386.56,-344.02,-305.16,-269.72,-237.46,-208.14,-181.54,-157.48,-135.76,-116.21,-98.677,-83.002,-69.052,-56.702,-45.836,-36.349,-28.145,-21.138,-15.249,-10.408,-6.5527,-3.6286,-1.588,-0.38992,-0,-0.38992,-1.5372,-3.4251,-6.0419,-9.3811,-13.441,-18.224,-23.738,-29.995,-37.008,-44.798,-53.386,-62.799,-73.066,-84.219,-96.293,-109.33,-123.36,-138.43,-154.59,-171.89,-190.37,-210.08,-231.08,-253.43,-277.18,-302.38,-329.1,-357.4,-387.34,-418.99,-452.4,-487.65,-524.8,-563.92,-605.08,-648.34,-693.77,-741.46,-791.46,-843.84,-898.69,-956.07,-1016.1,-1078.7,-1144.1,-1212.4,-1283.5,-1357.7,-1434.8,-1515.1,-1598.6,-1685.4,-1775.5,-1869,-1966,-2066.6,-2170.8,-2278.7,-2390.5,-2506,-2625.6,-2749.1,-2876.7,-3008.5,-3144.4,-3284.7,-3429.3,-3578.4,-3732,-3890.1,-4052.9,-4220.4,-4392.7,-4569.9,-4751.9,-4938.9,-5131,-5328.1,-5530.5,-5738.1,-5950.9,-6169.2,-6392.8,-6621.9,-6856.6,-7096.9,-7342.8,-7594.5,-7851.9,-8115.1,-8384.2,-8659.3,-8940.3,-9227.4,-9520.6,-9819.9,-10125,-10437,-10755,-11079,-11410,-11747,-12091,-12441,-12797,-13161,-13530
8.11e-07,6.28e-07,-11744,-11029,-10354,-9717.7,-9117.4,-8551.1,-8017.2,-7513.8,-7039.2,-6592,-6170.5,-5773.5,-5399.5,-5047.3,-4715.6,-4403.5,-4109.7,-3833.2,-3573.1,-3328.5,-3098.5,-2882.2,-2679,-2488,-2308.6,-2140.1,-1981.9,-1833.4,-1694.1,-1563.4,-1440.8,-1326,-1218.3,-1117.5,-1023.2,-934.87,-852.32,-775.18,-703.16,-635.97,-573.35,-515.05,-460.85,-410.52,-363.88,-320.73,-280.91,-244.25,-210.61,-179.86,-151.87,-126.54,-103.75,-83.419,-65.462,-49.804,-36.379,-25.13,-16.006,-8.9641,-3.9678,-0.98759,-0,-0.98759,-3.9385,-8.8463,-15.71,-24.532,-35.322,-48.091,-62.857,-79.641,-98.465,-119.36,-142.36,-167.49,-194.79,-224.31,-256.08,-290.16,-326.59,-365.42,-406.71,-450.5,-496.86,-545.84,-597.51,-651.93,-709.15,-769.25,-832.29,-898.33,-967.46,-1039.7,-1115.2,-1194,-1276.1,-1361.7,-1450.7,-1543.4,-1639.7,-1739.7,-1843.5,-1951.2,-2062.9,-2178.6,-2298.4,-2422.4,-2550.6,-2683.2,-2820.2,-2961.7,-3107.8,-3258.5,-3414,-3574.2,-3739.3,-3909.4,-4084.5,-4264.7,-4450.1,-4640.7,-4836.6,-5038,-5244.8,-5457.2,-5675.2,-5898.9,-6128.3,-6363.6,-6604.8,-6851.9,-7105.1,-7364.4,-7629.8,-7901.5,-8179.5,-8463.8,-8754.6,-9051.9,-9355.7,-9666.1,-9983.2,-10307,-10638,-10975,-11319,-11671,-12029,-12394,-12767,-13147,-13533,-13927,-14329,-14738,-15154,-15577,-16008,-16447,-16893,-17346,-17808,-18277,-18753,-19237,-19729,-20229,-20737,-21252,-21775
8.52e-07,6.44e-07,-11140,-10423,-9748.1,-9112.4,-8513.9,-7950.7,-7420.9,-6922.6,-6454.2,-6014,-5600.5,-5212.2,-4847.6,-4505.6,-4184.8,-3884,-3602.2,-3338.1,-3091,-2859.7,-2643.3,-2441.1,-2252.1,-2075.6,-1911,-1757.4,-1614.2,-1480.8,-1356.6,-1241.1,-1133.7,-1033.9,-941.3,-855.4,-775.81,-702.12,-633.96,-570.98,-512.86,-459.27,-409.95,-364.6,-322.97,-284.83,-249.95,-218.12,-189.14,-162.84,-139.04,-117.59,-98.345,-81.165,-65.929,-52.525,-40.848,-30.804,-22.307,-15.279,-9.6505,-5.3598,-2.3521,-0.57924,-0,-0.57924,-2.2878,-5.1023,-9.0045,-13.982,-20.026,-27.133,-35.305,-44.547,-54.869,-66.282,-78.805,-92.458,-107.26,-123.25,-140.44,-158.88,-178.59,-199.62,-222,-245.78,-271,-297.71,-325.95,-355.78,-387.24,-420.4,-455.31,-492.01,-530.58,-571.07,-613.54,-658.04,-704.66,-753.43,-804.44,-857.75,-913.41,-971.5,-1032.1,-1095.2,-1161,-1229.5,-1300.7,-1374.8,-1451.8,-1531.8,-1614.8,-1700.9,-1790.2,-1882.8,-1978.7,-2078,-2180.8,-2287.1,-2397,-2510.7,-2628,-2749.2,-2874.3,-3003.3,-3136.4,-3273.6,-3414.9,-3560.5,-3710.4,-3864.7,-4023.4,-4186.6,-4354.5,-4526.9,-4704.1,-4886,-5072.8,-5264.5,-5461.1,-5662.8,-5869.6,-6081.5,-6298.6,-6521,-6748.8,-6981.9,-7220.6,-7464.7,-7714.3,-7969.6,-8230.6,-8497.3,-8769.8,-9048.2,-9332.4,-9622.5,-9918.7,-10221,-10529,-10844,-11164,-11491,-11824,-12163,-12509,-12861,-13220,-13585,-13957,-14335,-14719
8.52e-07,6.33e-07,-11815,-11076,-10379,-9721.5,-9101.8,-8517.9,-7967.7,-7449.5,-6961.5,-6502.1,-6069.8,-5663.1,-5280.6,-4920.9,-4582.9,-4265.2,-3966.9,-3686.8,-3424,-3177.4,-2946.1,-2729.3,-2526.1,-2335.9,-2157.7,-1991.1,-1835.2,-1689.5,-1553.3,-1426.2,-1307.6,-1197,-1093.8,-997.81,-908.43,-825.31,-748.08,-676.39,-609.91,-548.32,-491.34,-438.69,-390.11,-345.36,-304.23,-266.49,-231.95,-200.43,-171.76,-145.77,-122.33,-101.3,-82.558,-65.982,-51.471,-38.93,-28.271,-19.417,-12.297,-6.8469,-3.0123,-0.74409,-0,-0.74409,-2.9464,-6.5825,-11.634,-18.086,-25.931,-35.164,-45.785,-57.8,-71.216,-86.046,-102.31,-120.02,-139.2,-159.88,-182.09,-205.85,-231.21,-258.2,-286.86,-317.23,-349.35,-383.27,-419.05,-456.71,-496.33,-537.95,-581.62,-627.4,-675.35,-725.53,-778,-832.8,-890.02,-949.71,-1011.9,-1076.7,-1144.2,-1214.4,-1287.4,-1363.3,-1442.1,-1523.9,-1608.7,-1696.7,-1787.9,-1882.4,-1980.1,-2081.4,-2186,-2294.3,-2406.1,-2521.7,-2641,-2764.1,-2891.1,-3022.1,-3157.1,-3296.2,-3439.5,-3587.1,-3738.9,-3895.2,-4055.9,-4221.1,-4390.8,-4565.3,-4744.4,-4928.4,-5117.1,-5310.8,-5509.5,-5713.2,-5922,-6135.9,-6355.1,-6579.6,-6809.4,-7044.7,-7285.4,-7531.6,-7783.5,-8040.9,-8304.1,-8573,-8847.7,-9128.3,-9414.8,-9707.3,-10006,-10310,-10621,-10938,-11261,-11590,-11926,-12268,-12616,-12971,-13332,-13700,-14074,-14455,-14843,-15237,-15638,-16046,-16460
9.13e-07,6.39e-07,-12748,-11946,-11189,-10475,-9801,-9165.9,-8567.2,-8003.1,-7471.7,-6971.3,-6500.3,-6057.1,-5640.2,-5248.3,-4879.9,-4533.9,-4209,-3904,-3617.9,-3349.7,-3098.4,-2863,-2642.7,-2436.6,-2243.9,-2063.9,-1895.9,-1739.1,-1592.9,-1456.8,-1330.1,-1212.2,-1102.8,-1001.2,-907,-819.77,-739.08,-664.53,-595.75,-532.39,-474.11,-420.59,-371.55,-326.69,-285.76,-248.51,-214.7,-184.12,-156.55,-131.81,-109.72,-90.109,-72.816,-57.697,-44.616,-33.446,-24.07,-16.38,-10.276,-5.6659,-2.4664,-0.60093,-0,-0.60093,-2.3475,-5.1896,-9.0829,-13.989,-19.874,-26.711,-34.475,-43.148,-52.716,-63.168,-74.498,-86.705,-99.789,-113.76,-128.61,-144.37,-161.05,-178.65,-197.21,-216.75,-237.29,-258.85,-281.47,-305.18,-330.01,-356,-383.18,-411.6,-441.29,-472.29,-504.66,-538.42,-573.64,-610.36,-648.62,-688.47,-729.97,-773.17,-818.12,-864.87,-913.47,-963.99,-1016.5,-1071,-1127.6,-1186.3,-1247.2,-1310.3,-1375.8,-1443.6,-1513.9,-1586.6,-1661.9,-1739.8,-1820.3,-1903.6,-1989.6,-2078.5,-2170.3,-2265,-2362.8,-2463.7,-2567.6,-2674.8,-2785.3,-2899,-3016.2,-3136.8,-3260.8,-3388.5,-3519.7,-3654.6,-3793.2,-3935.7,-4081.9,-4232.1,-4386.2,-4544.3,-4706.5,-4872.8,-5043.3,-5218,-5397,-5580.4,-5768.1,-5960.3,-6156.9,-6358.1,-6563.9,-6774.4,-6989.5,-7209.4,-7434.1,-7663.6,-7898,-8137.3,-8381.6,-8630.9,-8885.3,-9144.8,-9409.5,-9679.3,-9954.4,-10235,-10520,-10811,-11108
9.09e-07,6.44e-07,-12365,-11577,-10835,-10134,-9474.4,-8852.5,-8266.7,-7715.1,-7195.9,-6707.4,-6247.9,-5815.8,-5409.8,-5028.3,-4670.2,-4334,-4018.7,-3723.1,-3446,-3186.5,-2943.6,-2716.4,-2504,-2305.5,-2120.2,-1947.3,-1786.1,-1636,-1496.2,-1366.2,-1245.4,-1133.2,-1029.2,-932.82,-843.62,-761.16,-685.04,-614.84,-550.21,-490.8,-436.26,-386.3,-340.61,-298.92,-260.97,-226.52,-195.33,-167.18,-141.88,-119.23,-99.055,-81.193,-65.486,-51.791,-39.974,-29.911,-21.487,-14.595,-9.1398,-5.0304,-2.1857,-0.53128,-0,-0.53128,-2.071,-4.571,-7.9893,-12.289,-17.439,-23.413,-30.189,-37.751,-46.085,-55.185,-65.045,-75.665,-87.048,-99.2,-112.13,-125.86,-140.39,-155.75,-171.96,-189.04,-207.02,-225.92,-245.79,-266.65,-288.53,-311.48,-335.53,-360.72,-387.09,-414.69,-443.57,-473.76,-505.32,-538.3,-572.73,-608.69,-646.21,-685.35,-726.16,-768.69,-813.02,-859.17,-907.23,-957.23,-1009.2,-1063.3,-1119.5,-1177.9,-1238.5,-1301.5,-1366.8,-1434.5,-1504.7,-1577.4,-1652.8,-1730.8,-1811.5,-1895,-1981.4,-2070.7,-2162.9,-2258.2,-2356.6,-2458.1,-2562.8,-2670.8,-2782.2,-2896.9,-3015.1,-3136.8,-3262,-3390.9,-3523.5,-3659.8,-3800,-3944,-4091.9,-4243.8,-4399.7,-4559.7,-4723.9,-4892.2,-5064.8,-5241.8,-5423,-5608.7,-5798.9,-5993.6,-6192.8,-6396.7,-6605.3,-6818.5,-7036.6,-7259.4,-7487.2,-7719.8,-7957.4,-8200,-8447.7,-8700.4,-8958.3,-9221.4,-9489.7,-9763.2,-10042,-10326,-10616
