8.34e-07,6.37e-07,-11398,-10682,-10007,-9370.6,-8771.3,-8206.8,-7675.2,-7174.8,-6703.7,-6260.5,-5843.6,-5451.5,-5082.9,-4736.5,-4411.1,-4105.4,-3818.5,-3549.1,-3296.5,-3059.5,-2837.3,-2629.1,-2434,-2251.3,-2080.4,-1920.4,-1770.8,-1631,-1500.3,-1378.3,-1264.5,-1158.3,-1059.3,-967.01,-881.12,-801.2,-726.91,-657.9,-593.86,-534.48,-479.49,-428.63,-381.64,-338.32,-298.43,-261.78,-228.18,-197.48,-169.49,-144.08,-121.11,-100.46,-82.015,-65.664,-51.316,-38.884,-28.291,-19.468,-12.353,-6.8923,-3.039,-0.75284,-0,-0.75284,-2.9895,-6.6938,-11.855,-18.466,-26.527,-36.041,-47.015,-59.462,-73.396,-88.838,-105.81,-124.34,-144.46,-166.19,-189.58,-214.66,-241.47,-270.06,-300.47,-332.75,-366.95,-403.12,-441.31,-481.58,-523.99,-568.59,-615.44,-664.61,-716.15,-770.14,-826.63,-885.68,-947.38,-1011.8,-1078.9,-1149,-1221.9,-1297.8,-1376.7,-1458.8,-1544.1,-1632.6,-1724.5,-1819.8,-1918.5,-2020.8,-2126.8,-2236.4,-2349.9,-2467.1,-2588.3,-2713.5,-2842.8,-2976.2,-3113.8,-3255.7,-3402,-3552.7,-3707.9,-3867.7,-4032.1,-4201.3,-4375.2,-4554,-4737.7,-4926.5,-5120.3,-5319.2,-5523.3,-5732.7,-5947.4,-6167.6,-6393.1,-6624.3,-6861,-7103.4,-7351.5,-7605.3,-7865.1,-8130.7,-8402.3,-8679.9,-8963.5,-9253.3,-9549.3,-9851.6,-10160,-10475,-10796,-11124,-11458,-11799,-12146,-12500,-12861,-13228,-13603,-13984,-14372,-14766,-15168,-15577,-15992,-16415,-16845,-17282,-17726
7.6e-07,6.99e-07,-7813.3,-7254.2,-6731.1,-6241.8,-5784.4,-5357,-4957.8,-4585.3,-4237.8,-3913.9,-3612,-3331,-3069.4,-2826.2,-2600.1,-2390.2,-2195.4,-2014.7,-1847.3,-1692.3,-1548.8,-1416.2,-1293.7,-1180.6,-1076.3,-980.12,-891.6,-810.16,-735.31,-666.55,-603.46,-545.62,-492.63,-444.13,-399.77,-359.24,-322.23,-288.47,-257.7,-229.67,-204.16,-180.97,-159.89,-140.76,-123.41,-107.7,-93.479,-80.632,-69.046,-58.62,-49.263,-40.896,-33.449,-26.858,-21.073,-16.048,-11.747,-8.1415,-5.2087,-2.9339,-1.3083,-0.32925,-0,-0.32925,-1.331,-3.024,-5.4321,-8.5833,-12.51,-17.249,-22.839,-29.326,-36.755,-45.178,-54.648,-65.221,-76.957,-89.917,-104.17,-119.77,-136.79,-155.31,-175.4,-197.12,-220.57,-245.8,-272.91,-301.97,-333.06,-366.27,-401.68,-439.38,-479.44,-521.96,-567.03,-614.72,-665.14,-718.36,-774.49,-833.6,-895.78,-961.14,-1029.8,-1101.7,-1177.1,-1256.1,-1338.6,-1424.9,-1515,-1608.9,-1706.9,-1808.9,-1915.1,-2025.6,-2140.4,-2259.7,-2383.4,-2511.8,-2644.9,-2782.8,-2925.6,-3073.3,-3226.1,-3384,-3547.1,-3715.6,-3889.4,-4068.7,-4253.6,-4444.1,-4640.3,-4842.3,-5050.2,-5264,-5483.9,-5709.9,-5942.1,-6180.5,-6425.3,-6676.5,-6934.1,-7198.3,-7469.1,-7746.6,-8030.9,-8322,-8619.9,-8924.9,-9236.8,-9555.8,-9881.9,-10215,-10556,-10904,-11259,-11622,-11992,-12369,-12755,-13147,-13548,-13956,-14372,-14796,-15227,-15667,-16114,-16569,-17033,-17504,-17983
9.3e-07,6.51e-07,-12649,-11841,-11079,-10360,-9683,-9044.5,-8443.1,-7876.8,-7343.7,-6842,-6370.2,-5926.5,-5509.7,-5118.1,-4750.4,-4405.4,-4081.8,-3778.5,-3494.3,-3228.3,-2979.3,-2746.5,-2529,-2325.8,-2136.3,-1959.5,-1794.9,-1641.6,-1499,-1366.6,-1243.6,-1129.6,-1024,-926.26,-835.95,-752.61,-675.8,-605.1,-540.15,-480.56,-426,-376.14,-330.68,-289.31,-251.77,-217.8,-187.16,-159.62,-134.95,-112.97,-93.486,-76.313,-61.289,-48.26,-37.081,-27.617,-19.744,-13.345,-8.3137,-4.551,-1.9656,-0.47404,-0,-0.47404,-1.8333,-4.0211,-6.9868,-10.686,-15.078,-20.13,-25.811,-32.098,-38.971,-46.413,-54.413,-62.963,-72.06,-81.703,-91.895,-102.64,-113.95,-125.84,-138.32,-151.41,-165.13,-179.51,-194.56,-210.31,-226.8,-244.06,-262.11,-280.99,-300.75,-321.41,-343.02,-365.62,-389.25,-413.95,-439.77,-466.75,-494.95,-524.41,-555.17,-587.3,-620.83,-655.82,-692.33,-730.4,-770.09,-811.46,-854.55,-899.42,-946.13,-994.73,-1045.3,-1097.8,-1152.5,-1209.2,-1268.1,-1329.3,-1392.7,-1458.5,-1526.7,-1597.4,-1670.6,-1746.4,-1824.8,-1905.9,-1989.8,-2076.5,-2166,-2258.5,-2354,-2452.5,-2554.1,-2658.9,-2766.8,-2878.1,-2992.7,-3110.6,-3232,-3356.9,-3485.4,-3617.4,-3753.1,-3892.6,-4035.7,-4182.7,-4333.6,-4488.4,-4647.2,-4810,-4976.8,-5147.8,-5323,-5502.4,-5686.1,-5874.1,-6066.5,-6263.3,-6464.5,-6670.3,-6880.6,-7095.6,-7315.1,-7539.4,-7768.4,-8002.2,-8240.8,-8484.2,-8732.5
9.39e-07,6.73e-07,-11902,-11114,-10371,-9672.4,-9014.4,-8395.4,-7813.3,-7266.2,-6752.1,-6269.4,-5816.3,-5391.3,-4992.9,-4619.5,-4269.9,-3942.8,-3636.8,-3350.9,-3083.9,-2834.7,-2602.4,-2386,-2184.5,-1997.2,-1823.2,-1661.7,-1511.9,-1373.2,-1244.9,-1126.4,-1017.1,-916.33,-823.63,-738.47,-660.38,-588.87,-523.52,-463.92,-409.67,-360.4,-315.77,-275.44,-239.09,-206.44,-177.21,-151.13,-127.95,-107.45,-89.406,-73.608,-59.866,-47.998,-37.836,-29.22,-22.004,-16.048,-11.226,-7.4173,-4.5119,-2.4078,-1.0108,-0.23465,-0,-0.23465,-0.87297,-1.8557,-3.1295,-4.647,-6.3662,-8.2504,-10.268,-12.392,-14.6,-16.874,-19.2,-21.569,-23.974,-26.414,-28.888,-31.402,-33.962,-36.58,-39.268,-42.042,-44.921,-47.926,-51.08,-54.409,-57.94,-61.703,-65.729,-70.052,-74.707,-79.73,-85.16,-91.036,-97.4,-104.29,-111.76,-119.84,-128.59,-138.05,-148.27,-159.3,-171.18,-183.97,-197.72,-212.48,-228.3,-245.24,-263.34,-282.68,-303.29,-325.23,-348.57,-373.35,-399.63,-427.47,-456.93,-488.05,-520.91,-555.55,-592.04,-630.43,-670.78,-713.15,-757.59,-804.17,-852.94,-903.95,-957.28,-1013,-1071.1,-1131.7,-1194.8,-1260.5,-1328.9,-1400,-1473.8,-1550.5,-1630.1,-1712.5,-1798,-1886.5,-1978.2,-2072.9,-2170.9,-2272.2,-2376.8,-2484.7,-2596.1,-2710.9,-2829.3,-2951.2,-3076.8,-3206.1,-3339.1,-3475.9,-3616.6,-3761.1,-3909.5,-4062,-4218.4,-4379,-4543.6,-4712.5,-4885.5,-5062.8,-5244.5,-5430.4,-5620.8
8.48e-07,6.37e-07,-11580,-10850,-10162,-9514,-8903.2,-8327.8,-7785.9,-7275.8,-6795.6,-6343.8,-5918.8,-5519.2,-5143.5,-4790.5,-4458.8,-4147.4,-3855.1,-3580.8,-3323.5,-3082.3,-2856.2,-2644.4,-2446,-2260.4,-2086.7,-1924.4,-1772.6,-1630.8,-1498.5,-1375,-1259.9,-1152.6,-1052.6,-959.63,-873.15,-792.8,-718.2,-649,-584.89,-525.54,-470.68,-420.03,-373.34,-330.36,-290.88,-254.69,-221.59,-191.4,-163.96,-139.11,-116.71,-96.617,-78.719,-62.9,-49.057,-37.098,-26.938,-18.499,-11.715,-6.5226,-2.8697,-0.7089,-0,-0.7089,-2.8075,-6.2732,-11.089,-17.243,-24.728,-33.541,-43.685,-55.166,-67.994,-82.183,-97.75,-114.72,-133.11,-152.95,-174.27,-197.11,-221.5,-247.48,-275.09,-304.37,-335.37,-368.13,-402.71,-439.15,-477.51,-517.84,-560.19,-604.63,-651.21,-700,-751.04,-804.41,-860.16,-918.37,-979.09,-1042.4,-1108.3,-1177,-1248.4,-1322.7,-1399.9,-1480.1,-1563.3,-1649.7,-1739.2,-1832.1,-1928.2,-2027.8,-2130.8,-2237.4,-2347.6,-2461.4,-2579.1,-2700.5,-2825.9,-2955.2,-3088.6,-3226.1,-3367.8,-3513.7,-3663.9,-3818.5,-3977.6,-4141.2,-4309.4,-4482.3,-4659.8,-4842.2,-5029.4,-5221.6,-5418.8,-5621,-5828.3,-6040.8,-6258.6,-6481.6,-6710.1,-6943.9,-7183.3,-7428.2,-7678.7,-7934.9,-8196.8,-8464.5,-8738,-9017.4,-9302.7,-9594.1,-9891.4,-10195,-10505,-10820,-11142,-11471,-11806,-12147,-12494,-12848,-13209,-13576,-13949,-14330,-14717,-15110,-15511,-15918,-16332
8.48e-07,6.8e-07,-9291,-8636.3,-8022.1,-7446.1,-6906.3,-6400.6,-5927.1,-5484,-5069.7,-4682.4,-4320.7,-3983,-3668,-3374.4,-3101,-2846.5,-2609.8,-2389.9,-2185.7,-1996.4,-1820.9,-1658.5,-1508.3,-1369.6,-1241.6,-1123.7,-1015.1,-915.32,-823.73,-739.78,-662.95,-592.74,-528.69,-470.36,-417.34,-369.24,-325.68,-286.34,-250.87,-218.98,-190.37,-164.78,-141.96,-121.68,-103.7,-87.832,-73.876,-61.656,-51.008,-41.777,-33.823,-27.014,-21.23,-16.362,-12.309,-8.9797,-6.2916,-4.1704,-2.5497,-1.3706,-0.58143,-0.13733,-0,-0.13733,-0.52314,-1.1369,-1.9633,-2.9925,-4.2192,-5.6427,-7.267,-9.1002,-11.154,-13.445,-15.992,-18.817,-21.948,-25.413,-29.245,-33.478,-38.15,-43.301,-48.974,-55.213,-62.065,-69.579,-77.806,-86.798,-96.61,-107.3,-118.92,-131.53,-145.19,-159.97,-175.92,-193.11,-211.6,-231.47,-252.76,-275.57,-299.94,-325.95,-353.67,-383.17,-414.52,-447.8,-483.06,-520.38,-559.85,-601.52,-645.47,-691.77,-740.5,-791.74,-845.54,-901.99,-961.16,-1023.1,-1088,-1155.7,-1226.5,-1300.4,-1377.4,-1457.7,-1541.3,-1628.2,-1718.6,-1812.5,-1910.1,-2011.2,-2116.1,-2224.9,-2337.5,-2454,-2574.6,-2699.2,-2828,-2961,-3098.3,-3240,-3386.1,-3536.6,-3691.7,-3851.5,-4015.9,-4185.1,-4359,-4537.9,-4721.6,-4910.4,-5104.2,-5303.1,-5507.2,-5716.6,-5931.2,-6151.1,-6376.5,-6607.3,-6843.6,-7085.4,-7332.9,-7586,-7844.9,-8109.5,-8379.9,-8656.2,-8938.4,-9226.5,-9520.6,-9820.8,-10127
8.18e-07,6.47e-07,-10621,-9939.8,-9298,-8694,-8125.7,-7591.1,-7088.4,-6615.8,-6171.7,-5754.4,-5362.5,-4994.6,-4649.3,-4325.3,-4021.5,-3736.6,-3469.6,-3219.5,-2985.3,-2766,-2560.9,-2369,-2189.6,-2022,-1865.4,-1719.2,-1582.8,-1455.6,-1336.9,-1226.4,-1123.5,-1027.6,-938.5,-855.64,-778.66,-707.19,-640.88,-579.41,-522.48,-469.8,-421.11,-376.14,-334.68,-296.51,-261.42,-229.22,-199.74,-172.82,-148.31,-126.07,-105.99,-87.933,-71.806,-57.514,-44.969,-34.096,-24.825,-17.097,-10.859,-6.0655,-2.6779,-0.66458,-0,-0.66458,-2.6445,-5.9313,-10.522,-16.417,-23.624,-32.154,-42.02,-53.243,-65.844,-79.851,-95.293,-112.2,-130.62,-150.57,-172.12,-195.29,-220.13,-246.71,-275.06,-305.24,-337.3,-371.31,-407.32,-445.4,-485.6,-527.99,-572.63,-619.59,-668.95,-720.75,-775.09,-832.02,-891.61,-953.95,-1019.1,-1087.1,-1158.1,-1232.2,-1309.3,-1389.6,-1473.2,-1560.2,-1650.5,-1744.3,-1841.7,-1942.8,-2047.6,-2156.1,-2268.6,-2385,-2505.4,-2630,-2758.7,-2891.7,-3029,-3170.8,-3317,-3467.8,-3623.2,-3783.4,-3948.4,-4118.2,-4292.9,-4472.7,-4657.5,-4847.5,-5042.8,-5243.3,-5449.2,-5660.6,-5877.4,-6099.8,-6327.9,-6561.7,-6801.2,-7046.6,-7297.9,-7555.2,-7818.5,-8087.9,-8363.4,-8645.2,-8933.2,-9227.6,-9528.4,-9835.6,-10149,-10470,-10796,-11130,-11470,-11817,-12171,-12532,-12899,-13274,-13655,-14044,-14439,-14842,-15252,-15669,-16094,-16525,-16964,-17410,-17864
9.3e-07,6.85e-07,-11139,-10380,-9666.1,-8994.9,-8364,-7771.4,-7214.9,-6692.7,-6202.9,-5743.7,-5313.5,-4910.7,-4533.8,-4181.4,-3852.1,-3544.7,-3257.8,-2990.4,-2741.3,-2509.5,-2294,-2093.8,-1908.1,-1736,-1576.6,-1429.2,-1293.2,-1167.6,-1052,-945.75,-848.14,-758.68,-676.81,-602.05,-533.9,-471.92,-415.67,-364.74,-318.77,-277.37,-240.21,-206.96,-177.31,-150.98,-127.69,-107.2,-89.242,-73.606,-60.075,-48.449,-38.539,-30.17,-23.177,-17.408,-12.718,-8.9757,-6.0564,-3.8458,-2.238,-1.1356,-0.44867,-0.09514,-0,-0.09514,-0.31901,-0.61631,-0.93774,-1.2397,-1.484,-1.6377,-1.6727,-1.5659,-1.2985,-0.85589,-0.22787,0.59201,1.6065,2.8146,4.2121,5.7916,7.5425,9.4512,11.501,13.674,15.948,18.299,20.701,23.125,25.542,27.919,30.22,32.412,34.455,36.31,37.937,39.294,40.336,41.019,41.297,41.122,40.447,39.222,37.397,34.92,31.741,27.806,23.061,17.453,10.926,3.4265,-5.1028,-14.718,-25.476,-37.433,-50.648,-65.179,-81.084,-98.42,-117.25,-137.63,-159.61,-183.27,-208.66,-235.83,-264.85,-295.78,-328.67,-363.6,-400.61,-439.76,-481.12,-524.75,-570.7,-619.04,-669.82,-723.11,-778.95,-837.42,-898.56,-962.44,-1029.1,-1098.7,-1171.1,-1246.5,-1324.9,-1406.4,-1491.1,-1578.9,-1670,-1764.4,-1862.2,-1963.4,-2068,-2176.2,-2287.9,-2403.3,-2522.3,-2645.1,-2771.6,-2902,-3036.3,-3174.5,-3316.7,-3462.9,-3613.2,-3767.6,-3926.2,-4089.1,-4256.2,-4427.6,-4603.4
8.24e-07,6.89e-07,-8518.3,-7901.6,-7323.9,-6783.1,-6277,-5803.7,-5361.4,-4948.3,-4562.7,-4203,-3867.7,-3555.4,-3264.7,-2994.3,-2743.1,-2509.9,-2293.6,-2093.1,-1907.5,-1735.9,-1577.3,-1431,-1296.1,-1172,-1057.8,-953.02,-856.94,-768.97,-688.57,-615.19,-548.34,-487.55,-432.37,-382.38,-337.19,-296.44,-259.76,-226.83,-197.34,-171.02,-147.58,-126.78,-108.37,-92.147,-77.898,-65.434,-54.579,-45.169,-37.054,-30.095,-24.164,-19.143,-14.927,-11.419,-8.5307,-6.184,-4.3087,-2.8427,-1.7318,-0.9288,-0.39374,-0.093168,-0,-0.093168,-0.35734,-0.78263,-1.3644,-2.1028,-3.0029,-4.074,-5.33,-6.7883,-8.4707,-10.402,-12.612,-15.131,-17.995,-21.242,-24.913,-29.05,-33.701,-38.914,-44.738,-51.227,-58.436,-66.421,-75.24,-84.955,-95.625,-107.32,-120.09,-134.01,-149.15,-165.58,-183.36,-202.57,-223.27,-245.54,-269.45,-295.07,-322.49,-351.76,-382.98,-416.21,-451.53,-489.02,-528.75,-570.81,-615.26,-662.19,-711.68,-763.8,-818.63,-876.25,-936.74,-1000.2,-1066.6,-1136.2,-1208.9,-1284.9,-1364.3,-1447,-1533.3,-1623.1,-1716.5,-1813.7,-1914.7,-2019.5,-2128.3,-2241.1,-2358,-2479.1,-2604.4,-2734,-2868,-3006.5,-3149.6,-3297.2,-3449.5,-3606.5,-3768.4,-3935.1,-4106.8,-4283.5,-4465.3,-4652.2,-4844.3,-5041.7,-5244.5,-5452.7,-5666.3,-5885.4,-6110.2,-6340.5,-6576.6,-6818.4,-7066.1,-7319.6,-7579.1,-7844.5,-8116,-8393.5,-8677.2,-8967,-9263.1,-9565.5,-9874.2,-10189,-10511,-10839,-11173
7.73e-07,6.95e-07,-7939.6,-7369.4,-6835.8,-6336.6,-5869.9,-5433.7,-5026.4,-4646.1,-4291.4,-3960.6,-3652.5,-3365.5,-3098.5,-2850.2,-2619.5,-2405.3,-2206.5,-2022.2,-1851.5,-1693.4,-1547.3,-1412.2,-1287.5,-1172.5,-1066.5,-968.97,-879.22,-796.75,-721.06,-651.64,-588.06,-529.88,-476.69,-428.13,-383.84,-343.49,-306.77,-273.39,-243.08,-215.59,-190.68,-168.15,-147.79,-129.41,-112.84,-97.926,-84.525,-72.503,-61.741,-52.13,-43.572,-35.979,-29.274,-23.388,-18.261,-13.842,-10.088,-6.9618,-4.4363,-2.4893,-1.1059,-0.27715,-0,-0.27715,-1.1166,-2.5313,-4.5393,-7.1629,-10.429,-14.368,-19.016,-24.41,-30.592,-37.609,-45.507,-54.34,-64.16,-75.025,-86.994,-100.13,-114.49,-130.15,-147.18,-165.64,-185.6,-207.14,-230.34,-255.26,-281.99,-310.61,-341.19,-373.81,-408.57,-445.53,-484.79,-526.43,-570.53,-617.17,-666.46,-718.46,-773.27,-830.98,-891.67,-955.43,-1022.4,-1092.5,-1166,-1242.9,-1323.4,-1407.4,-1495.2,-1586.7,-1682,-1781.4,-1884.7,-1992.2,-2103.9,-2219.9,-2340.3,-2465.2,-2594.6,-2728.7,-2867.5,-3011.1,-3159.7,-3313.1,-3471.7,-3635.4,-3804.3,-3978.6,-4158.2,-4343.3,-4533.9,-4730.1,-4932.1,-5139.8,-5353.4,-5572.9,-5798.3,-6029.9,-6267.6,-6511.5,-6761.7,-7018.2,-7281.1,-7550.5,-7826.5,-8109.1,-8398.3,-8694.3,-8997.1,-9306.8,-9623.3,-9946.9,-10277,-10615,-10960,-11312,-11671,-12038,-12411,-12793,-13181,-13577,-13981,-14392,-14811,-15238,-15672,-16114,-16563
9.06e-07,6.65e-07,-11295,-10544,-9837.3,-9172.1,-8546.4,-7958.1,-7405.2,-6885.8,-6398.1,-5940.4,-5511,-5108.4,-4731.2,-4377.9,-4047.2,-3737.9,-3448.8,-3178.7,-2926.6,-2691.4,-2472.1,-2267.9,-2077.9,-1901.2,-1737.1,-1584.8,-1443.5,-1312.7,-1191.7,-1079.8,-976.57,-881.39,-793.77,-713.2,-639.24,-571.45,-509.41,-452.74,-401.07,-354.06,-311.36,-272.68,-237.73,-206.22,-177.91,-152.55,-129.91,-109.77,-91.95,-76.247,-62.49,-50.517,-40.174,-31.32,-23.825,-17.566,-12.431,-8.3164,-5.1276,-2.7772,-1.186,-0.28191,-0,-0.28191,-1.0757,-2.3355,-4.0212,-6.0984,-8.5377,-11.315,-14.411,-17.81,-21.502,-25.482,-29.745,-34.295,-39.135,-44.275,-49.726,-55.503,-61.623,-68.107,-74.979,-82.264,-89.99,-98.188,-106.89,-116.13,-125.95,-136.38,-147.47,-159.26,-171.78,-185.09,-199.23,-214.25,-230.2,-247.13,-265.09,-284.14,-304.31,-325.68,-348.3,-372.21,-397.49,-424.17,-452.34,-482.03,-513.31,-546.25,-580.89,-617.31,-655.56,-695.7,-737.8,-781.91,-828.11,-876.44,-926.97,-979.78,-1034.9,-1092.4,-1152.4,-1214.9,-1280,-1347.7,-1418.1,-1491.3,-1567.3,-1646.2,-1728,-1812.9,-1900.8,-1991.9,-2086.2,-2183.7,-2284.6,-2388.8,-2496.5,-2607.7,-2722.4,-2840.8,-2962.9,-3088.6,-3218.2,-3351.6,-3489,-3630.3,-3775.6,-3925,-4078.6,-4236.3,-4398.3,-4564.5,-4735.1,-4910.1,-5089.6,-5273.6,-5462.1,-5655.2,-5853,-6055.5,-6262.7,-6474.8,-6691.6,-6913.4,-7140.1,-7371.8,-7608.5,-7850.3,-8097.2
8.28e-07,6.29e-07,-11865,-11136,-10449,-9800.7,-9189.2,-8612.6,-8068.9,-7556.5,-7073.5,-6618.5,-6189.9,-5786.2,-5406.1,-5048.4,-4711.7,-4394.9,-4097,-3816.8,-3553.4,-3305.9,-3073.3,-2854.9,-2649.8,-2457.3,-2276.6,-2107.2,-1948.3,-1799.3,-1659.8,-1529.1,-1406.7,-1292.2,-1185.1,-1085,-991.45,-904.13,-822.66,-746.7,-675.94,-610.1,-548.88,-492.04,-439.33,-390.53,-345.42,-303.82,-265.53,-230.38,-198.23,-168.93,-142.35,-118.35,-96.836,-77.7,-60.849,-46.201,-33.68,-23.22,-14.76,-8.2499,-3.644,-0.90461,-0,-0.90461,-3.5986,-8.0678,-14.303,-22.3,-32.061,-43.589,-56.894,-71.991,-88.896,-107.63,-128.22,-150.69,-175.08,-201.41,-229.73,-260.07,-292.48,-327,-363.67,-402.55,-443.69,-487.15,-532.96,-581.2,-631.92,-685.17,-741.03,-799.54,-860.79,-924.82,-991.7,-1061.5,-1134.3,-1210.2,-1289.1,-1371.3,-1456.8,-1545.5,-1637.7,-1733.4,-1832.6,-1935.5,-2042,-2152.3,-2266.5,-2384.6,-2506.7,-2632.8,-2763.1,-2897.6,-3036.3,-3179.5,-3327,-3479.1,-3635.8,-3797.1,-3963.1,-4133.9,-4309.6,-4490.3,-4675.9,-4866.7,-5062.6,-5263.7,-5470.1,-5681.8,-5899,-6121.7,-6349.9,-6583.8,-6823.3,-7068.7,-7319.8,-7576.8,-7839.8,-8108.8,-8383.9,-8665.1,-8952.4,-9246.1,-9546,-9852.3,-10165,-10484,-10810,-11142,-11481,-11827,-12179,-12538,-12904,-13277,-13657,-14044,-14437,-14838,-15246,-15661,-16083,-16512,-16949,-17393,-17844,-18302,-18768,-19241,-19722
7.99e-07,6.43e-07,-10776,-10100,-9462.8,-8862.6,-8297.4,-7765.4,-7264.7,-6793.5,-6350.2,-5933.3,-5541.3,-5172.8,-4826.5,-4501.2,-4195.5,-3908.5,-3639.1,-3386.2,-3148.9,-2926.4,-2717.6,-2522,-2338.6,-2166.8,-2005.8,-1855.1,-1714.1,-1582.1,-1458.6,-1343.1,-1235.2,-1134.3,-1040.1,-952.19,-870.12,-793.57,-722.21,-655.73,-593.84,-536.27,-482.76,-433.09,-387.02,-344.35,-304.9,-268.49,-234.95,-204.13,-175.91,-150.14,-126.72,-105.55,-86.522,-69.56,-54.587,-41.535,-30.346,-20.97,-13.362,-7.4877,-3.3168,-0.82645,-0,-0.82645,-3.3004,-7.4218,-13.195,-20.631,-29.743,-40.55,-53.073,-67.341,-83.382,-101.23,-120.93,-142.5,-166.01,-191.49,-218.99,-248.56,-280.26,-314.14,-350.27,-388.69,-429.47,-472.67,-518.37,-566.62,-617.49,-671.05,-727.38,-786.54,-848.61,-913.66,-981.77,-1053,-1127.4,-1205.2,-1286.3,-1370.8,-1458.8,-1550.5,-1645.8,-1744.9,-1847.8,-1954.6,-2065.4,-2180.3,-2299.4,-2422.7,-2550.3,-2682.3,-2818.8,-2959.9,-3105.6,-3256,-3411.2,-3571.3,-3736.3,-3906.4,-4081.6,-4262,-4447.7,-4638.7,-4835.1,-5037.1,-5244.6,-5457.7,-5676.6,-5901.2,-6131.8,-6368.2,-6610.7,-6859.3,-7114,-7374.9,-7642.2,-7915.7,-8195.7,-8482.2,-8775.2,-9074.8,-9381.2,-9694.2,-10014,-10341,-10674,-11015,-11362,-11717,-12079,-12448,-12824,-13208,-13598,-13997,-14402,-14815,-15236,-15664,-16100,-16543,-16994,-17453,-17920,-18394,-18876,-19366,-19864,-20370,-20883
8.31e-07,7.11e-07,-7749.5,-7153.1,-6595.7,-6075,-5589.1,-5135.8,-4713.4,-4320,-3954,-3613.8,-3297.8,-3004.6,-2732.9,-2481.3,-2248.6,-2033.7,-1835.5,-1652.8,-1484.9,-1330.6,-1189.1,-1059.6,-941.23,-833.31,-735.11,-645.94,-565.17,-492.2,-426.46,-367.42,-314.56,-267.41,-225.52,-188.46,-155.84,-127.26,-102.39,-80.884,-62.433,-46.742,-33.537,-22.561,-13.572,-6.3463,-0.67424,3.6392,6.7751,8.9014,10.173,10.735,10.717,10.242,9.4206,8.3529,7.1308,5.8367,4.5447,3.3206,2.2225,1.3011,0.6,0.15611,-0,0.15611,0.64311,1.4741,2.6571,4.1949,6.0856,8.3229,10.896,13.79,16.987,20.464,24.195,28.151,32.3,36.606,41.031,45.535,50.072,54.599,59.066,63.424,67.619,71.598,75.303,78.679,81.664,84.197,86.217,87.659,88.459,88.55,87.864,86.333,83.888,80.458,75.973,70.36,63.547,55.461,46.027,35.172,22.82,8.8968,-6.674,-23.968,-43.062,-64.033,-86.956,-111.91,-138.97,-168.22,-199.72,-233.57,-269.83,-308.59,-349.92,-393.89,-440.59,-490.09,-542.48,-597.81,-656.18,-717.66,-782.32,-850.24,-921.49,-996.16,-1074.3,-1156,-1241.3,-1330.4,-1423.2,-1519.9,-1620.5,-1725,-1833.7,-1946.5,-2063.5,-2184.7,-2310.3,-2440.3,-2574.8,-2713.9,-2857.5,-3005.9,-3158.9,-3316.8,-3479.5,-3647.2,-3819.9,-3997.6,-4180.5,-4368.5,-4561.8,-4760.3,-4964.2,-5173.5,-5388.3,-5608.6,-5834.4,-6065.9,-6303.1,-6546,-6794.6,-7049.1,-7309.5,-7575.8,-7848.1
7.7e-07,6.36e-07,-11361,-10681,-10039,-9434.1,-8863.1,-8324.4,-7816.3,-7337.1,-6885.2,-6459.1,-6057.4,-5678.6,-5321.6,-4985.1,-4668,-4369.1,-4087.5,-3822.2,-3572.2,-3336.7,-3114.9,-2905.9,-2709.1,-2523.8,-2349.3,-2185,-2030.3,-1884.7,-1747.6,-1618.6,-1497.3,-1383.1,-1275.7,-1174.7,-1079.7,-990.49,-906.68,-827.99,-754.15,-684.92,-620.06,-559.35,-502.58,-449.58,-400.18,-354.2,-311.52,-272,-235.51,-201.95,-171.22,-143.23,-117.9,-95.17,-74.973,-57.258,-41.983,-29.109,-18.609,-10.461,-4.6486,-1.1627,-0,-1.1627,-4.6583,-10.499,-18.703,-29.292,-42.292,-57.734,-75.651,-96.082,-119.07,-144.65,-172.89,-203.82,-237.5,-273.99,-313.35,-355.64,-400.92,-449.25,-500.71,-555.36,-613.27,-674.51,-739.17,-807.31,-879.01,-954.34,-1033.4,-1116.2,-1203,-1293.6,-1388.4,-1487.2,-1590.2,-1697.6,-1809.3,-1925.4,-2046.1,-2171.5,-2301.5,-2436.4,-2576.1,-2720.8,-2870.5,-3025.4,-3185.5,-3350.9,-3521.8,-3698.1,-3879.9,-4067.4,-4260.7,-4459.7,-4664.7,-4875.6,-5092.6,-5315.8,-5545.2,-5780.8,-6022.9,-6271.4,-6526.5,-6788.2,-7056.5,-7331.7,-7613.7,-7902.6,-8198.4,-8501.4,-8811.5,-9128.8,-9453.3,-9785.2,-10124,-10471,-10826,-11187,-11557,-11934,-12319,-12712,-13113,-13522,-13938,-14363,-14796,-15237,-15686,-16143,-16609,-17083,-17566,-18056,-18556,-19063,-19580,-20105,-20638,-21180,-21731,-22290,-22858,-23435,-24020,-24615,-25218,-25829,-26450
7.77e-07,7.02e-07,-7625.4,-7063,-6537.1,-6045.7,-5586.8,-5158.4,-4758.8,-4386.3,-4039.3,-3716.2,-3415.7,-3136.4,-2876.9,-2636.2,-2412.9,-2206,-2014.6,-1837.5,-1673.9,-1523,-1383.8,-1255.6,-1137.7,-1029.4,-929.96,-838.84,-755.44,-679.2,-609.61,-546.18,-488.44,-435.97,-388.36,-345.24,-306.24,-271.03,-239.29,-210.75,-185.12,-162.14,-141.59,-123.25,-106.9,-92.37,-79.475,-68.057,-57.971,-49.081,-41.266,-34.414,-28.424,-23.207,-18.683,-14.78,-11.438,-8.6006,-6.2241,-4.2701,-2.7079,-1.5139,-0.67088,-0.16789,-0,-0.16789,-0.67763,-1.5404,-2.7722,-4.3936,-6.4296,-8.9093,-11.866,-15.336,-19.36,-23.981,-29.247,-35.207,-41.914,-49.423,-57.792,-67.081,-77.352,-88.671,-101.1,-114.72,-129.59,-145.78,-163.37,-182.43,-203.04,-225.28,-249.22,-274.95,-302.54,-332.08,-363.65,-397.33,-433.21,-471.37,-511.89,-554.87,-600.38,-648.52,-699.37,-753.01,-809.54,-869.05,-931.61,-997.32,-1066.3,-1138.5,-1214.2,-1293.4,-1376.2,-1462.6,-1552.8,-1646.9,-1744.8,-1846.8,-1953,-2063.3,-2177.8,-2296.8,-2420.2,-2548.1,-2680.6,-2817.9,-2959.9,-3106.7,-3258.6,-3415.4,-3577.4,-3744.5,-3916.9,-4094.6,-4277.7,-4466.4,-4660.6,-4860.4,-5066,-5277.3,-5494.5,-5717.7,-5946.8,-6182,-6423.4,-6671,-6924.8,-7185,-7451.6,-7724.6,-8004.2,-8290.4,-8583.2,-8882.8,-9189.1,-9502.2,-9822.2,-10149,-10483,-10824,-11172,-11527,-11890,-12259,-12636,-13020,-13412,-13811,-14217,-14631,-15053
9.38e-07,6.74e-07,-11829,-11044,-10304,-9607.6,-8952.3,-8335.9,-7756.3,-7211.6,-6699.9,-6219.5,-5768.7,-5345.8,-4949.5,-4578.1,-4230.5,-3905.2,-3601.1,-3317,-3051.7,-2804.2,-2573.5,-2358.6,-2158.7,-1972.8,-1800.2,-1640,-1491.5,-1354.1,-1227,-1109.7,-1001.4,-901.73,-810.06,-725.88,-648.71,-578.09,-513.6,-454.8,-401.32,-352.79,-308.85,-269.17,-233.44,-201.38,-172.69,-147.13,-124.43,-104.38,-86.744,-71.327,-57.934,-46.385,-36.511,-28.154,-21.167,-15.412,-10.761,-7.0965,-4.3079,-2.2938,-0.96053,-0.22219,-0,-0.22219,-0.82357,-1.7453,-2.9346,-4.3444,-5.9331,-7.6644,-9.5072,-11.435,-13.425,-15.461,-17.529,-19.619,-21.727,-23.849,-25.987,-28.145,-30.333,-32.56,-34.839,-37.188,-39.624,-42.17,-44.849,-47.687,-50.711,-53.952,-57.441,-61.213,-65.301,-69.744,-74.58,-79.849,-85.592,-91.851,-98.672,-106.1,-114.17,-122.95,-132.47,-142.79,-153.96,-166.02,-179.03,-193.04,-208.1,-224.27,-241.6,-260.14,-279.96,-301.1,-323.61,-347.57,-373.02,-400.02,-428.63,-458.9,-490.89,-524.66,-560.27,-597.78,-637.23,-678.7,-722.24,-767.91,-815.76,-865.85,-918.25,-973.01,-1030.2,-1089.8,-1152,-1216.8,-1284.2,-1354.3,-1427.2,-1502.9,-1581.5,-1663,-1747.5,-1835,-1925.7,-2019.5,-2116.5,-2216.7,-2320.3,-2427.2,-2537.6,-2651.5,-2768.8,-2889.8,-3014.4,-3142.7,-3274.7,-3410.5,-3550.1,-3693.6,-3841,-3992.5,-4147.9,-4307.5,-4471.1,-4638.9,-4811,-4987.3,-5167.9,-5352.9,-5542.2
9.41e-07,7.19e-07,-10356,-9615.8,-8920.4,-8267.8,-7655.7,-7081.8,-6544.2,-6040.8,-5569.8,-5129.5,-4718.1,-4334,-3975.8,-3642,-3331.1,-3042,-2773.3,-2523.9,-2292.7,-2078.6,-1880.6,-1697.7,-1529,-1373.7,-1230.9,-1099.8,-979.69,-869.89,-769.71,-678.51,-595.69,-520.67,-452.91,-391.9,-337.15,-288.19,-244.58,-205.92,-171.8,-141.86,-115.74,-93.111,-73.659,-57.088,-43.116,-31.482,-21.936,-14.244,-8.1859,-3.5556,-0.15883,2.1864,3.6503,4.3923,4.5612,4.2954,3.7242,2.9673,2.1358,1.3325,0.6519,0.18117,-0,0.18117,0.79076,1.8885,3.5282,5.7575,8.619,12.15,16.381,21.341,27.052,33.532,40.796,48.852,57.709,67.367,77.826,89.083,101.13,113.96,127.55,141.89,156.96,172.75,189.22,206.36,224.13,242.51,261.45,280.94,300.94,321.4,342.29,363.57,385.2,407.14,429.33,451.75,474.34,497.05,519.84,542.65,565.44,588.16,610.75,633.17,655.36,677.26,698.82,719.99,740.71,760.93,780.59,799.63,818,835.64,852.49,868.5,883.6,897.74,910.86,922.9,933.8,943.51,951.96,959.1,964.87,969.2,972.05,973.34,973.02,971.04,967.33,961.84,954.5,945.27,934.07,920.85,905.56,888.13,868.52,846.65,822.48,795.94,766.99,735.56,701.6,665.05,625.86,583.97,539.33,491.88,441.57,388.34,332.14,272.93,210.63,145.21,76.613,4.7828,-70.329,-148.77,-230.6,-315.86,-404.6,-496.87,-592.72,-692.2,-795.35
8.65e-07,6.28e-07,-12428,-11661,-10937,-10254,-9609.8,-9001.9,-8428.6,-7888.1,-7378.7,-6898.6,-6446.4,-6020.4,-5619.4,-5242,-4886.8,-4552.7,-4238.6,-3943.3,-3665.9,-3405.2,-3160.5,-2930.9,-2715.4,-2513.3,-2323.9,-2146.4,-1980.2,-1824.7,-1679.2,-1543.1,-1416,-1297.2,-1186.4,-1083.1,-986.82,-897.17,-813.77,-736.25,-664.28,-597.53,-535.71,-478.53,-425.71,-377.02,-332.22,-291.08,-253.41,-219.01,-187.69,-159.3,-133.69,-110.69,-90.198,-72.072,-56.207,-42.497,-30.849,-21.178,-13.404,-7.4589,-3.2791,-0.80912,-0,-0.80912,-3.1999,-7.1417,-12.609,-19.583,-28.047,-37.992,-49.412,-62.305,-76.675,-92.529,-109.88,-128.73,-149.11,-171.04,-194.53,-219.62,-246.34,-274.71,-304.78,-336.57,-370.13,-405.49,-442.71,-481.83,-522.88,-565.93,-611.02,-658.2,-707.52,-759.04,-812.82,-868.91,-927.36,-988.24,-1051.6,-1117.5,-1186,-1257.2,-1331.2,-1407.9,-1487.4,-1569.9,-1655.4,-1744,-1835.6,-1930.5,-2028.5,-2130,-2234.7,-2343,-2454.7,-2570.1,-2689,-2811.7,-2938.2,-3068.6,-3202.8,-3341,-3483.3,-3629.7,-3780.3,-3935.1,-4094.2,-4257.8,-4425.7,-4598.2,-4775.2,-4956.9,-5143.2,-5334.3,-5530.3,-5731.1,-5936.9,-6147.6,-6363.5,-6584.5,-6810.6,-7042,-7278.7,-7520.7,-7768.2,-8021.1,-8279.6,-8543.6,-8813.2,-9088.6,-9369.7,-9656.5,-9949.2,-10248,-10552,-10863,-11179,-11502,-11831,-12165,-12507,-12854,-13207,-13567,-13934,-14306,-14686,-15071,-15463,-15862,-16267
7.62e-07,6.64e-07,-9619.2,-9001,-8419.7,-7873.4,-7359.9,-6877.6,-6424.5,-5999,-5599.6,-5224.8,-4873,-4543.1,-4233.7,-3943.6,-3671.7,-3416.9,-3178.2,-2954.6,-2745.3,-2549.4,-2366,-2194.4,-2033.9,-1883.9,-1743.5,-1612.4,-1489.8,-1375.2,-1268.2,-1168.3,-1075,-987.86,-906.57,-830.71,-759.95,-693.97,-632.45,-575.13,-521.74,-472.04,-425.8,-382.8,-342.87,-305.81,-271.47,-239.7,-210.34,-183.29,-158.43,-135.65,-114.87,-95.998,-78.965,-63.709,-50.175,-38.319,-28.102,-19.493,-12.471,-7.0166,-3.1219,-0.78234,-0,-0.78234,-3.1421,-7.0971,-12.67,-19.887,-28.78,-39.384,-51.738,-65.884,-81.87,-99.743,-119.56,-141.37,-165.23,-191.21,-219.37,-249.76,-282.47,-317.56,-355.1,-395.16,-437.82,-483.16,-531.24,-582.16,-635.99,-692.82,-752.72,-815.77,-882.07,-951.7,-1024.7,-1101.3,-1181.4,-1265.2,-1352.8,-1444.2,-1539.6,-1639,-1742.5,-1850.2,-1962.2,-2078.6,-2199.4,-2324.9,-2455,-2589.8,-2729.5,-2874,-3023.6,-3178.3,-3338.2,-3503.3,-3673.8,-3849.8,-4031.2,-4218.3,-4411.1,-4609.7,-4814.1,-5024.5,-5240.9,-5463.5,-5692.2,-5927.2,-6168.5,-6416.3,-6670.6,-6931.5,-7199,-7473.3,-7754.4,-8042.3,-8337.2,-8639.2,-8948.2,-9264.4,-9587.8,-9918.4,-10256,-10602,-10955,-11315,-11683,-12059,-12443,-12834,-13233,-13640,-14055,-14477,-14908,-15347,-15794,-16249,-16713,-17184,-17664,-18153,-18649,-19154,-19667,-20189,-20719,-21258,-21806,-22361,-22926
7.97e-07,6.31e-07,-11584,-10882,-10220,-9594.5,-9004.9,-8448.8,-7924.4,-7430,-6963.9,-6524.5,-6110.5,-5720.4,-5352.9,-5006.8,-4680.8,-4373.8,-4084.8,-3812.8,-3556.9,-3316,-3089.4,-2876.3,-2675.8,-2487.4,-2310.3,-2143.8,-1987.3,-1840.4,-1702.4,-1572.8,-1451.2,-1337,-1230,-1129.6,-1035.5,-947.36,-864.83,-787.6,-715.38,-647.89,-584.9,-526.15,-471.43,-420.54,-373.28,-329.48,-288.98,-251.62,-217.28,-185.81,-157.12,-131.09,-107.63,-86.659,-68.097,-51.879,-37.946,-26.247,-16.74,-9.3877,-4.1612,-1.0376,-0,-1.0376,-4.1449,-9.3219,-16.573,-25.909,-37.343,-50.894,-66.584,-84.44,-104.49,-126.77,-151.32,-178.18,-207.38,-238.98,-273.02,-309.56,-348.64,-390.33,-434.67,-481.74,-531.59,-584.28,-639.88,-698.46,-760.08,-824.81,-892.72,-963.89,-1038.4,-1116.3,-1197.6,-1282.6,-1371.1,-1463.3,-1559.3,-1659.2,-1763,-1870.8,-1982.7,-2098.8,-2219.1,-2343.8,-2472.9,-2606.4,-2744.5,-2887.3,-3034.8,-3187.1,-3344.3,-3506.4,-3673.6,-3846,-4023.5,-4206.3,-4394.5,-4588.1,-4787.2,-4991.9,-5202.2,-5418.3,-5640.3,-5868.1,-6101.9,-6341.7,-6587.6,-6839.7,-7098.1,-7362.7,-7633.8,-7911.3,-8195.4,-8486,-8783.3,-9087.3,-9398.1,-9715.8,-10040,-10372,-10710,-11056,-11409,-11769,-12136,-12511,-12893,-13282,-13679,-14083,-14495,-14914,-15342,-15776,-16219,-16669,-17128,-17594,-18067,-18549,-19039,-19537,-20043,-20556,-21078,-21608,-22146,-22693,-23247
8.21e-07,7.16e-07,-7417.7,-6837.3,-6295.2,-5789.4,-5317.7,-4878.1,-4468.9,-4088.2,-3734.4,-3405.8,-3101,-2818.6,-2557.2,-2315.5,-2092.3,-1886.5,-1697,-1522.7,-1362.7,-1216,-1081.7,-959.14,-847.4,-745.77,-653.55,-570.07,-494.71,-426.88,-366.01,-311.58,-263.08,-220.06,-182.06,-148.67,-119.49,-94.167,-72.339,-53.685,-37.899,-24.696,-13.806,-4.9785,2.0194,7.4066,11.386,14.147,15.863,16.698,16.8,16.307,15.346,14.033,12.472,10.759,8.9801,7.2134,5.5275,3.9832,2.6337,1.525,0.69601,0.179,-0,0.179,0.73028,1.6627,2.9798,4.6805,6.7587,9.204,12.002,15.133,18.576,22.304,26.288,30.494,34.887,39.428,44.075,48.783,53.507,58.196,62.799,67.263,71.532,75.548,79.253,82.584,85.481,87.878,89.71,90.911,91.413,91.146,90.041,88.026,85.03,80.978,75.799,69.417,61.757,52.743,42.3,30.35,16.817,1.6224,-15.311,-34.063,-54.71,-77.332,-102.01,-128.82,-157.84,-189.15,-222.83,-258.96,-297.62,-338.89,-382.84,-429.56,-479.13,-531.62,-587.11,-645.68,-707.41,-772.38,-840.66,-912.33,-987.47,-1066.1,-1148.4,-1234.4,-1324.2,-1417.8,-1515.3,-1616.9,-1722.4,-1832.2,-1946.1,-2064.3,-2186.9,-2313.9,-2445.3,-2581.4,-2722.1,-2867.4,-3017.6,-3172.5,-3332.4,-3497.2,-3667.1,-3842,-4022.1,-4207.4,-4398,-4594,-4795.3,-5002.1,-5214.3,-5432.2,-5655.7,-5884.8,-6119.7,-6360.4,-6606.9,-6859.3,-7117.7,-7382,-7652.4,-7928.8,-8211.4
9.14e-07,6.21e-07,-13942,-13099,-12302,-11549,-10837,-10165,-9529.2,-8929.1,-8362.5,-7827.7,-7323,-6846.9,-6397.9,-5974.5,-5575.4,-5199.4,-4845.2,-4511.7,-4197.9,-3902.6,-3624.8,-3363.7,-3118.4,-2888,-2671.6,-2468.7,-2278.4,-2100,-1932.9,-1776.5,-1630.1,-1493.4,-1365.6,-1246.3,-1135.1,-1031.5,-935.12,-845.47,-762.23,-685.02,-613.52,-547.41,-486.39,-430.16,-378.48,-331.07,-287.72,-248.19,-212.28,-179.79,-150.53,-124.35,-101.07,-80.546,-62.641,-47.225,-34.178,-23.388,-14.754,-8.1807,-3.5822,-0.87925,-0,-0.87925,-3.4583,-7.6847,-13.512,-20.898,-29.809,-40.213,-52.085,-65.403,-80.152,-96.319,-113.9,-132.88,-153.26,-175.06,-198.26,-222.89,-248.95,-276.47,-305.45,-335.92,-367.89,-401.41,-436.49,-473.16,-511.45,-551.41,-593.05,-636.43,-681.58,-728.53,-777.34,-828.04,-880.67,-935.29,-991.94,-1050.7,-1111.5,-1174.5,-1239.8,-1307.3,-1377.2,-1449.4,-1524.1,-1601.2,-1680.9,-1763.2,-1848.2,-1935.9,-2026.3,-2119.5,-2215.7,-2314.7,-2416.8,-2521.9,-2630.1,-2741.5,-2856.1,-2974,-3095.2,-3219.8,-3347.8,-3479.4,-3614.6,-3753.3,-3895.8,-4042,-4192,-4345.8,-4503.6,-4665.3,-4831.1,-5000.9,-5174.9,-5353,-5535.4,-5722.1,-5913.1,-6108.6,-6308.5,-6512.9,-6721.8,-6935.4,-7153.7,-7376.6,-7604.3,-7836.8,-8074.2,-8316.5,-8563.8,-8816,-9073.3,-9335.7,-9603.2,-9875.9,-10154,-10437,-10726,-11019,-11319,-11623,-11933,-12249,-12570,-12897,-13229,-13567,-13911
7.54e-07,6.97e-07,-7954.8,-7394.4,-6869.9,-6379,-5919.8,-5490.5,-5089.4,-4714.7,-4364.9,-4038.5,-3734.1,-3450.4,-3186.2,-2940.2,-2711.2,-2498.4,-2300.6,-2116.8,-1946.3,-1788.2,-1641.5,-1505.7,-1380,-1263.6,-1156.1,-1056.7,-964.98,-880.32,-802.26,-730.32,-664.08,-603.11,-547.02,-495.47,-448.11,-404.63,-364.73,-328.13,-294.58,-263.85,-235.71,-209.97,-186.42,-164.91,-145.26,-127.35,-111.02,-96.173,-82.689,-70.473,-59.439,-49.51,-40.619,-32.708,-25.728,-19.637,-14.402,-9.998,-6.4051,-3.6116,-1.6117,-0.40582,-0,-0.40582,-1.64,-3.7243,-6.6849,-10.553,-15.363,-21.154,-27.969,-35.853,-44.858,-55.035,-66.441,-79.134,-93.175,-108.63,-125.56,-144.04,-164.14,-185.93,-209.48,-234.87,-262.19,-291.5,-322.89,-356.44,-392.23,-430.36,-470.9,-513.93,-559.56,-607.86,-658.93,-712.84,-769.71,-829.6,-892.62,-958.86,-1028.4,-1101.3,-1177.8,-1257.8,-1341.5,-1428.9,-1520.3,-1615.5,-1714.8,-1818.3,-1926,-2038,-2154.4,-2275.3,-2400.8,-2531,-2665.9,-2805.7,-2950.5,-3100.3,-3255.3,-3415.4,-3580.9,-3751.7,-3928,-4109.9,-4297.4,-4490.6,-4689.7,-4894.6,-5105.5,-5322.5,-5545.5,-5774.8,-6010.4,-6252.3,-6500.7,-6755.6,-7017.1,-7285.2,-7560,-7841.7,-8130.2,-8425.6,-8728.1,-9037.6,-9354.2,-9678.1,-10009,-10348,-10693,-11047,-11407,-11776,-12151,-12535,-12926,-13325,-13732,-14146,-14569,-14999,-15438,-15884,-16339,-16801,-17272,-17751,-18238,-18733,-19236
7.59e-07,7.01e-07,-7729.5,-7173.6,-6653.6,-6167.3,-5712.8,-5288.3,-4892,-4522.2,-4177.3,-3855.9,-3556.6,-3277.9,-3018.8,-2777.8,-2554,-2346.2,-2153.5,-1974.9,-1809.4,-1656.3,-1514.7,-1383.9,-1263.1,-1151.6,-1048.9,-954.36,-867.34,-787.36,-713.9,-646.5,-584.71,-528.11,-476.32,-428.97,-385.71,-346.24,-310.24,-277.44,-247.58,-220.43,-195.75,-173.34,-153.01,-134.58,-117.9,-102.8,-89.162,-76.856,-65.773,-55.812,-46.883,-38.906,-31.812,-25.539,-20.035,-15.258,-11.169,-7.7421,-4.9544,-2.7916,-1.2454,-0.31363,-0,-0.31363,-1.2689,-2.8852,-5.1866,-8.2015,-11.963,-16.507,-21.875,-28.111,-35.263,-43.381,-52.519,-62.734,-74.085,-86.635,-100.45,-115.59,-132.13,-150.14,-169.69,-190.86,-213.72,-238.35,-264.83,-293.24,-323.66,-356.18,-390.87,-427.83,-467.14,-508.88,-553.15,-600.03,-649.6,-701.97,-757.21,-815.43,-876.7,-941.12,-1008.8,-1079.8,-1154.2,-1232.1,-1313.7,-1398.9,-1487.9,-1580.8,-1677.7,-1778.6,-1883.7,-1993,-2106.7,-2224.7,-2347.3,-2474.5,-2606.4,-2743.1,-2884.6,-3031,-3182.5,-3339.2,-3501,-3668.1,-3840.7,-4018.6,-4202.1,-4391.3,-4586.1,-4786.7,-4993.2,-5205.7,-5424.1,-5648.7,-5879.4,-6116.4,-6359.7,-6609.4,-6865.6,-7128.3,-7397.6,-7673.6,-7956.3,-8245.8,-8542.3,-8845.6,-9156,-9473.4,-9798,-10130,-10469,-10815,-11169,-11530,-11898,-12274,-12658,-13049,-13448,-13854,-14269,-14691,-15120,-15558,-16004,-16458,-16919,-17389,-17866
7.84e-07,7.07e-07,-7427.2,-6867.1,-6343.9,-5855.2,-5399.2,-4974,-4577.7,-4208.6,-3865.2,-3545.9,-3249.2,-2973.7,-2718.3,-2481.6,-2262.5,-2059.9,-1872.7,-1700,-1540.8,-1394.3,-1259.5,-1135.8,-1022.4,-918.49,-823.54,-736.86,-657.88,-586.04,-520.81,-461.69,-408.23,-359.98,-316.53,-277.5,-242.53,-211.27,-183.4,-158.63,-136.69,-117.3,-100.24,-85.27,-72.189,-60.801,-50.929,-42.407,-35.085,-28.823,-23.494,-18.984,-15.187,-12.01,-9.3676,-7.1857,-5.3979,-3.947,-2.7835,-1.8658,-1.1595,-0.63736,-0.27866,-0.068997,-0,-0.068997,-0.27874,-0.63716,-1.157,-1.8559,-2.7556,-3.8821,-5.2657,-6.9401,-8.9427,-11.314,-14.099,-17.344,-21.099,-25.416,-30.352,-35.963,-42.31,-49.455,-57.461,-66.395,-76.326,-87.321,-99.453,-112.79,-127.42,-143.4,-160.82,-179.75,-200.27,-222.46,-246.4,-272.18,-299.87,-329.56,-361.32,-395.26,-431.44,-469.95,-510.88,-554.32,-600.35,-649.05,-700.52,-754.83,-812.08,-872.35,-935.72,-1002.3,-1072.1,-1145.4,-1222,-1302.2,-1386.1,-1473.6,-1564.9,-1660.2,-1759.3,-1862.6,-1969.9,-2081.5,-2197.4,-2317.6,-2442.3,-2571.6,-2705.5,-2844.1,-2987.4,-3135.6,-3288.8,-3447,-3610.3,-3778.8,-3952.5,-4131.5,-4315.9,-4505.8,-4701.3,-4902.3,-5109.1,-5321.5,-5539.9,-5764.1,-5994.2,-6230.4,-6472.7,-6721.1,-6975.8,-7236.7,-7504,-7777.7,-8057.8,-8344.4,-8637.7,-8937.5,-9244.1,-9557.3,-9877.4,-10204,-10538,-10879,-11227,-11581,-11943,-12312,-12688,-13072,-13462
8.8e-07,6.29e-07,-12648,-11866,-11128,-10431,-9773.5,-9153.2,-8568.3,-8016.8,-7496.9,-7007,-6545.5,-6110.8,-5701.6,-5316.4,-4954,-4613.2,-4292.7,-3991.5,-3708.6,-3442.8,-3193.4,-2959.4,-2739.9,-2534.1,-2341.3,-2160.7,-1991.7,-1833.6,-1685.8,-1547.7,-1418.7,-1298.4,-1186.2,-1081.6,-984.32,-893.79,-809.68,-731.59,-659.19,-592.13,-530.11,-472.83,-420.01,-371.4,-326.75,-285.83,-248.43,-214.34,-183.38,-155.37,-130.16,-107.58,-87.504,-69.793,-54.329,-41.001,-29.707,-20.355,-12.858,-7.1408,-3.1325,-0.77081,-0,-0.77081,-3.0402,-6.7709,-11.932,-18.496,-26.443,-35.756,-46.424,-58.441,-71.802,-86.509,-102.57,-119.98,-138.77,-158.95,-180.53,-203.54,-228,-253.94,-281.38,-310.37,-340.93,-373.09,-406.91,-442.42,-479.65,-518.67,-559.5,-602.2,-646.82,-693.4,-742,-792.67,-845.47,-900.44,-957.65,-1017.1,-1079,-1143.3,-1210,-1279.2,-1351.1,-1425.5,-1502.7,-1582.7,-1665.5,-1751.2,-1839.8,-1931.5,-2026.2,-2124.1,-2225.2,-2329.6,-2437.4,-2548.5,-2663.1,-2781.2,-2903,-3028.4,-3157.5,-3290.4,-3427.2,-3567.9,-3712.6,-3861.3,-4014.1,-4171.1,-4332.4,-4497.9,-4667.8,-4842.1,-5020.8,-5204.2,-5392.1,-5584.6,-5781.9,-5984,-6190.9,-6402.7,-6619.4,-6841.1,-7067.9,-7299.9,-7536.9,-7779.2,-8026.8,-8279.7,-8538,-8801.7,-9070.9,-9345.6,-9625.9,-9911.8,-10203,-10501,-10804,-11113,-11427,-11748,-12075,-12407,-12746,-13090,-13441,-13798,-14161,-14530,-14905
8.96e-07,6.6e-07,-11274,-10529,-9828,-9168,-8547.1,-7963.1,-7414.2,-6898.5,-6414.1,-5959.3,-5532.7,-5132.5,-4757.4,-4405.9,-4076.9,-3768.9,-3480.9,-3211.8,-2960.4,-2725.7,-2506.8,-2302.8,-2112.8,-1936,-1771.6,-1618.9,-1477.1,-1345.7,-1224,-1111.3,-1007.2,-911.04,-822.38,-740.72,-665.62,-596.64,-533.39,-475.47,-422.52,-374.22,-330.23,-290.25,-254,-221.21,-191.63,-165.02,-141.16,-119.85,-100.88,-84.081,-69.278,-56.314,-45.042,-35.325,-27.037,-20.062,-14.292,-9.6274,-5.9786,-3.2628,-1.4051,-0.33773,-0,-0.33773,-1.3031,-2.8541,-4.9548,-7.5745,-10.688,-14.274,-18.317,-22.806,-27.735,-33.099,-38.901,-45.145,-51.839,-58.995,-66.628,-74.756,-83.399,-92.582,-102.33,-112.67,-123.64,-135.27,-147.59,-160.64,-174.46,-189.1,-204.59,-220.98,-238.32,-256.65,-276.02,-296.48,-318.09,-340.9,-364.95,-390.31,-417.03,-445.17,-474.78,-505.92,-538.65,-573.03,-609.13,-646.99,-686.68,-728.27,-771.81,-817.37,-865.01,-914.79,-966.77,-1021,-1077.6,-1136.6,-1198,-1262,-1328.6,-1397.8,-1469.7,-1544.4,-1622,-1702.4,-1785.9,-1872.3,-1961.9,-2054.6,-2150.6,-2249.8,-2352.4,-2458.4,-2567.9,-2680.9,-2797.6,-2917.8,-3041.8,-3169.6,-3301.2,-3436.8,-3576.3,-3719.8,-3867.4,-4019.1,-4175,-4335.2,-4499.6,-4668.5,-4841.7,-5019.5,-5201.7,-5388.6,-5580,-5776.2,-5977.1,-6182.7,-6393.3,-6608.7,-6829,-7054.3,-7284.7,-7520.1,-7760.7,-8006.5,-8257.4,-8513.6,-8775.1,-9042,-9314.3
8.79e-07,6.46e-07,-11612,-10865,-10161,-9497.5,-8873,-8285.1,-7731.8,-7211.3,-6721.7,-6261.5,-5829.1,-5422.9,-5041.4,-4683.5,-4347.6,-4032.7,-3737.6,-3461.2,-3202.3,-2960.1,-2733.6,-2521.9,-2324.1,-2139.5,-1967.2,-1806.6,-1657,-1517.7,-1388.2,-1267.7,-1155.9,-1052.1,-955.83,-866.7,-784.24,-708.02,-637.65,-572.77,-513.03,-458.08,-407.64,-361.39,-319.08,-280.43,-245.22,-213.2,-184.18,-157.95,-134.33,-113.13,-94.215,-77.42,-62.609,-49.654,-38.437,-28.85,-20.792,-14.172,-8.9063,-4.9209,-2.1473,-0.52497,-0,-0.52497,-2.0586,-4.5656,-8.0162,-12.386,-17.655,-23.81,-30.841,-38.741,-47.511,-57.152,-67.672,-79.08,-91.39,-104.62,-118.79,-133.92,-150.03,-167.17,-185.35,-204.61,-224.99,-246.52,-269.25,-293.22,-318.46,-345.03,-372.97,-402.33,-433.16,-465.52,-499.45,-535.01,-572.26,-611.24,-652.03,-694.67,-739.22,-785.75,-834.31,-884.97,-937.79,-992.83,-1050.2,-1109.8,-1171.9,-1236.5,-1303.6,-1373.3,-1445.6,-1520.7,-1598.6,-1679.4,-1763.1,-1849.8,-1939.6,-2032.5,-2128.6,-2227.9,-2330.6,-2436.7,-2546.2,-2659.3,-2775.9,-2896.3,-3020.3,-3148.1,-3279.8,-3415.3,-3554.9,-3698.5,-3846.2,-3998,-4154.1,-4314.5,-4479.2,-4648.3,-4822,-5000.1,-5182.8,-5370.2,-5562.3,-5759.1,-5960.8,-6167.4,-6378.8,-6595.3,-6816.8,-7043.5,-7275.2,-7512.2,-7754.4,-8001.9,-8254.8,-8513.1,-8776.8,-9046.1,-9320.9,-9601.2,-9887.3,-10179,-10476,-10780,-11089,-11403,-11724,-12051,-12384
8.4e-07,7e-07,-8313.7,-7694.6,-7115.1,-6573,-6066.2,-5592.8,-5150.8,-4738.4,-4354,-3995.9,-3662.6,-3352.6,-3064.6,-2797.3,-2549.4,-2319.8,-2107.3,-1910.9,-1729.6,-1562.5,-1408.6,-1267.1,-1137.2,-1018.1,-909.2,-809.71,-719,-636.48,-561.57,-493.72,-432.42,-377.17,-327.53,-283.06,-243.35,-208.03,-176.72,-149.09,-124.82,-103.61,-85.18,-69.266,-55.62,-44.014,-34.231,-26.072,-19.349,-13.89,-9.5347,-6.1337,-3.5503,-1.6586,-0.34286,0.50243,0.97341,1.1571,1.1321,0.96837,0.72846,0.46724,0.23248,0.065221,-0,0.065221,0.28343,0.67158,1.2413,1.9992,2.9471,4.0821,5.3971,6.8808,8.5179,10.289,12.173,14.142,16.168,18.218,20.258,22.249,24.152,25.922,27.516,28.885,29.979,30.748,31.138,31.093,30.557,29.472,27.777,25.411,22.312,18.415,13.657,7.9703,1.2887,-6.4559,-15.332,-25.41,-36.76,-49.452,-63.558,-79.151,-96.303,-115.09,-135.58,-157.85,-181.97,-208.02,-236.08,-266.22,-298.5,-333.02,-369.84,-409.04,-450.7,-494.89,-541.68,-591.16,-643.39,-698.45,-756.42,-817.38,-881.39,-948.53,-1018.9,-1092.5,-1169.5,-1249.9,-1333.8,-1421.3,-1512.4,-1607.2,-1705.8,-1808.3,-1914.7,-2025.1,-2139.6,-2258.2,-2381,-2508.1,-2639.5,-2775.3,-2915.6,-3060.5,-3209.9,-3364.1,-3522.9,-3686.6,-3855.1,-4028.5,-4206.9,-4390.3,-4578.9,-4772.6,-4971.5,-5175.7,-5385.2,-5600.1,-5820.4,-6046.3,-6277.6,-6514.6,-6757.2,-7005.6,-7259.6,-7519.5,-7785.2,-8056.8,-8334.4
8.59e-07,6.63e-07,-10303,-9609.7,-8957.8,-8345.1,-7769.5,-7229,-6721.7,-6245.7,-5799.4,-5381,-4989,-4622,-4278.5,-3957.2,-3656.9,-3376.3,-3114.3,-2869.8,-2641.9,-2429.5,-2231.8,-2047.8,-1876.7,-1717.8,-1570.4,-1433.6,-1306.9,-1189.6,-1081.1,-980.9,-888.43,-803.19,-724.72,-652.55,-586.27,-525.47,-469.79,-418.86,-372.36,-329.97,-291.39,-256.35,-224.58,-195.86,-169.93,-146.61,-125.67,-106.95,-90.262,-75.453,-62.372,-50.882,-40.857,-32.18,-24.745,-18.453,-13.217,-8.9553,-5.5964,-3.0754,-1.3348,-0.32432,-0,-0.32432,-1.2657,-2.7985,-4.9021,-7.5616,-10.767,-14.512,-18.796,-23.622,-28.998,-34.935,-41.447,-48.554,-56.276,-64.638,-73.669,-83.399,-93.861,-105.09,-117.13,-130.01,-143.79,-158.5,-174.19,-190.92,-208.72,-227.66,-247.78,-269.15,-291.82,-315.84,-341.28,-368.19,-396.64,-426.69,-458.41,-491.84,-527.07,-564.16,-603.17,-644.16,-687.22,-732.4,-779.77,-829.4,-881.36,-935.73,-992.56,-1051.9,-1113.9,-1178.6,-1246,-1316.2,-1389.4,-1465.5,-1544.6,-1626.8,-1712.2,-1800.9,-1892.8,-1988.2,-2087,-2189.3,-2295.2,-2404.8,-2518.1,-2635.2,-2756.2,-2881.2,-3010.1,-3143.1,-3280.2,-3421.6,-3567.2,-3717.2,-3871.5,-4030.4,-4193.7,-4361.7,-4534.3,-4711.6,-4893.7,-5080.7,-5272.6,-5469.4,-5671.2,-5878.1,-6090.2,-6307.4,-6529.9,-6757.7,-6990.9,-7229.5,-7473.5,-7723.1,-7978.2,-8238.9,-8505.4,-8777.5,-9055.4,-9339.1,-9628.7,-9924.2,-10226,-10533,-10847,-11166,-11492
8.09e-07,7.11e-07,-7447.9,-6873.3,-6336.6,-5835.5,-5368.2,-4932.5,-4526.7,-4149,-3797.8,-3471.6,-3168.7,-2887.8,-2627.7,-2386.9,-2164.4,-1958.9,-1769.5,-1595.1,-1434.7,-1287.4,-1152.4,-1028.9,-916,-813.07,-719.41,-634.35,-557.28,-487.63,-424.84,-368.4,-317.82,-272.63,-232.42,-196.76,-165.28,-137.62,-113.44,-92.426,-74.277,-58.717,-45.488,-34.347,-25.069,-17.443,-11.274,-6.3815,-2.5982,0.23047,2.2466,3.5805,4.3517,4.6685,4.6297,4.3239,3.8309,3.2215,2.5584,1.8962,1.2818,0.75525,0.34946,0.090957,-0,0.090957,0.37257,0.84824,1.5163,2.3701,3.3986,4.5863,5.9136,7.3568,8.8885,10.478,12.091,13.69,15.234,16.68,17.982,19.092,19.957,20.525,20.741,20.546,19.881,18.684,16.892,14.442,11.265,7.2954,2.4632,-3.3015,-10.07,-17.915,-26.911,-37.131,-48.65,-61.545,-75.894,-91.772,-109.26,-128.43,-149.37,-172.16,-196.87,-223.59,-252.39,-283.36,-316.58,-352.13,-390.09,-430.55,-473.58,-519.26,-567.68,-618.93,-673.07,-730.19,-790.38,-853.7,-920.26,-990.12,-1063.4,-1140.1,-1220.3,-1304.2,-1391.8,-1483.1,-1578.4,-1677.5,-1780.7,-1887.9,-1999.4,-2115,-2235,-2359.4,-2488.3,-2621.7,-2759.7,-2902.3,-3049.8,-3202.1,-3359.2,-3521.4,-3688.5,-3860.8,-4038.3,-4220.9,-4408.9,-4602.3,-4801.1,-5005.4,-5215.2,-5430.7,-5651.8,-5878.7,-6111.3,-6349.9,-6594.3,-6844.7,-7101.2,-7363.7,-7632.3,-7907.2,-8188.2,-8475.6,-8769.2,-9069.3,-9375.8,-9688.7,-10008
8.99e-07,6.39e-07,-12467,-11681,-10940,-10241,-9581.3,-8959.8,-8374,-7822.2,-7302.5,-6813.3,-6352.9,-5919.7,-5512.4,-5129.5,-4769.7,-4431.8,-4114.6,-3816.9,-3537.7,-3275.9,-3030.7,-2801,-2586,-2384.9,-2197,-2021.4,-1857.4,-1704.4,-1561.8,-1429,-1305.3,-1190.3,-1083.4,-984.18,-892.15,-806.89,-727.99,-655.05,-587.73,-525.67,-468.54,-416.05,-367.9,-323.82,-283.56,-246.88,-213.55,-183.36,-156.11,-131.62,-109.71,-90.233,-73.027,-57.954,-44.887,-33.705,-24.299,-16.565,-10.411,-5.7517,-2.5092,-0.61309,-0,-0.61309,-2.4019,-5.3219,-9.3346,-14.407,-20.51,-27.622,-35.725,-44.804,-54.85,-65.859,-77.829,-90.762,-104.66,-119.55,-135.42,-152.3,-170.21,-189.16,-209.19,-230.31,-252.56,-275.97,-300.58,-326.41,-353.5,-381.9,-411.64,-442.77,-475.34,-509.38,-544.94,-582.08,-620.84,-661.27,-703.42,-747.35,-793.12,-840.76,-890.35,-941.94,-995.58,-1051.3,-1109.2,-1169.4,-1231.8,-1296.6,-1363.8,-1433.4,-1505.6,-1580.4,-1657.8,-1737.9,-1820.8,-1906.6,-1995.2,-2086.8,-2181.4,-2279.1,-2379.9,-2484,-2591.3,-2701.9,-2816,-2933.4,-3054.4,-3179,-3307.2,-3439.1,-3574.8,-3714.3,-3857.7,-4005,-4156.3,-4311.6,-4471.1,-4634.7,-4802.6,-4974.7,-5151.2,-5332.1,-5517.5,-5707.3,-5901.8,-6100.8,-6304.5,-6513,-6726.2,-6944.2,-7167.2,-7395,-7627.8,-7865.7,-8108.7,-8356.7,-8610,-8868.4,-9132.2,-9401.2,-9675.6,-9955.4,-10241,-10531,-10828,-11129,-11437,-11750,-12068
7.88e-07,6.47e-07,-10518,-9856.5,-9233.1,-8646.3,-8093.8,-7574,-7084.9,-6624.8,-6192.1,-5785.3,-5402.9,-5043.5,-4705.9,-4388.8,-4091,-3811.4,-3549,-3302.8,-3071.9,-2855.3,-2652.2,-2461.8,-2283.4,-2116.3,-1959.8,-1813.2,-1676,-1547.6,-1427.5,-1315.2,-1210.1,-1112,-1020.2,-934.58,-854.61,-779.98,-710.38,-645.49,-585.05,-528.78,-476.44,-427.8,-382.65,-340.8,-302.05,-266.25,-233.23,-202.85,-174.99,-149.52,-126.34,-105.35,-86.454,-69.584,-54.668,-41.645,-30.462,-21.074,-13.445,-7.543,-3.3456,-0.83502,-0,-0.83502,-3.34,-7.5201,-13.385,-20.951,-30.235,-41.262,-54.059,-68.657,-85.091,-103.4,-123.62,-145.81,-170,-196.25,-224.61,-255.14,-287.89,-322.92,-360.29,-400.08,-442.34,-487.14,-534.55,-584.63,-637.47,-693.14,-751.7,-813.23,-877.81,-945.52,-1016.4,-1090.6,-1168.2,-1249.2,-1333.7,-1421.8,-1513.6,-1609.2,-1708.6,-1812,-1919.3,-2030.8,-2146.4,-2266.4,-2390.6,-2519.3,-2652.5,-2790.3,-2932.7,-3080,-3232,-3389,-3551,-3718.1,-3890.4,-4067.9,-4250.7,-4438.9,-4632.6,-4831.9,-5036.9,-5247.5,-5464,-5686.3,-5914.6,-6148.9,-6389.3,-6635.8,-6888.6,-7147.7,-7413.2,-7685.2,-7963.7,-8248.7,-8540.5,-8838.9,-9144.1,-9456.2,-9775.2,-10101,-10434,-10774,-11122,-11476,-11838,-12207,-12583,-12967,-13358,-13757,-14164,-14578,-14999,-15429,-15866,-16311,-16764,-17224,-17693,-18169,-18654,-19146,-19647,-20155,-20672,-21197,-21729
8.87e-07,6.35e-07,-12425,-11647,-10912,-10220,-9566.5,-8950.6,-8370.1,-7823.1,-7307.9,-6822.7,-6365.9,-5936.1,-5531.7,-5151.5,-4794,-4458.2,-4142.7,-3846.6,-3568.6,-3307.9,-3063.5,-2834.4,-2619.9,-2419,-2231.1,-2055.4,-1891.2,-1737.8,-1594.7,-1461.2,-1336.8,-1220.9,-1113.1,-1012.9,-919.75,-833.35,-753.24,-679.07,-610.47,-547.1,-488.65,-434.82,-385.33,-339.91,-298.32,-260.33,-225.71,-194.26,-165.79,-140.13,-117.1,-96.549,-78.338,-62.33,-48.402,-36.441,-26.34,-18.005,-11.347,-6.2865,-2.7508,-0.67473,-0,-0.67473,-2.6534,-5.8962,-10.369,-16.044,-22.897,-30.911,-40.07,-50.366,-61.793,-74.352,-88.044,-102.88,-118.86,-136,-154.33,-173.85,-194.6,-216.6,-239.86,-264.44,-290.35,-317.63,-346.32,-376.46,-408.09,-441.25,-475.98,-512.33,-550.35,-590.08,-631.59,-674.9,-720.09,-767.2,-816.29,-867.41,-920.62,-975.97,-1033.5,-1093.3,-1155.5,-1220,-1287,-1356.4,-1428.5,-1503.1,-1580.5,-1660.6,-1743.5,-1829.3,-1918,-2009.7,-2104.5,-2202.4,-2303.6,-2407.9,-2515.6,-2626.7,-2741.2,-2859.3,-2980.9,-3106.1,-3235.1,-3367.8,-3504.4,-3644.8,-3789.2,-3937.6,-4090,-4246.6,-4407.4,-4572.5,-4741.9,-4915.6,-5093.8,-5276.5,-5463.7,-5655.6,-5852.1,-6053.3,-6259.4,-6470.2,-6685.9,-6906.6,-7132.3,-7363,-7598.9,-7839.9,-8086.1,-8337.5,-8594.3,-8856.4,-9123.9,-9396.9,-9675.3,-9959.3,-10249,-10544,-10845,-11152,-11464,-11782,-12106,-12436,-12772,-13113,-13461
7.87e-07,6.34e-07,-11391,-10701,-10049,-9435.2,-8856,-8309.7,-7794.7,-7309.2,-6851.5,-6420.2,-6013.8,-5630.9,-5270.3,-4930.6,-4610.7,-4309.5,-4025.9,-3759,-3507.8,-3271.4,-3049,-2839.8,-2643.1,-2458.1,-2284.1,-2120.6,-1966.9,-1822.4,-1686.7,-1559.3,-1439.6,-1327.2,-1221.7,-1122.8,-1030,-942.99,-861.48,-785.14,-713.7,-646.89,-584.46,-526.19,-471.86,-421.28,-374.26,-330.63,-290.24,-252.94,-218.61,-187.12,-158.36,-132.24,-108.68,-87.577,-68.88,-52.522,-38.45,-26.619,-16.992,-9.5379,-4.2319,-1.0565,-0,-1.0565,-4.2254,-9.5114,-16.924,-26.478,-38.191,-52.088,-68.194,-86.54,-107.16,-130.1,-155.38,-183.07,-213.2,-245.82,-281,-318.77,-359.2,-402.35,-448.28,-497.05,-548.72,-603.37,-661.06,-721.86,-785.85,-853.08,-923.65,-997.61,-1075.1,-1156.1,-1240.7,-1329,-1421.1,-1517.1,-1617.1,-1721,-1829.1,-1941.4,-2057.9,-2178.8,-2304.1,-2433.9,-2568.4,-2707.5,-2851.4,-3000.1,-3153.7,-3312.4,-3476.1,-3645,-3819.2,-3998.6,-4183.6,-4373.9,-4569.9,-4771.5,-4978.9,-5192,-5411.1,-5636.1,-5867.1,-6104.3,-6347.6,-6597.2,-6853.1,-7115.5,-7384.3,-7659.7,-7941.7,-8230.4,-8525.8,-8828.1,-9137.2,-9453.4,-9776.5,-10107,-10444,-10789,-11141,-11500,-11866,-12240,-12622,-13011,-13407,-13812,-14224,-14643,-15071,-15506,-15949,-16401,-16860,-17327,-17802,-18285,-18777,-19276,-19784,-20300,-20824,-21357,-21897,-22446,-23004,-23570,-24144
8.24e-07,7.07e-07,-7789,-7195.3,-6640.3,-6121.8,-5637.7,-5186.1,-4765.1,-4372.8,-4007.8,-3668.2,-3352.8,-3059.9,-2788.3,-2536.7,-2303.9,-2088.6,-1889.9,-1706.7,-1538,-1382.9,-1240.5,-1109.9,-990.44,-881.31,-781.82,-691.3,-609.12,-534.68,-467.42,-406.82,-352.37,-303.6,-260.06,-221.34,-187.04,-156.79,-130.24,-107.07,-86.954,-69.619,-54.791,-42.218,-31.663,-22.907,-15.746,-9.9878,-5.457,-1.9898,0.56489,2.3463,3.4824,4.0901,4.2763,4.1379,3.7626,3.2292,2.608,1.9611,1.343,0.80097,0.37515,0.099084,-0,0.099084,0.41178,0.94809,1.7128,2.7057,3.9221,5.3524,6.9833,8.797,10.772,12.883,15.102,17.397,19.733,22.071,24.372,26.591,28.683,30.599,32.289,33.7,34.777,35.465,35.703,35.433,34.592,33.118,30.945,28.009,24.24,19.573,13.936,7.2603,-0.52613,-9.4953,-19.72,-31.274,-44.232,-58.669,-74.66,-92.281,-111.61,-132.72,-155.69,-180.6,-207.53,-236.55,-267.74,-301.19,-336.96,-375.14,-415.81,-459.04,-504.92,-553.52,-604.92,-659.2,-716.43,-776.7,-840.09,-906.66,-976.5,-1049.7,-1126.3,-1206.4,-1290.1,-1377.4,-1468.5,-1563.3,-1662,-1764.7,-1871.4,-1982.2,-2097.2,-2216.4,-2339.9,-2467.8,-2600.1,-2737,-2878.4,-3024.5,-3175.4,-3331,-3491.5,-3656.9,-3827.3,-4002.7,-4183.3,-4369.1,-4560,-4756.3,-4958,-5165.1,-5377.7,-5595.8,-5819.5,-6048.8,-6283.9,-6524.7,-6771.3,-7023.8,-7282.2,-7546.6,-7817,-8093.5,-8376.1,-8664.8,-8959.8
8.75e-07,6.78e-07,-9933.9,-9243.7,-8595.6,-7987.1,-7416.2,-6880.8,-6378.9,-5908.7,-5468.5,-5056.5,-4671.2,-4311.1,-3974.8,-3660.9,-3368.2,-3095.3,-2841.3,-2604.9,-2385.1,-2181,-1991.5,-1815.9,-1653.3,-1502.9,-1363.9,-1235.6,-1117.3,-1008.4,-908.29,-816.39,-732.15,-655.06,-584.62,-520.37,-461.88,-408.74,-360.57,-316.98,-277.65,-242.24,-210.45,-182,-156.6,-134.01,-114,-96.332,-80.805,-67.223,-55.405,-45.183,-36.399,-28.906,-22.572,-17.27,-12.885,-9.3141,-6.4589,-4.2322,-2.5542,-1.353,-0.56403,-0.12994,-0,-0.12994,-0.48162,-1.0227,-1.7266,-2.5717,-3.5418,-4.6253,-5.8152,-7.1089,-8.5081,-10.018,-11.649,-13.413,-15.326,-17.409,-19.683,-22.175,-24.912,-27.927,-31.252,-34.923,-38.979,-43.46,-48.408,-53.868,-59.885,-66.508,-73.787,-81.771,-90.514,-100.07,-110.49,-121.84,-134.17,-147.54,-162,-177.63,-194.48,-212.61,-232.09,-252.97,-275.33,-299.23,-324.73,-351.91,-380.81,-411.52,-444.1,-478.62,-515.14,-553.73,-594.46,-637.4,-682.62,-730.18,-780.15,-832.61,-887.61,-945.24,-1005.6,-1068.6,-1134.5,-1203.3,-1275,-1349.8,-1427.7,-1508.7,-1593,-1680.5,-1771.5,-1865.8,-1963.7,-2065.1,-2170.1,-2278.8,-2391.3,-2507.6,-2627.8,-2752,-2880.1,-3012.3,-3148.7,-3289.3,-3434.1,-3583.2,-3736.7,-3894.6,-4057.1,-4224.1,-4395.7,-4571.9,-4752.9,-4938.7,-5129.3,-5324.7,-5525.2,-5730.6,-5941,-6156.6,-6377.3,-6603.2,-6834.3,-7070.7,-7312.5,-7559.7,-7812.2,-8070.3,-8333.9
9.06e-07,6.75e-07,-10847,-10110,-9417.7,-8766.6,-8154.7,-7580,-7040.4,-6534.1,-6059.2,-5614.1,-5197,-4806.6,-4441.2,-4099.5,-3780.2,-3482.1,-3203.8,-2944.4,-2702.6,-2477.6,-2268.3,-2073.8,-1893.2,-1725.7,-1570.6,-1427,-1294.2,-1171.7,-1058.6,-954.56,-858.85,-770.97,-690.4,-616.66,-549.29,-487.85,-431.93,-381.15,-335.12,-293.52,-256,-222.27,-192.02,-165,-140.93,-119.58,-100.72,-84.131,-69.623,-57.006,-46.104,-36.754,-28.806,-22.117,-16.557,-12.004,-8.3468,-5.4818,-3.3143,-1.7578,-0.73318,-0.1688,-0,-0.1688,-0.62358,-1.3188,-2.2148,-3.2772,-4.4772,-5.7909,-7.1992,-8.6875,-10.246,-11.868,-13.552,-15.299,-17.116,-19.01,-20.994,-23.083,-25.294,-27.65,-30.172,-32.888,-35.827,-39.018,-42.494,-46.292,-50.447,-54.999,-59.988,-65.457,-71.45,-78.012,-85.189,-93.03,-101.58,-110.9,-121.04,-132.04,-143.96,-156.86,-170.79,-185.81,-201.98,-219.34,-237.97,-257.92,-279.25,-302.02,-326.29,-352.12,-379.57,-408.7,-439.58,-472.27,-506.83,-543.32,-581.81,-622.36,-665.03,-709.88,-756.98,-806.39,-858.18,-912.4,-969.12,-1028.4,-1090.3,-1154.9,-1222.3,-1292.4,-1365.5,-1441.5,-1520.5,-1602.5,-1687.7,-1776,-1867.6,-1962.5,-2060.8,-2162.5,-2267.7,-2376.4,-2488.8,-2604.8,-2724.5,-2848,-2975.3,-3106.5,-3241.7,-3380.8,-3524.1,-3671.4,-3822.9,-3978.6,-4138.6,-4302.9,-4471.6,-4644.8,-4822.4,-5004.5,-5191.2,-5382.5,-5578.5,-5779.3,-5984.8,-6195.1,-6410.3,-6630.4,-6855.4
7.67e-07,6.35e-07,-11464,-10783,-10139,-9532.2,-8959.2,-8418.5,-7908.3,-7427,-6973,-6544.7,-6140.8,-5759.8,-5400.6,-5061.8,-4742.4,-4441.2,-4157.3,-3889.7,-3637.4,-3399.6,-3175.4,-2964.2,-2765.1,-2577.5,-2400.7,-2234.2,-2077.3,-1929.5,-1790.2,-1659.1,-1535.6,-1419.3,-1309.9,-1206.9,-1110,-1018.8,-933.15,-852.64,-777.03,-706.08,-639.54,-577.22,-518.9,-464.4,-413.56,-366.22,-322.23,-281.46,-243.8,-209.14,-177.38,-148.44,-122.23,-98.698,-77.776,-59.416,-43.576,-30.222,-19.325,-10.866,-4.8296,-1.2083,-0,-1.2083,-4.842,-10.915,-19.446,-30.458,-43.979,-60.04,-78.676,-99.928,-123.84,-150.45,-179.81,-211.98,-247.01,-284.95,-325.87,-369.82,-416.88,-467.1,-520.56,-577.33,-637.47,-701.07,-768.18,-838.9,-913.3,-991.45,-1073.4,-1159.3,-1249.2,-1343.2,-1441.4,-1543.7,-1650.4,-1761.6,-1877.2,-1997.4,-2122.3,-2251.9,-2386.4,-2525.7,-2670.1,-2819.6,-2974.3,-3134.3,-3299.6,-3470.3,-3646.6,-3828.5,-4016.1,-4209.5,-4408.7,-4613.9,-4825.1,-5042.4,-5265.9,-5495.7,-5731.9,-5974.4,-6223.6,-6479.3,-6741.6,-7010.8,-7286.7,-7569.6,-7859.4,-8156.3,-8460.3,-8771.5,-9089.9,-9415.7,-9748.9,-10090,-10438,-10794,-11157,-11528,-11907,-12294,-12689,-13091,-13502,-13921,-14348,-14783,-15226,-15678,-16137,-16606,-17082,-17567,-18061,-18563,-19074,-19593,-20121,-20657,-21203,-21757,-22319,-22891,-23471,-24060,-24658,-25265,-25881,-26506,-27139
9.35e-07,7.05e-07,-10587,-9842.8,-9143.6,-8486.9,-7870.6,-7292.4,-6750.3,-6242.3,-5766.7,-5321.6,-4905.3,-4516.3,-4153.1,-3814.2,-3498.3,-3204,-2930.2,-2675.6,-2439.2,-2219.9,-2016.7,-1828.6,-1654.7,-1494.3,-1346.4,-1210.2,-1085.1,-970.38,-865.3,-769.27,-681.69,-601.99,-529.64,-464.12,-404.95,-351.67,-303.85,-261.09,-222.98,-189.16,-159.29,-133.04,-110.1,-90.173,-72.986,-58.28,-45.809,-35.343,-26.667,-19.578,-13.883,-9.4067,-5.9803,-3.4483,-1.6651,-0.49521,0.18722,0.49907,0.54844,0.43513,0.25099,0.080272,-0,0.080272,0.38459,0.97013,1.8881,3.1839,4.8974,7.0634,9.7116,12.867,16.55,20.776,25.558,30.903,36.816,43.297,50.343,57.948,66.104,74.797,84.013,93.735,103.94,114.61,125.72,137.23,149.13,161.37,173.94,186.78,199.87,213.16,226.62,240.21,253.88,267.59,281.29,294.94,308.49,321.89,335.09,348.05,360.7,373.01,384.91,396.35,407.28,417.64,427.39,436.45,444.79,452.33,459.02,464.81,469.64,473.45,476.17,477.76,478.16,477.3,475.12,471.57,466.58,460.11,452.08,442.43,431.12,418.08,403.24,386.55,367.96,347.39,324.8,300.12,273.29,244.26,212.96,179.34,143.34,104.9,63.965,20.474,-25.627,-74.398,-125.89,-180.17,-237.29,-297.3,-360.25,-426.22,-495.24,-567.38,-642.68,-721.21,-803.01,-888.14,-976.64,-1068.6,-1164,-1263,-1365.5,-1471.7,-1581.6,-1695.2,-1812.5,-1933.8,-2058.9,-2187.9,-2320.9
9.05e-07,6.82e-07,-10526,-9800.3,-9118.4,-8477.7,-7876,-7311.3,-6781.6,-6284.9,-5819.4,-5383.5,-4975.5,-4593.8,-4237.1,-3903.9,-3592.8,-3302.7,-3032.3,-2780.5,-2546.2,-2328.5,-2126.3,-1938.7,-1764.8,-1603.9,-1455.1,-1317.6,-1190.9,-1074.1,-966.76,-868.15,-777.72,-694.96,-619.32,-550.35,-487.57,-430.55,-378.87,-332.16,-290.05,-252.18,-218.24,-187.91,-160.91,-136.95,-115.8,-97.192,-80.915,-66.753,-54.506,-43.99,-35.029,-27.461,-21.136,-15.913,-11.662,-8.2616,-5.601,-3.5776,-2.0974,-1.0743,-0.42985,-0.093115,-0,-0.093115,-0.32143,-0.64,-1.0096,-1.3967,-1.7729,-2.1148,-2.4038,-2.6261,-2.7719,-2.8358,-2.8163,-2.7155,-2.5394,-2.2973,-2.0015,-1.6678,-1.3147,-0.96355,-0.63842,-0.36588,-0.17491,-0.096784,-0.16496,-0.41494,-0.8842,-1.6121,-2.6396,-4.0096,-5.7664,-7.9557,-10.625,-13.822,-17.598,-22.003,-27.089,-32.909,-39.517,-46.97,-55.321,-64.629,-74.95,-86.342,-98.865,-112.58,-127.54,-143.81,-161.46,-180.53,-201.1,-223.23,-246.97,-272.39,-299.56,-328.54,-359.38,-392.16,-426.93,-463.77,-502.73,-543.87,-587.27,-632.98,-681.07,-731.61,-784.64,-840.25,-898.49,-959.42,-1023.1,-1089.6,-1159,-1231.3,-1306.7,-1385.1,-1466.6,-1551.4,-1639.3,-1730.6,-1825.3,-1923.4,-2025,-2130.1,-2238.9,-2351.3,-2467.4,-2587.3,-2711.1,-2838.7,-2970.3,-3105.9,-3245.6,-3389.4,-3537.3,-3689.5,-3845.9,-4006.7,-4171.8,-4341.4,-4515.4,-4694,-4877.2,-5064.9,-5257.4,-5454.6,-5656.5,-5863.2,-6074.8
8.47e-07,6.55e-07,-10513,-9819,-9166.3,-8552.5,-7975.4,-7433.1,-6923.6,-6445.2,-5996.2,-5574.8,-5179.7,-4809.2,-4462.1,-4137,-3832.6,-3547.9,-3281.6,-3032.7,-2800.2,-2583.2,-2380.7,-2191.8,-2015.9,-1852,-1699.6,-1557.8,-1426,-1303.7,-1190.2,-1084.9,-987.43,-897.21,-813.79,-736.73,-665.61,-600.05,-539.69,-484.16,-433.15,-386.36,-343.49,-304.27,-268.46,-235.82,-206.13,-179.18,-154.78,-132.75,-112.93,-95.158,-79.299,-65.219,-52.799,-41.928,-32.506,-24.44,-17.648,-12.055,-7.5951,-4.2081,-1.8423,-0.45245,-0,-0.45245,-1.7833,-3.9715,-7.0017,-10.863,-15.551,-21.064,-27.405,-34.582,-42.607,-51.496,-61.267,-71.942,-83.548,-96.114,-109.67,-124.25,-139.9,-156.65,-174.54,-193.62,-213.94,-235.54,-258.47,-282.79,-308.55,-335.81,-364.62,-395.03,-427.12,-460.94,-496.55,-534.02,-573.41,-614.78,-658.2,-703.74,-751.46,-801.44,-853.74,-908.43,-965.58,-1025.3,-1087.5,-1152.5,-1220.2,-1290.7,-1364.1,-1440.5,-1519.8,-1602.3,-1688,-1776.9,-1869.2,-1964.8,-2063.9,-2166.5,-2272.7,-2382.7,-2496.3,-2613.8,-2735.2,-2860.6,-2990,-3123.5,-3261.1,-3403,-3549.3,-3699.9,-3855,-4014.6,-4178.8,-4347.6,-4521.2,-4699.5,-4882.7,-5070.8,-5263.9,-5462,-5665.3,-5873.7,-6087.3,-6306.3,-6530.6,-6760.2,-6995.4,-7236.1,-7482.4,-7734.3,-7991.9,-8255.2,-8524.4,-8799.4,-9080.3,-9367.2,-9660,-9959,-10264,-10575,-10893,-11216,-11546,-11882,-12225,-12574,-12929,-13291,-13660
8.37e-07,6.71e-07,-9531.7,-8875.2,-8258.9,-7680.6,-7138,-6629.3,-6152.5,-5705.9,-5287.8,-4896.5,-4530.6,-4188.6,-3869,-3570.7,-3292.4,-3032.9,-2791.2,-2566.1,-2356.6,-2161.9,-1981,-1813.1,-1657.4,-1513.2,-1379.6,-1256.1,-1142,-1036.6,-939.52,-850.07,-767.78,-692.16,-622.77,-559.17,-500.96,-447.75,-399.18,-354.93,-314.66,-278.09,-244.94,-214.94,-187.84,-163.43,-141.48,-121.8,-104.21,-88.521,-74.589,-62.263,-51.408,-41.898,-33.619,-26.468,-20.35,-15.179,-10.877,-7.3763,-4.6154,-2.5405,-1.1052,-0.26947,-0,-0.26947,-1.0564,-2.345,-4.1246,-6.3896,-9.1392,-12.377,-16.112,-20.355,-25.124,-30.437,-36.318,-42.795,-49.896,-57.656,-66.109,-75.295,-85.254,-96.031,-107.67,-120.22,-133.74,-148.26,-163.86,-180.58,-198.48,-217.62,-238.06,-259.86,-283.08,-307.8,-334.07,-361.96,-391.54,-422.88,-456.04,-491.1,-528.12,-567.18,-608.35,-651.7,-697.3,-745.23,-795.56,-848.37,-903.72,-961.7,-1022.4,-1085.8,-1152.1,-1221.3,-1293.6,-1368.8,-1447.3,-1528.9,-1613.9,-1702.2,-1794,-1889.3,-1988.2,-2090.8,-2197.1,-2307.2,-2421.2,-2539.2,-2661.2,-2787.4,-2917.7,-3052.2,-3191.1,-3334.4,-3482.1,-3634.4,-3791.3,-3952.8,-4119.1,-4290.1,-4466.1,-4647,-4832.9,-5023.8,-5219.9,-5421.2,-5627.7,-5839.5,-6056.7,-6279.4,-6507.6,-6741.3,-6980.6,-7225.6,-7476.3,-7732.8,-7995.1,-8263.3,-8537.5,-8817.6,-9103.8,-9396.1,-9694.5,-9999.2,-10310,-10627,-10951,-11280,-11617,-11959,-12308
8.39e-07,6.6e-07,-10122,-9445.4,-8809.2,-8211.4,-7649.8,-7122.4,-6627.4,-6162.9,-5727.3,-5318.9,-4936.3,-4577.9,-4242.5,-3928.6,-3635.1,-3360.7,-3104.5,-2865.3,-2642.1,-2433.9,-2240,-2059.4,-1891.4,-1735.1,-1589.9,-1455.1,-1330,-1214,-1106.5,-1007.1,-915.15,-830.21,-751.81,-679.52,-612.94,-551.68,-495.38,-443.71,-396.33,-352.96,-313.31,-277.12,-244.15,-214.15,-186.93,-162.27,-139.99,-119.92,-101.89,-85.765,-71.399,-58.668,-47.456,-37.657,-29.176,-21.925,-15.825,-10.807,-6.8071,-3.7713,-1.6512,-0.40565,-0,-0.40565,-1.5999,-3.5655,-6.2908,-9.7688,-13.998,-18.98,-24.723,-31.237,-38.537,-46.643,-55.576,-65.363,-76.032,-87.614,-100.15,-113.66,-128.21,-143.82,-160.55,-178.44,-197.54,-217.9,-239.58,-262.62,-287.09,-313.05,-340.55,-369.65,-400.42,-432.92,-467.21,-503.36,-541.44,-581.51,-623.64,-667.9,-714.36,-763.09,-814.16,-867.64,-923.61,-982.13,-1043.3,-1107.1,-1173.8,-1243.2,-1315.6,-1391,-1469.5,-1551.1,-1635.9,-1724.1,-1815.6,-1910.5,-2008.9,-2111,-2216.7,-2326.1,-2439.3,-2556.4,-2677.5,-2802.6,-2931.8,-3065.2,-3202.8,-3344.7,-3491.1,-3641.8,-3797.1,-3957,-4121.6,-4290.8,-4464.9,-4643.8,-4827.7,-5016.6,-5210.5,-5409.6,-5613.8,-5823.3,-6038.1,-6258.3,-6484,-6715.1,-6951.8,-7194.1,-7442,-7695.8,-7955.2,-8220.6,-8491.8,-8769,-9052.2,-9341.4,-9636.8,-9938.3,-10246,-10560,-10880,-11207,-11540,-11879,-12225,-12577,-12936,-13302,-13674
8.11e-07,6.28e-07,-11823,-11105,-10428,-9788.6,-9185.6,-8616.7,-8080.2,-7574.3,-7097.3,-6647.7,-6223.9,-5824.6,-5448.4,-5094.1,-4760.4,-4446.2,-4150.4,-3872,-3610.1,-3363.7,-3131.9,-2914,-2709.1,-2516.5,-2335.5,-2165.5,-2005.9,-1856,-1715.3,-1583.3,-1459.5,-1343.4,-1234.6,-1132.7,-1037.2,-947.92,-864.38,-786.29,-713.36,-645.31,-581.86,-522.79,-467.84,-416.81,-369.51,-325.73,-285.32,-248.12,-213.97,-182.75,-154.33,-128.59,-105.44,-84.785,-66.538,-50.625,-36.981,-25.547,-16.272,-9.1131,-4.0338,-1.004,-0,-1.004,-4.0039,-8.993,-15.97,-24.937,-35.903,-48.88,-63.885,-80.938,-100.06,-121.29,-144.64,-170.16,-197.89,-227.85,-260.11,-294.69,-331.65,-371.05,-412.92,-457.34,-504.34,-554,-606.37,-661.52,-719.5,-780.38,-844.23,-911.11,-981.1,-1054.3,-1130.6,-1210.4,-1293.5,-1380,-1470.1,-1563.8,-1661.1,-1762.2,-1867.2,-1976,-2088.9,-2205.7,-2326.8,-2452,-2581.5,-2715.4,-2853.7,-2996.5,-3143.9,-3296,-3452.9,-3614.5,-3781.1,-3952.6,-4129.2,-4310.9,-4497.8,-4690,-4887.5,-5090.5,-5298.9,-5512.9,-5732.6,-5957.9,-6189.1,-6426.1,-6669,-6917.9,-7172.8,-7433.9,-7701.1,-7974.7,-8254.5,-8540.7,-8833.4,-9132.6,-9438.3,-9750.7,-10070,-10396,-10728,-11068,-11414,-11767,-12128,-12495,-12870,-13252,-13641,-14037,-14440,-14851,-15270,-15695,-16129,-16569,-17018,-17474,-17937,-18408,-18887,-19374,-19868,-20370,-20880,-21398,-21924
8.52e-07,6.44e-07,-11216,-10497,-9818.8,-9180.4,-8579.3,-8013.6,-7481.3,-6980.7,-6509.9,-6067.4,-5651.7,-5261.2,-4894.6,-4550.5,-4227.7,-3924.9,-3641.2,-3375.4,-3126.4,-2893.4,-2675.3,-2471.5,-2280.9,-2102.9,-1936.8,-1781.7,-1637.2,-1502.4,-1376.9,-1260.2,-1151.6,-1050.6,-956.91,-869.94,-789.31,-714.62,-645.51,-581.63,-522.63,-468.22,-418.11,-372.01,-329.67,-290.86,-255.34,-222.91,-193.37,-166.55,-142.26,-120.36,-100.69,-83.132,-67.55,-53.834,-41.879,-31.591,-22.883,-15.678,-9.905,-5.5025,-2.4153,-0.59497,-0,-0.59497,-2.3505,-5.2428,-9.2535,-14.37,-20.583,-27.889,-36.29,-45.79,-56.398,-68.128,-80.996,-95.022,-110.23,-126.64,-144.3,-163.22,-183.44,-205.01,-227.96,-252.33,-278.17,-305.52,-334.44,-364.97,-397.16,-431.07,-466.75,-504.26,-543.66,-585,-628.34,-673.75,-721.29,-771.02,-823,-877.3,-933.99,-993.13,-1054.8,-1119,-1185.9,-1255.5,-1327.9,-1403.2,-1481.4,-1562.6,-1646.9,-1734.3,-1824.9,-1918.8,-2016,-2116.7,-2220.9,-2328.6,-2440,-2555,-2673.8,-2796.5,-2923.1,-3053.7,-3188.3,-3327.1,-3470,-3617.2,-3768.8,-3924.7,-4085.1,-4250,-4419.5,-4593.7,-4772.6,-4956.3,-5144.9,-5338.4,-5536.9,-5740.4,-5949,-6162.8,-6381.9,-6606.2,-6835.9,-7071,-7311.6,-7557.7,-7809.4,-8066.7,-8329.7,-8598.5,-8873.1,-9153.5,-9439.8,-9732.1,-10030,-10335,-10645,-10962,-11285,-11614,-11949,-12291,-12639,-12993,-13354,-13721,-14095,-14476,-14863
8.52e-07,6.33e-07,-11892,-11150,-10450,-9790,-9167.8,-8581.3,-8028.6,-7508,-7017.6,-6555.9,-6121.4,-5712.5,-5327.8,-4966.1,-4626.1,-4306.5,-4006.3,-3724.3,-3459.7,-3211.3,-2978.4,-2759.9,-2555.2,-2363.4,-2183.8,-2015.6,-1858.4,-1711.3,-1573.8,-1445.5,-1325.6,-1213.8,-1109.6,-1012.5,-922.03,-837.91,-759.73,-687.12,-619.76,-557.34,-499.56,-446.15,-396.86,-351.43,-309.66,-271.32,-236.21,-204.16,-175,-148.56,-124.7,-103.29,-84.191,-67.301,-52.51,-39.723,-28.852,-19.819,-12.553,-6.9906,-3.076,-0.75993,-0,-0.75993,-3.0095,-6.724,-11.884,-18.477,-26.492,-35.925,-46.777,-59.052,-72.757,-87.906,-104.51,-122.6,-142.19,-163.3,-185.97,-210.22,-236.1,-263.63,-292.86,-323.83,-356.57,-391.15,-427.6,-465.97,-506.32,-548.69,-593.15,-639.74,-688.52,-739.56,-792.9,-848.62,-906.77,-967.41,-1030.6,-1096.4,-1164.9,-1236.2,-1310.3,-1387.3,-1467.2,-1550.1,-1636.1,-1725.3,-1817.7,-1913.4,-2012.5,-2114.9,-2220.9,-2330.5,-2443.7,-2560.6,-2681.3,-2805.8,-2934.3,-3066.7,-3203.2,-3343.9,-3488.7,-3637.8,-3791.2,-3949,-4111.3,-4278.1,-4449.6,-4625.7,-4806.5,-4992.1,-5182.6,-5378,-5578.5,-5783.9,-5994.5,-6210.3,-6431.4,-6657.7,-6889.4,-7126.5,-7369.2,-7617.3,-7871.1,-8130.5,-8395.7,-8666.6,-8943.3,-9225.9,-9514.5,-9809,-10110,-10416,-10729,-11048,-11373,-11705,-12043,-12387,-12737,-13094,-13458,-13828,-14205,-14588,-14978,-15374,-15778,-16188,-16604
9.13e-07,6.39e-07,-12821,-12017,-11257,-10540,-9864.1,-9226.5,-8625.5,-8059,-7525.4,-7022.8,-6549.6,-6104.3,-5685.4,-5291.5,-4921.2,-4573.3,-4246.6,-3939.8,-3652.1,-3382.2,-3129.2,-2892.3,-2670.4,-2462.9,-2268.8,-2087.4,-1918,-1759.9,-1612.5,-1475.2,-1347.3,-1228.3,-1117.8,-1015.2,-919.99,-831.8,-750.2,-674.77,-605.16,-541,-481.95,-427.72,-377.99,-332.48,-290.94,-253.12,-218.77,-187.68,-159.64,-134.47,-111.98,-92,-74.374,-58.955,-45.607,-34.202,-24.624,-16.763,-10.52,-5.803,-2.5271,-0.61605,-0,-0.61605,-2.4077,-5.3245,-9.3221,-14.362,-20.409,-27.437,-35.42,-44.341,-54.185,-64.94,-76.602,-89.168,-102.64,-117.02,-132.31,-148.54,-165.7,-183.83,-202.93,-223.04,-244.17,-266.36,-289.62,-314,-339.53,-366.24,-394.17,-423.35,-453.84,-485.66,-518.86,-553.5,-589.6,-627.23,-666.43,-707.24,-749.73,-793.93,-839.9,-887.7,-937.38,-988.99,-1042.6,-1098.2,-1156,-1215.9,-1278,-1342.4,-1409.1,-1478.2,-1549.7,-1623.7,-1700.4,-1779.6,-1861.5,-1946.2,-2033.6,-2123.9,-2217.2,-2313.4,-2412.7,-2515,-2620.5,-2729.3,-2841.3,-2956.6,-3075.4,-3197.6,-3323.3,-3452.6,-3585.5,-3722.1,-3862.5,-4006.7,-4154.7,-4306.6,-4462.5,-4622.5,-4786.5,-4954.7,-5127,-5303.6,-5484.5,-5669.8,-5859.4,-6053.6,-6252.2,-6455.4,-6663.2,-6875.7,-7092.8,-7314.8,-7541.5,-7773.1,-8009.6,-8251.1,-8497.5,-8749,-9005.5,-9267.2,-9534,-9806.1,-10083,-10366,-10654,-10947,-11246
9.09e-07,6.44e-07,-12438,-11648,-10903,-10200,-9537.4,-8913.1,-8324.9,-7771,-7249.5,-6758.8,-6297.1,-5863,-5454.9,-5071.5,-4711.4,-4373.4,-4056.3,-3758.9,-3480.1,-3219,-2974.5,-2745.7,-2531.7,-2331.8,-2145,-1970.8,-1808.2,-1656.8,-1515.8,-1384.5,-1262.6,-1149.3,-1044.2,-946.78,-856.59,-773.18,-696.14,-625.08,-559.61,-499.4,-444.1,-393.42,-347.05,-304.71,-266.15,-231.12,-199.39,-170.74,-144.97,-121.88,-101.31,-83.083,-67.043,-53.048,-40.964,-30.667,-22.04,-14.978,-9.3841,-5.1674,-2.2463,-0.54638,-0,-0.54638,-2.1311,-4.7059,-8.2283,-12.661,-17.974,-24.138,-31.134,-38.943,-47.554,-56.957,-67.148,-78.126,-89.894,-102.46,-115.83,-130.02,-145.04,-160.92,-177.67,-195.32,-213.9,-233.43,-253.94,-275.47,-298.04,-321.71,-346.51,-372.47,-399.63,-428.05,-457.77,-488.83,-521.28,-555.16,-590.54,-627.45,-665.95,-706.09,-747.93,-791.52,-836.91,-884.16,-933.33,-984.47,-1037.6,-1092.9,-1150.3,-1209.9,-1271.8,-1336,-1402.6,-1471.6,-1543.1,-1617.2,-1694,-1773.4,-1855.5,-1940.5,-2028.3,-2119,-2212.8,-2309.6,-2409.5,-2512.5,-2618.8,-2728.4,-2841.4,-2957.7,-3077.6,-3200.9,-3327.9,-3458.5,-3592.8,-3730.8,-3872.7,-4018.5,-4168.2,-4321.9,-4479.7,-4641.5,-4807.6,-4977.8,-5152.3,-5331.1,-5514.4,-5702,-5894.2,-6090.8,-6292.1,-6498,-6708.6,-6923.9,-7144,-7368.9,-7598.8,-7833.5,-8073.3,-8318,-8567.9,-8822.8,-9082.9,-9348.2,-9618.7,-9894.5,-10176,-10462,-10754
