8.34e-07,6.37e-07,-11387,-10690,-9921.3,-9362.5,-8703.9,-8214.5,-7619.2,-7184.3,-6765.2,-6303.7,-5818.8,-5384.6,-5072.1,-4807.9,-4453,-4123.8,-3732,-3599.1,-3392.8,-2985.2,-2739.5,-2563.6,-2492.4,-2203.8,-2028.1,-1900.7,-1846.1,-1547.7,-1427.8,-1282.1,-1327.1,-1196.4,-1123.8,-978.36,-877.6,-796.88,-818.39,-635.12,-609.83,-574.01,-446.78,-366.7,-333.17,-400.34,-253.87,-164.41,-300.83,-231.13,-224.68,-234.66,-120.03,-34.786,-158.44,-71.821,-95.415,57.135,-21.024,-54.23,-21.259,85.787,-18.59,-12.098,-60.447,51.163,96.974,-66.365,57.348,5.9635,-5.7645,5.4961,-44.079,-28.064,-12.528,-55.484,-145.69,-162.04,-193.16,-164.4,-286.53,-276.47,-308.68,-239.47,-344.6,-316.33,-393.46,-451.06,-472.61,-415.04,-579.28,-665.66,-687.31,-577.59,-758.86,-740.91,-763.82,-853,-1012.7,-1081.1,-1169.8,-1212.7,-1237.5,-1258,-1360.6,-1407.9,-1602.7,-1610.6,-1708.5,-1887.9,-2001.1,-2113.2,-2221.6,-2320.1,-2256.4,-2557.5,-2544.7,-2635.6,-2891.8,-3067.3,-3120.2,-3276.3,-3442.3,-3635.5,-3778.4,-3769.5,-4109.2,-4286,-4438.7,-4576.1,-4734.7,-4965.4,-5052.7,-5385.4,-5473.6,-5740.4,-5916.5,-6174.4,-6413,-6649.5,-6853.9,-7125.2,-7251.8,-7626,-7875,-8086.8,-8357.2,-8755.8,-8973.8,-9333.9,-9542.5,-9753.9,-10209,-10455,-10708,-11146,-11482,-11848,-12238,-12572,-12802,-13313,-13668,-13923,-14316,-14734,-15216,-15672,-15941,-16484,-16813,-17230,-17647
9.3e-07,6.51e-07,-12608,-11769,-11011,-10293,-9676,-9112,-8520.4,-7869.8,-7298.4,-6835.1,-6441.8,-5991.4,-5605.4,-5053.2,-4758.5,-4430.9,-4178,-3747.7,-3529.6,-3224.3,-2881,-2681.7,-2448.9,-2341.4,-2163.5,-2055.8,-1755.6,-1667,-1496.8,-1416.2,-1230.8,-1035.4,-1033.7,-850.77,-737.13,-692.71,-771.49,-574.77,-473.78,-384.3,-482.63,-376.9,-359.65,-270.4,-174.48,-139.14,-230.65,-160.53,-200.36,-193.57,-186.43,-148.61,-98.703,30.04,-59.132,-75.367,-106.08,-110.01,-66.342,-63.54,56.974,-24.8,-67.451,23.542,-77.227,-59.816,44.715,-87.351,44.391,-19.545,-49.902,-123.32,-115.98,-60.088,-108.34,-103.36,-82.303,-13.179,-168.13,-200.56,-173.11,-195.21,-164.18,-126.49,-228.09,-276.1,-135.12,-165.74,-309.29,-154.57,-240.14,-311.52,-285.74,-285.51,-386.58,-368.33,-311.48,-352.4,-529.7,-550.65,-580.59,-609.44,-466.38,-583.61,-682.14,-578.3,-601.53,-727.33,-718.4,-877.81,-769.8,-820.44,-865.69,-953.07,-995.34,-1102.3,-1091.4,-1151.6,-1217.2,-1313.7,-1446.7,-1558.1,-1481.4,-1680.1,-1604,-1655.3,-1876.5,-1895.2,-1901.6,-2099.2,-2125.1,-2328,-2325.4,-2435.7,-2590.4,-2696.4,-2845.3,-2968.5,-2915.4,-3173.2,-3202.2,-3405,-3483.6,-3553.3,-3803.1,-3799.2,-3960,-4246.2,-4269.7,-4405.7,-4733.5,-4802.2,-5048.8,-5195.2,-5238.9,-5504.3,-5733.9,-5922.7,-6164.4,-6177.3,-6432.6,-6743,-6950.9,-7039.3,-7395,-7574.1,-7709.2,-8011.1,-8198.8,-8445.2,-8770.9
9.39e-07,6.73e-07,-11944,-11097,-10326,-9738.4,-8959.4,-8359.5,-7811.7,-7228,-6743.3,-6327.5,-5776.8,-5444,-4994.6,-4703.9,-4226.9,-3845.6,-3571.8,-3330.6,-3044,-2824.9,-2606.4,-2349.5,-2206.6,-2028.7,-1898.4,-1692,-1495.9,-1428,-1246.9,-1179.7,-962.97,-991.62,-823.58,-824.95,-724.13,-606.78,-563.21,-506.36,-386.93,-435.35,-331.15,-343.15,-284.81,-169.83,-202.11,-225.21,-102.81,-146.88,-73.991,14.568,-156.16,-7.1137,13.77,-108.55,-88.603,55.496,-50.06,81.551,-39.674,59.76,-54.56,12.516,-18.423,78.245,-78.601,-80.968,-1.6683,-95.463,-62.919,25.626,54.326,-14.266,-88.538,-32.816,31.347,-0.70198,35.005,-18.837,-19.019,-78.896,16.974,-28.979,-55.594,-119.73,-102.65,9.0789,30.1,-137.44,-121.82,-123.13,20.095,-146.06,-146.92,-100.27,-100.86,-171.08,-157.78,-67.24,-167.55,-147.74,-78.886,-195.02,-182.44,-165.15,-76.101,-220.22,-108.89,-252.18,-152.37,-323.93,-356.91,-326.92,-248.36,-409.88,-353.35,-305.6,-352.6,-518.86,-539.66,-397.08,-469.53,-523.12,-571.41,-532.84,-668.61,-774.33,-673.22,-725.04,-936.32,-958.33,-1019.3,-937.36,-1040.6,-1048.1,-1237.8,-1177.2,-1296.6,-1417,-1473.9,-1508.9,-1726.1,-1808.9,-1795.8,-1825.5,-2017.9,-2036.3,-2221.8,-2246.9,-2318.4,-2464.5,-2637.3,-2706.6,-2855.1,-2938.5,-3123,-3220.8,-3276.3,-3428.3,-3645.3,-3856.1,-4003.9,-4108.8,-4316.8,-4397.3,-4463.9,-4686.7,-4812.9,-5105.6,-5177.1,-5377.8,-5635.9
8.48e-07,6.37e-07,-11577,-10893,-10166,-9561.9,-8957,-8268.8,-7711.7,-7357.9,-6788.6,-6344.9,-5825.7,-5586.3,-5074.8,-4731.5,-4425.2,-4246.5,-3951.4,-3557.9,-3339.5,-3123.4,-2912.6,-2733.8,-2524.4,-2343.9,-2146.1,-1862.6,-1785.6,-1649.5,-1517.5,-1350.2,-1283.1,-1214.4,-1135.5,-883.15,-787.13,-755.18,-725.54,-621.33,-644.39,-500.7,-406.84,-428.62,-305.99,-352.17,-271.63,-351.42,-220.83,-92.719,-68.178,-135.63,-151.58,-182.27,-41.987,-98.121,36.356,-86.612,72.207,-98.639,71.392,56.586,-37.188,31.847,-65.884,42.002,-66.218,80.184,11.098,-81.891,50.687,-83.334,21.29,-97.95,-23.696,-1.2011,-90.568,-116.47,-150.79,-210.07,-197.03,-131.42,-187.77,-217.8,-195.81,-294.56,-297.84,-359.65,-408.04,-441.8,-508.13,-504.08,-627.61,-609.37,-582.55,-667.51,-687.58,-903.34,-798.25,-841.26,-960.03,-1053.8,-1199.1,-1210.6,-1243,-1257.3,-1472,-1480,-1624.8,-1647.3,-1693.4,-1800.8,-1848.6,-2006.3,-2107.2,-2297.6,-2338.5,-2485.9,-2513,-2798.5,-2803.3,-2891.3,-3152.7,-3316.2,-3429.6,-3572.8,-3621.4,-3844.7,-3949.8,-4078.4,-4266.8,-4464.1,-4605.1,-4786.6,-5095.6,-5319.8,-5410,-5544.3,-5908.8,-6043.5,-6229.4,-6510.2,-6683.9,-6876.9,-7225.7,-7440.2,-7721,-7880.9,-8283.4,-8440.4,-8820.4,-8960.2,-9333.8,-9643.3,-9874.2,-10176,-10532,-10761,-11067,-11404,-11788,-12047,-12508,-12906,-13143,-13588,-14048,-14375,-14678,-15152,-15495,-15929,-16264
8.48e-07,6.8e-07,-9212.4,-8680.7,-7953.7,-7407.7,-6813.2,-6385,-5841.6,-5497.7,-5076.8,-4676.8,-4241.7,-4080,-3673.6,-3354.4,-3095.7,-2816.6,-2675.2,-2457.6,-2226.1,-1925,-1832.2,-1627.5,-1483.6,-1418.8,-1312.8,-1097.9,-924.53,-816.76,-835.69,-728.4,-571.05,-538.96,-481.87,-531.84,-466.95,-418.71,-337.64,-305.46,-172.93,-294.12,-176.95,-150.97,-46.046,-160.17,-70.091,-84.563,-119.2,-98.854,-45.943,-84.864,-50.817,40.633,24.503,62.819,-75.27,-65.787,-21.291,-99.48,86.882,-45.069,-69.788,-43.03,38.095,-23.277,-76.944,-23.242,39.563,11.535,10.916,-104.15,28.237,-74.388,-67.432,-5.8107,-64.113,77.62,-65.091,-100.68,-78.465,-34.206,-40.74,-58.642,-54.723,41.957,-41.29,-124.31,-150.21,10.182,-107.49,-12.184,-181.14,-141.43,-184.82,-154.47,-272.03,-111.02,-148.26,-208.22,-343.82,-180.59,-375.61,-227.3,-321.13,-307.36,-504.46,-489.93,-460.66,-457.91,-565.67,-546.56,-582.01,-669.2,-775.85,-813.13,-876.26,-957.05,-970.24,-1114.5,-1184.5,-1182.4,-1241.7,-1325.7,-1476.8,-1496.7,-1513.7,-1698.9,-1708.3,-1764.5,-1961.5,-2067.1,-2178.9,-2137.4,-2257,-2389.7,-2495.7,-2644.8,-2763.2,-3059.2,-3011.7,-3263.5,-3342.9,-3520.1,-3694,-3819.9,-3965.9,-4257.4,-4322.5,-4477.3,-4785.7,-4863.4,-5197.4,-5222.1,-5566.7,-5697.1,-5848.2,-6076.7,-6404.5,-6695.5,-6806.8,-7062.2,-7276.6,-7486.9,-7908.6,-8114,-8364.7,-8582.2,-8964.8,-9150.7,-9469.8,-9740.4,-10111
8.18e-07,6.47e-07,-10542,-9948.8,-9249,-8614.9,-8075.5,-7552.1,-7144.3,-6695.4,-6270.3,-5719.7,-5350.9,-5009.5,-4690.2,-4250,-4078.6,-3734.9,-3566.8,-3177.4,-2898,-2713.6,-2484.3,-2379.7,-2193.9,-2106.9,-1785.9,-1744.3,-1661,-1494.6,-1349.3,-1217.1,-1134.7,-965.74,-1020.4,-786.99,-766.58,-729.21,-652.7,-645.13,-606.68,-524.86,-439.63,-434.7,-365.16,-242.4,-212.87,-152.81,-291.05,-206.52,-244.82,-145.1,-139.29,-112.11,-114.94,7.966,51.452,-119.93,-47.091,70.342,12.202,61.922,-78.049,-85.163,-10.954,-10.978,44.151,-7.5451,42.777,-19.78,-1.1013,-87.3,-54.976,-107.6,-49.67,-124.27,-132.56,-134.66,-210.02,-110.56,-173.89,-159.02,-153.99,-155.53,-232.07,-353.71,-419.49,-289.96,-323,-413.5,-509.97,-485.43,-656.31,-536.11,-575.46,-804.22,-722.79,-856.04,-909.19,-860.61,-1088.2,-992.97,-1248.3,-1146.4,-1401.3,-1483.5,-1445.3,-1554.8,-1708.9,-1778,-1834.2,-1943.4,-1962.1,-2196.4,-2274.6,-2390.7,-2413.6,-2597.4,-2692.5,-2821.6,-3096.5,-3140.8,-3354.3,-3505.9,-3595.7,-3811.5,-3965,-4217.1,-4206.6,-4421.1,-4590.1,-4789.9,-5057.4,-5299.6,-5385.3,-5565,-5952.6,-6056.2,-6371.9,-6468.4,-6871.4,-7046.5,-7266.4,-7519,-7741,-8072.6,-8401.9,-8629.7,-8955.1,-9219,-9623.4,-9756.2,-10208,-10464,-10830,-11036,-11528,-11846,-12118,-12631,-12936,-13260,-13566,-14101,-14355,-14754,-15327,-15596,-16040,-16547,-16901,-17418,-17906
9.3e-07,6.85e-07,-11214,-10439,-9634,-9026.7,-8395.4,-7793.2,-7264.5,-6765.1,-6224.4,-5694.6,-5410.6,-4841.9,-4578.9,-4120.8,-3887.2,-3613.5,-3255.9,-2982.8,-2696,-2506.8,-2278.1,-2131.7,-1969.7,-1769.4,-1623,-1346.5,-1267,-1168.5,-1128.9,-871.48,-870.4,-783.96,-748.68,-549.21,-618.58,-383.56,-415.04,-439.4,-346.18,-216.7,-309.07,-137.5,-91.871,-109.49,-36.294,-65.503,-39.801,-61.051,-14.591,-101.13,-128.98,-91.713,40.194,-11.157,-45.262,-61.274,-61.086,66.085,-55.522,93.137,26.957,-92.733,36.551,-60.43,-50.578,53.116,-61.593,-92.854,-62.275,-40.55,16.742,-72.658,47.561,-9.3849,55.962,-17.383,-15.384,20.513,-95.166,56.685,74.184,-12.021,-59.01,-54.17,80.578,104.71,59.897,81.764,-29.917,-57.034,105.85,116.54,-37.252,-7.298,42.938,45.863,139.54,87.471,75.114,-44.224,-45.126,130.42,38.9,20.971,21.818,73.064,67.367,38.593,14.432,-20.509,-15.758,-85.71,65.03,-65.741,6.0749,-14.533,-28.384,-122.11,-177.4,-161.04,-125.6,-153.92,-266.97,-172.64,-265.56,-345.34,-309.55,-431.33,-349.8,-354.42,-402.97,-453.79,-647.21,-534.08,-574.48,-772.37,-727.75,-876.51,-916.36,-909.72,-1038.5,-1099.2,-1247.3,-1185.7,-1418.6,-1442.6,-1575,-1560.9,-1728.8,-1733.1,-1924.6,-2012,-2135.5,-2260.5,-2217,-2408.4,-2542.6,-2621,-2674.5,-2984.7,-3017.6,-3273.8,-3373,-3459.4,-3641.3,-3844.3,-3905.1,-4102.5,-4210,-4511.8,-4690.6
8.24e-07,6.89e-07,-8576.9,-7961.3,-7241.1,-6870.1,-6187.3,-5894.5,-5280.6,-5047.9,-4462.9,-4157,-3806.6,-3474.8,-3286,-3013.9,-2704.2,-2481.6,-2322.8,-2044.6,-1813.2,-1735.3,-1497.2,-1427.2,-1212.9,-1234.1,-1111.6,-927.59,-898.61,-829.27,-601.66,-714.04,-570.62,-568.58,-354.37,-361.72,-365.27,-382.96,-333.58,-277.64,-174.86,-160.87,-210.4,-90.474,-170.62,-19.139,-104.48,6.8259,-91.658,-96.661,-88.111,3.3475,-120.56,3.1104,-99.229,-49.22,17.471,-94.318,-70.741,-86.698,-15.978,-7.1734,-45.803,-17.838,11.57,15.876,-86.25,-95.295,35.754,81.299,-64.338,-64.947,-44.742,12.412,-67.907,-31.925,43.201,39.805,-92.811,-39.267,6.8581,-54.198,-87.937,26.821,16.289,34.055,-73.09,-68.541,13.959,-142.33,-159.72,-115.03,-38.577,-72.136,-121.12,-128.17,-86.729,-205.26,-225.02,-303.92,-325.96,-296.54,-394.52,-313.64,-335.2,-436.62,-460.05,-495.84,-556.96,-653.01,-565.81,-674.53,-743.44,-744.12,-812.19,-821.59,-916.29,-1027,-1162.4,-1072,-1207.8,-1192.2,-1428.3,-1455.8,-1496.9,-1699,-1630.3,-1859.1,-1864.8,-2069.4,-2151.8,-2313.1,-2313,-2504.6,-2630.9,-2773.5,-2925,-3025,-3215.8,-3201.9,-3481.3,-3590.5,-3695.5,-3962.7,-4117.5,-4369.7,-4502.1,-4690.4,-4805.7,-4974.1,-5330.5,-5432.5,-5729.8,-5840.3,-6128.6,-6304.1,-6630.8,-6873.2,-7087,-7416.1,-7635.3,-7936.1,-8157.3,-8458.7,-8606.5,-8880.4,-9320.6,-9566.8,-9939.9,-10188,-10539,-10912,-11164
9.06e-07,6.65e-07,-11385,-10541,-9810.6,-9099.3,-8506.3,-7970.2,-7436.1,-6943.9,-6334.1,-5955.6,-5424.6,-5111,-4648.4,-4450.9,-4055.9,-3676.4,-3485.1,-3269.8,-2966,-2607.5,-2396.1,-2235,-2081.9,-1872.1,-1706.1,-1498.8,-1444.1,-1316.1,-1187.6,-1149.4,-884.15,-853.65,-818.79,-741.59,-689.86,-488.59,-479.31,-374.24,-306.73,-380.06,-396.98,-347.89,-257.47,-178.63,-154.91,-121.7,-187.42,-18.031,-182.27,-150.05,-80.634,-143.84,-103.46,-103.74,-54.553,60.56,-96.262,-58.855,68.788,-34.074,-83.996,84.567,8.3472,-92.071,-34.321,-80.649,-103.65,-90.93,-85.445,-57.266,48.103,-56.133,30.42,60.459,30.427,-127.53,38.4,-18.524,40.942,-2.3244,-112.58,-16.131,-25.939,12.764,1.9914,-121.89,-149.72,-60.262,-71.356,-103.05,-104.39,-87.889,-230.57,-223.31,-131.46,-159.28,-158.81,-279.78,-277.12,-219.25,-285.78,-263.02,-335.02,-446.31,-330.11,-337.96,-468.66,-467.92,-550.63,-471.9,-664.55,-671.28,-700.27,-774.53,-725.07,-758.2,-878.01,-924.53,-872.85,-1041.2,-1120.5,-1054.7,-1162.1,-1307.7,-1243.2,-1429.6,-1321.3,-1413.9,-1488.5,-1670.6,-1767.8,-1811.9,-1978.9,-1981.4,-2140.2,-2099,-2308.1,-2339.8,-2534.2,-2576.5,-2706.6,-2904,-3059,-3041.8,-3248.6,-3410.1,-3512.7,-3665,-3684.9,-3928.5,-4047.6,-4310.9,-4315.7,-4549.3,-4649.9,-4954.3,-5174.9,-5189.3,-5390.6,-5558.6,-5924.7,-6138.5,-6340.2,-6442.2,-6736.9,-7005.9,-7142.4,-7445.1,-7682.4,-7848.7,-8087.3
8.28e-07,6.29e-07,-11876,-11219,-10476,-9842.5,-9121.1,-8638.2,-8157.5,-7613.1,-7059,-6627.3,-6143.1,-5801.9,-5311.3,-5095.1,-4668.1,-4341.5,-4002.1,-3770.2,-3614.6,-3293.7,-3010.5,-2876.9,-2551.6,-2408,-2316.5,-2109.3,-1974.7,-1708.8,-1622,-1590.3,-1447.6,-1323.5,-1259.1,-1094.1,-936.17,-993.66,-768.72,-790.89,-705.08,-697.88,-467.55,-437.38,-467.4,-356.61,-272.45,-325.8,-252.42,-135.17,-145.25,-148.02,-194.13,-49.973,-10.79,-8.8788,-19.208,-146.1,-133.63,-20.811,-66.319,-14.667,82.144,22.967,-40.757,0.76068,54.769,38.85,32.605,-63.869,46.78,-10.149,-14.881,-67.589,-157.03,-202.88,-219.52,-210.54,-236.63,-240.99,-133.67,-312.19,-201.44,-229.08,-304.35,-357.27,-446.03,-515.38,-576.61,-490.9,-579.5,-769.3,-716.07,-807.03,-840.66,-890.54,-1057,-1117.2,-1210.9,-1133.6,-1257.5,-1467.4,-1365.1,-1602.3,-1647.8,-1745.6,-1748.8,-1890.7,-2035.5,-2242.4,-2292.2,-2290.2,-2559.1,-2613,-2828.3,-2957.9,-3019.5,-3112.6,-3393.1,-3388.9,-3646.7,-3760.6,-3914.3,-4144.3,-4402,-4551.2,-4721.4,-4835,-5019.8,-5176.5,-5479.4,-5591.3,-5935,-6191.1,-6419.1,-6625.2,-6866.2,-6988.5,-7339.3,-7602.1,-7788.3,-8087.1,-8453.5,-8601.6,-8933.9,-9257.8,-9519.2,-9932.7,-10234,-10432,-10812,-11183,-11472,-11799,-12197,-12553,-12865,-13255,-13715,-14133,-14482,-14902,-15166,-15658,-16001,-16460,-16855,-17483,-17821,-18301,-18807,-19294,-19623
7.99e-07,6.43e-07,-10871,-10103,-9452.2,-8814.4,-8388.3,-7746,-7221.7,-6790.2,-6410.9,-5858.6,-5555.5,-5099.2,-4776.9,-4600.9,-4158.7,-3993,-3623.5,-3296.2,-3055.3,-3007.6,-2640.9,-2540.2,-2382.3,-2169.1,-1945.1,-1824.3,-1676.8,-1601.7,-1467.7,-1332.6,-1210.9,-1063.9,-1061.7,-918.08,-772.25,-731.25,-734,-645.02,-653.42,-461.88,-470.71,-382.3,-363.75,-347.06,-230.05,-300.3,-245.07,-184.31,-259.36,-100.04,-157.15,-19.616,-78.366,-122.21,-9.8124,29.038,31.278,-103.19,-61.292,2.6292,-47.386,-20.022,86.105,78.069,-33.894,-20.48,43.507,-14.354,23.353,-89.526,-103.95,-10.167,-145.89,-41.468,-37.643,-164.71,-103.05,-280.64,-129.57,-199.13,-364.93,-313.02,-270.79,-447.75,-486.04,-393.97,-440.33,-511.98,-656.34,-749.56,-684.32,-719.06,-869.82,-919.93,-1027.2,-1103.6,-1063.3,-1240.5,-1194.6,-1303.2,-1516.7,-1591.8,-1548.5,-1693.2,-1861,-1920.8,-2139.1,-2112,-2322.7,-2491.6,-2454.7,-2741.8,-2808.9,-2982.4,-3147.4,-3278.3,-3368.1,-3492.8,-3832.7,-3944.1,-4154.2,-4265.8,-4515.6,-4593.2,-4890.2,-5092.7,-5337.6,-5501.2,-5769.5,-5982,-6177.6,-6430.7,-6518.4,-6764,-7080.3,-7435.2,-7716.2,-7874.9,-8184.4,-8425.1,-8842.7,-9104.8,-9343.8,-9785,-9956.2,-10371,-10699,-11048,-11411,-11781,-12143,-12499,-12899,-13284,-13526,-14085,-14472,-14834,-15205,-15733,-16163,-16481,-16895,-17492,-17856,-18339,-18907,-19384,-19856,-20443,-20844
8.31e-07,7.11e-07,-7758.1,-7180.6,-6656.4,-6143.4,-5677.9,-5209,-4730.5,-4306,-3869.9,-3641.2,-3321.6,-2998.9,-2635.4,-2450.6,-2277.5,-1974.7,-1750.2,-1635.7,-1569,-1408.9,-1186.5,-1116.5,-1029.3,-836.8,-697.73,-617.38,-486.92,-589.63,-370.35,-395.27,-308.67,-354.52,-291.52,-213.19,-225.57,-151.81,-109.45,-153.27,-30.103,-15.861,10.184,-4.8676,-42.635,-28.577,-61.589,45.857,-76.049,75.993,-61.867,-35.387,74.455,105.82,59.962,50.498,90.991,22.157,29.983,-14.033,-35.476,19.911,-0.99734,64.086,-94.125,17.924,-2.1729,-62.707,13.033,40.924,47.561,-31.641,-87.439,-6.8847,92.295,69.703,84.106,-17.336,131.97,-56.017,71.877,7.5945,121.38,67.044,7.4459,48.024,128.96,20.128,-1.3136,48.226,38.154,179.73,90.442,140.64,175.88,179.79,187.71,104.89,-6.2654,21.975,93.087,47.044,32.697,108.24,-41.607,110.12,-5.0877,-75.535,-2.68,-83.283,-23.535,25.744,-22.154,-112.09,-185.91,-88.978,-243.45,-232.88,-313.85,-291.22,-347.87,-381.21,-452.74,-490.98,-540.3,-672.09,-726.75,-655.58,-876.55,-814.46,-971.04,-900.79,-1152.2,-1219.4,-1159.9,-1252.1,-1503.6,-1509.2,-1608.6,-1739.4,-1849.4,-1897.7,-2108.6,-2173,-2283.5,-2474.5,-2533.9,-2691.3,-2806,-3058.5,-3069.4,-3278.7,-3541.8,-3718.6,-3760.8,-3993,-4133.5,-4361.3,-4618.9,-4795.9,-5054.2,-5127.6,-5435.9,-5580.5,-5746.6,-6002.5,-6236,-6469.9,-6734.6,-7013.3,-7258.2,-7632.1,-7915.3
7.7e-07,6.36e-07,-11331,-10639,-10101,-9395.1,-8814.5,-8378.9,-7769.2,-7272.3,-6900.4,-6411.5,-6008.5,-5668.9,-5269.2,-5068,-4748.2,-4400,-4009.7,-3894.1,-3515.1,-3283.4,-3181.1,-2972.6,-2627.6,-2554.9,-2331.4,-2274.6,-2114.5,-1861.3,-1803,-1589.2,-1400.8,-1376.1,-1351.7,-1261.7,-1167.5,-950.25,-981.77,-731.08,-690.62,-776.93,-581.36,-556.17,-552.27,-425.45,-451.66,-299.91,-369.22,-292.48,-144.28,-106.93,-269.67,-168.02,-96.871,-113.76,-75.618,-132.53,-138.04,64.622,-38.103,-7.8802,19.425,92.379,24.253,-5.2924,-53.349,39.305,31.579,50.476,46.15,38.002,-55.967,-2.4244,-215.55,-56.335,-223.53,-247.26,-158.17,-318.01,-341.74,-379.76,-350.5,-380.28,-549.58,-560.2,-564.65,-718.23,-666.1,-889.22,-900.91,-1046.7,-1071.2,-1101,-1199.5,-1370.9,-1312.5,-1415.3,-1499,-1731.9,-1869.3,-1882.1,-2065.4,-2117.6,-2301.5,-2366.4,-2641.3,-2734.7,-2875.8,-2978.7,-3112,-3411,-3559.5,-3717.6,-3800.4,-4054.4,-4269.6,-4502.8,-4712.7,-4914.8,-5160.7,-5351.4,-5517.5,-5791,-6040.2,-6317.9,-6578.9,-6789.1,-6965,-7244.8,-7647.5,-7968.5,-8122.8,-8503.9,-8870.9,-9155.1,-9413.9,-9759.7,-10183,-10526,-10879,-11278,-11479,-11850,-12342,-12812,-13069,-13486,-13987,-14459,-14831,-15186,-15722,-16186,-16521,-17130,-17615,-18115,-18499,-19005,-19654,-20121,-20690,-21146,-21811,-22350,-22784,-23500,-24022,-24710,-25224,-25864,-26391
7.77e-07,7.02e-07,-7669.7,-7013.7,-6492,-5977.4,-5625.8,-5095.4,-4763.4,-4388.9,-4015.4,-3617.4,-3494.2,-3106.5,-2920.1,-2700.3,-2376.7,-2135.5,-2046.6,-1752.7,-1584.5,-1517.8,-1327.9,-1231.1,-1178.4,-937.54,-934.67,-910.9,-759.68,-622.32,-540.28,-562.39,-579.42,-502.37,-291.8,-304.05,-273.96,-324.84,-332.76,-131.7,-223.82,-189.5,-121.19,-123.91,-77.304,-72.045,-106.63,-3.233,25.906,-66.082,26.399,-67.014,11.51,-73.18,-70.796,6.8639,-54.888,-33.634,-87.817,41.528,-74.354,67.891,28.053,97.786,66.45,-50.678,99.149,-38.129,-83.795,91.152,-81.65,-78.006,44.916,23.891,60.183,-80.122,-90.577,-47.359,-107.51,-117.32,32.871,-6.656,-87.222,-84.318,-170.05,-64.209,-98.778,-67.894,-258.42,-129.78,-194.84,-297.24,-224.06,-249.03,-395.1,-269.86,-292.38,-406.64,-425.59,-449.52,-558.02,-497.52,-618.97,-736.44,-776.98,-696.17,-871.59,-929.69,-879.71,-903.86,-984.52,-1177.3,-1178.8,-1205.8,-1473.1,-1425.1,-1625.9,-1649.9,-1745.6,-1875.3,-1987.6,-2025.7,-2226.7,-2394.1,-2462.5,-2554.9,-2698.4,-2771.3,-2951.2,-3159.4,-3333.9,-3467.4,-3578.8,-3726.8,-3917.4,-4113.4,-4253.3,-4398.1,-4568.7,-4872.6,-5093.7,-5314.1,-5437.9,-5629.9,-5944,-6203.4,-6331.3,-6719,-6976.2,-7127.3,-7507.6,-7670.8,-8101.9,-8295.3,-8508,-8841.6,-9190.9,-9556.9,-9791.6,-10187,-10386,-10884,-11221,-11621,-11799,-12215,-12555,-12935,-13356,-13900,-14204,-14553,-15053
9.38e-07,6.74e-07,-11794,-11005,-10247,-9562.2,-8949,-8383,-7756.2,-7133.3,-6759.3,-6134.5,-5711.7,-5429.9,-4962.4,-4629.2,-4259.4,-3892.8,-3570.4,-3305.8,-3008.1,-2792.9,-2475,-2263.7,-2073.9,-1874.1,-1824.9,-1715.1,-1444.6,-1384.9,-1135.3,-1204.5,-905.35,-812.37,-893.04,-683.77,-553.01,-642.64,-564.4,-521.16,-398.92,-352.04,-386.67,-349.88,-239.67,-257.2,-220.08,-207.92,-65.818,-134.15,-117.25,26.202,-9.3701,40.374,-76.668,-95.8,16.117,-8.8807,84.762,8.9975,-56.87,-36.276,-26.775,-71.724,52.7,-85.834,15.188,-79.789,25.157,-79.928,63.683,42.759,-75.023,77.582,3.1157,68.498,18.814,-24.504,-72.445,-69.926,30.953,-64.52,-7.3209,-68.005,-115.65,-12.403,-126.27,-56.95,-84.582,-54.155,24.035,-118.16,-119.51,-52.293,33.7,-108.92,-61.138,-17.78,-129.16,-1.9263,-166.98,-119.94,-176.91,-56.44,-135.6,-49.87,-90.91,-245.85,-95.876,-267.74,-290.89,-290.5,-314.75,-289.28,-246.43,-368.48,-332.95,-394.72,-455.38,-321.78,-476.28,-465.79,-509.1,-542.13,-474.4,-612.82,-632.02,-743.39,-774.67,-760.08,-793.39,-803.49,-936.35,-1062.9,-1085.4,-1168.5,-1071.1,-1222.7,-1350,-1302.9,-1471.9,-1455.4,-1539.7,-1603,-1665.4,-1744.6,-2024.4,-2009.2,-2064.7,-2146.1,-2381.9,-2523.2,-2577.1,-2689.2,-2727.1,-2880.9,-2981.2,-3047.6,-3297.8,-3343.7,-3643.3,-3667.1,-3812.5,-4020.3,-4164.5,-4223.9,-4473.7,-4699.7,-4869.4,-5021,-5073.9,-5421.6,-5599.9
9.41e-07,7.19e-07,-10338,-9578,-8826,-8296,-7724.4,-7099.8,-6560.7,-6061.8,-5604.2,-5119.6,-4718.3,-4266.3,-3931.2,-3660.7,-3318.1,-3126,-2834.3,-2568.5,-2277.8,-2092,-1848.1,-1778.1,-1532.1,-1345.2,-1242.7,-1158.1,-1021.9,-949.36,-843.62,-620.47,-625.58,-426.05,-404.1,-434.99,-244.49,-370.26,-258.34,-262.4,-127.89,-233.54,-127.2,-184.21,-34.017,-84.929,-96.992,-69.745,-94.671,63.862,-29.156,-32.552,-84.983,85.882,45.728,18.805,-90.259,36.27,63.259,-72.191,-81.641,99.954,16.654,-62.623,-78.961,-53.516,-38.963,-79.448,-76.504,71.191,-9.1207,-63.06,85.834,41.024,79.13,48.23,-40.398,-47.445,25.887,100.03,148.65,-5.8559,43.387,55.837,68.269,226.34,127.58,161.8,268.56,291.96,179.55,274.95,235.1,365.08,334.73,334.5,307.74,325.54,464.97,479.97,454.06,375.48,525.99,561.57,518.91,571.17,488.31,642.34,647.84,705.94,572.35,629.75,661.01,722.18,690.92,708.11,731.54,713.53,859.89,831.78,922.86,894.05,797.65,929.53,940.11,935.71,967.07,938.19,873.13,982.07,1052.1,1015,897.43,923.56,957.55,973.4,936.21,928.94,920.3,878.65,958.49,930.9,903.52,966.99,871.5,787.95,787.84,859.42,803.28,823.4,781.61,750.76,657.22,610.31,485.47,544.49,472.01,324.96,272.39,370.59,185.56,126.66,45.624,-80.793,-66.02,-216.14,-225.1,-316.55,-347.29,-544.57,-635.58,-636.55,-810.1
8.65e-07,6.28e-07,-12523,-11686,-10867,-10209,-9514.2,-8914.7,-8470.5,-7839.2,-7409.7,-6937.6,-6532.3,-6099.3,-5577.5,-5204.6,-4961.8,-4503.8,-4265.5,-3918.9,-3692.1,-3500.7,-3211.1,-2899.5,-2676.7,-2444.1,-2282.5,-2048.9,-2013,-1852.4,-1691.7,-1542.5,-1355.1,-1280,-1196.4,-1139.9,-914.29,-995.61,-891.67,-660.14,-651.1,-680.19,-573.78,-417.66,-416.69,-459.18,-250.55,-386.18,-299.5,-160.69,-246.2,-167.15,-124.77,-26.443,-95.832,-3.6609,-32.024,-61.697,-96.677,-10.764,-14.806,-3.1643,62.196,-66.677,74.513,62.341,-65.422,-7.907,35.419,-71.458,-36.07,-66.335,-11.748,-107.53,-133.98,-175.96,-10.875,-116.44,-196.85,-205.13,-203.43,-154.06,-283.29,-298.78,-258.67,-304.21,-308.93,-489.27,-394.74,-469.5,-615.69,-479.13,-516.37,-755.66,-745.93,-799.88,-882.41,-801.15,-989.35,-1055.3,-1015.8,-1166.6,-1180,-1341.1,-1380.4,-1478.5,-1536.3,-1478.2,-1648.1,-1760.5,-1850.6,-1903.9,-1959.5,-2157.9,-2204.1,-2349.1,-2464.8,-2484.4,-2605.5,-2903.6,-2901.6,-3144.3,-3104.7,-3413.6,-3438.9,-3667.9,-3823.6,-3885.1,-4167,-4261.4,-4390.3,-4629.6,-4684.9,-4967.7,-5068.1,-5284.5,-5557.5,-5759.3,-5930.2,-6062.5,-6429.9,-6589.4,-6896.3,-6991.3,-7227.6,-7567.6,-7778.9,-7979.6,-8203.2,-8509.5,-8799,-9032.1,-9361.7,-9563.3,-9953.1,-10304,-10580,-10941,-11168,-11548,-11914,-12079,-12604,-12949,-13193,-13602,-13994,-14379,-14643,-15170,-15425,-15948,-16364
7.97e-07,6.31e-07,-11572,-10848,-10211,-9666.6,-9004.3,-8493.7,-7844.3,-7419.4,-6984.9,-6500.1,-6045.9,-5714,-5317.3,-5017.9,-4751.6,-4361.1,-4047.9,-3741.1,-3597.7,-3255.3,-3003.8,-2856.3,-2752.6,-2512.3,-2398.5,-2109.4,-1898.4,-1782.8,-1794.2,-1594.3,-1510.9,-1298.3,-1284,-1049.8,-989.59,-972.62,-893.44,-828.72,-638.37,-619.06,-684.18,-543.62,-490.14,-386.9,-352.91,-387.62,-333.93,-347.33,-200.63,-131.8,-226.58,-47.4,-58.685,-102.71,-160.1,-116.03,60.487,59.411,-81.035,-93.011,0.87321,88.473,63.597,-7.6478,-73.571,-80.095,80.852,46.105,-109.59,7.0663,8.992,-115.77,-169.79,-107.29,-179.29,-142.98,-304.79,-327.15,-367.32,-258.01,-395.05,-475.13,-481.46,-561.98,-543.79,-624.9,-579.27,-679.81,-755.7,-890.35,-828.02,-880.13,-1002.9,-1055.6,-1190.2,-1363.5,-1443.6,-1396.7,-1574.3,-1732.2,-1855.3,-1938.4,-1918.3,-2091.4,-2236.5,-2288.1,-2549.2,-2675.3,-2724.2,-2888.4,-2938.5,-3208.3,-3327.9,-3490.8,-3717.8,-3884.6,-4079.6,-4296.6,-4410.6,-4648.5,-4877.3,-4967.7,-5215.4,-5358.7,-5582.5,-5831.7,-6055.9,-6404.7,-6495,-6811.1,-7123.7,-7295.8,-7570.9,-7855.1,-8281.9,-8494.3,-8709.9,-9085,-9477,-9664.5,-9992.7,-10281,-10717,-11056,-11451,-11769,-12097,-12516,-12951,-13225,-13659,-14063,-14499,-14908,-15337,-15853,-16133,-16752,-17131,-17683,-18047,-18603,-18997,-19501,-20103,-20470,-21043,-21678,-22073,-22627,-23251
8.21e-07,7.16e-07,-7465.8,-6869.3,-6377.3,-5826.6,-5251.9,-4949.1,-4435.1,-4063.4,-3829.9,-3369,-3122.7,-2733.4,-2559.6,-2314.8,-2107.6,-1896.2,-1683.2,-1601,-1449.2,-1239.6,-996.99,-909.61,-894.48,-728.2,-707.25,-525.86,-572.62,-432.97,-310.87,-355.48,-220.42,-144.08,-106.06,-178.65,-103.64,-185.82,-78.06,-133.59,-99.765,53.555,-12.218,8.863,2.3727,-63.725,67.889,-0.39061,18.104,-48.75,-2.5377,55.634,-46.709,41.98,85.762,17.516,83.954,-49.072,27.76,84.163,-54.173,-57.673,-38.96,75.58,70.182,-84.058,-43.425,-75.184,40.397,-85.939,-26.432,-35.459,-50.34,44.347,-40.156,71.548,23.89,-60.049,35.473,80.381,66.214,140.53,28.538,40.522,13.862,58.449,-22.192,154.59,156.44,43.98,20.686,59.995,25.558,177.96,185.74,13.529,56.604,153.56,174.01,33.565,87.99,-14.339,141.88,29.906,-13.311,-38.278,-46.879,-12.882,-43.804,-92.773,-124.49,-44.766,-95.101,-148.52,-121.46,-250.79,-150.12,-324.58,-226.52,-425.78,-365.14,-504.95,-524.14,-450.49,-609.41,-653.46,-713.17,-694.65,-831.14,-835.79,-978.59,-1079,-1134.4,-1181.1,-1225.6,-1473.1,-1438.9,-1695.5,-1787.5,-1926.9,-1929.8,-2019.4,-2110.8,-2216.3,-2484.1,-2534.8,-2678.6,-2937.6,-2999.3,-3165.9,-3290.2,-3579,-3593.9,-3762,-4081.4,-4141.9,-4370.6,-4661.6,-4798.4,-5005.7,-5157.8,-5522.9,-5742.3,-5962.9,-6159.7,-6435.3,-6572.2,-6866.2,-7094,-7393,-7580.7,-7999.5,-8255.4
9.14e-07,6.21e-07,-13959,-13085,-12305,-11565,-10922,-10124,-9471.4,-8975,-8330.5,-7822.3,-7401.7,-6837.2,-6469.2,-6055.8,-5541.5,-5171.7,-4928.2,-4499.8,-4222.1,-3909.7,-3540,-3399.9,-3082.6,-2914.1,-2631.7,-2384.4,-2261,-2195.9,-1928.3,-1702.8,-1663.7,-1412.8,-1361.4,-1331.8,-1232,-1075.1,-927.55,-825.86,-694.3,-716.96,-528.31,-519.49,-421.12,-430.88,-368.61,-271.13,-212.65,-253,-286.42,-263.98,-201.66,-223.67,-108.76,-137.07,11.217,-50.237,-54.074,9.428,-53.675,2.4866,-54.785,1.0415,23.921,5.7056,73.736,14.298,-108.14,0.74788,34.342,-3.1153,28.421,-25.655,-75.161,-95.781,-104.48,-132.41,-113.58,-126.39,-248.79,-244.33,-279.59,-242.05,-346.94,-239.83,-374.95,-381.85,-392.75,-547.94,-459.99,-509.89,-632.51,-574.79,-723.91,-754.53,-764.92,-841.7,-858.27,-911.08,-1004.1,-1081.4,-1094.6,-1202.8,-1184.5,-1379.2,-1425.8,-1456.5,-1470.2,-1551.7,-1649.9,-1763.4,-1796.5,-2025,-1985.4,-2205.7,-2224.7,-2311.8,-2496.2,-2560.1,-2557.8,-2832.2,-2879.5,-2927.7,-3148.2,-3237.5,-3345.3,-3516.5,-3701.3,-3734.1,-3931.6,-4138,-4243.1,-4382.3,-4434.6,-4620,-4854.4,-4933.8,-5154.6,-5401,-5528.6,-5742,-6002.2,-6021.1,-6327.8,-6456.7,-6746.6,-7003.8,-7220.7,-7395.4,-7540.7,-7780,-8022.6,-8305.3,-8659.6,-8807.7,-9091.9,-9252.3,-9566.4,-9891.5,-10210,-10464,-10646,-11086,-11364,-11584,-11903,-12345,-12502,-12835,-13293,-13533,-13885
7.84e-07,7.07e-07,-7470.5,-6902,-6258.3,-5779.8,-5403.5,-4960.6,-4498.6,-4121.1,-3931.2,-3577.6,-3314.4,-3005.3,-2626.4,-2514,-2339,-2071.2,-1957.1,-1673.5,-1540.2,-1406.1,-1226.9,-1183.5,-931.91,-828.69,-781.77,-800.52,-617.69,-546.32,-614.36,-436.56,-470.3,-436.44,-407.14,-204.17,-155.83,-136.22,-136.71,-228.96,-220.83,-209.22,-7.9038,-9.0572,-27.091,35.884,-140.69,44.253,-28.27,-21.087,-75.584,-57.353,-4.4196,35.979,56.453,77.405,42.724,10.449,-80.997,32.948,-15.953,62.82,-35.279,24.173,72.334,39.294,-76.707,13.335,75.801,82.406,7.9636,-9.6415,-91.781,-6.9384,-13.245,85.04,-97.326,-48.214,-43.315,-89.9,-118.77,-123.65,-105.98,-42.765,-63.055,30.579,-79.57,-43.017,-165.67,-101.28,-199.22,-154.84,-71.323,-186.19,-259,-178.92,-208.24,-281.08,-265.69,-397.59,-384.03,-440.11,-376.6,-460.54,-560.91,-469.3,-578.91,-625.21,-781.31,-697.39,-834.75,-959.72,-1005.4,-1014.8,-1032.1,-1203.7,-1270,-1235.8,-1394.4,-1445.3,-1515.2,-1614.8,-1749.4,-1822.2,-1908.4,-2166.3,-2273.1,-2336.6,-2514.2,-2487.9,-2653.4,-2849.1,-3026.6,-3064.4,-3285.4,-3431.2,-3629.9,-3790.8,-4027.5,-4218.5,-4403.8,-4574.9,-4639.8,-4994.5,-5145.8,-5347.7,-5567.1,-5735,-5985.6,-6182.5,-6526.4,-6810,-7018.3,-7326.8,-7580.5,-7832,-8073.4,-8267.9,-8670.9,-9006.2,-9169.5,-9493.5,-9875.2,-10210,-10626,-10946,-11198,-11497,-11986,-12243,-12775,-13121,-13411
8.8e-07,6.29e-07,-12609,-11877,-11070,-10500,-9861,-9130.9,-8618.3,-7962.8,-7476.2,-7015.9,-6473.6,-6065.5,-5757.5,-5375.1,-4899.1,-4705.8,-4238.5,-3906.3,-3758.8,-3516.1,-3105.7,-3001.9,-2675.9,-2512.5,-2326.8,-2110.1,-1959.1,-1880.5,-1604.5,-1627.9,-1483.3,-1331.9,-1209.7,-1134.3,-970.39,-853.69,-804.64,-816.96,-692.98,-596.43,-605.72,-438.3,-452.75,-290.66,-337.58,-225.49,-333.71,-221.42,-117.91,-168.49,-229.97,-18.488,-76.268,-18.476,-38.375,44.279,-116.97,21.403,-36.896,-67.247,-7.3675,-9.0969,60.069,-13.625,71.22,-69.186,26.892,-75.33,72.21,-5.1025,-125.89,25.354,0.908,-103.42,-64.071,-133.67,-213.3,-158.05,-231.81,-220.52,-174.43,-237.22,-202.83,-316.4,-409.3,-404.97,-321.5,-473.35,-389.72,-565.99,-537.61,-607.45,-661.32,-614.92,-777.91,-772.69,-943.13,-871.01,-905.17,-965.44,-985.8,-1159.4,-1298.1,-1215.6,-1312.4,-1523,-1423.2,-1535.1,-1716.5,-1772.2,-1869.9,-1967.5,-2026.6,-2151.5,-2128,-2367.3,-2480.2,-2510.8,-2688.7,-2875.8,-2958.7,-3077.3,-3236,-3390,-3516,-3532,-3780.1,-3955.2,-4104.5,-4109.7,-4342.4,-4417.4,-4705.5,-4924.8,-5073.2,-5145.4,-5430.6,-5501.4,-5749.2,-5943.9,-6138.6,-6452.8,-6559.7,-6920,-7079.3,-7201.2,-7578.9,-7834.7,-8000.8,-8367.8,-8459.1,-8889.9,-9115.1,-9278.6,-9582.7,-9817.1,-10191,-10570,-10835,-11191,-11431,-11703,-12151,-12333,-12811,-13142,-13540,-13756,-14148,-14463,-14941
8.96e-07,6.6e-07,-11286,-10617,-9831,-9092,-8470.2,-8054.7,-7330.3,-6969.4,-6390.2,-6043,-5598.1,-5052.3,-4661.5,-4358.1,-4006.6,-3686.4,-3440.7,-3304.1,-2866.4,-2633,-2560.3,-2235.2,-2031.9,-1857.2,-1819.3,-1614.2,-1564,-1335.9,-1139.2,-1132,-1072.5,-852.68,-799.68,-762.14,-671.78,-612.86,-598.19,-448.65,-349.26,-319.12,-273.39,-300.35,-257.17,-173.75,-248,-138.45,-53.553,-147.67,-162.84,-110.54,-83.934,-115.92,51.126,-103.79,-124.46,-94.345,-55.247,-106.82,3.6773,90.004,74.393,60.504,90.379,3.4792,87.786,-68.878,-72.912,90.417,-55.123,36.699,-70.174,-45.892,-47.442,-87.811,54.568,-69.742,21.283,-90.143,-79.697,-55.175,-125.05,-84.122,-20.339,-121.99,-218.79,-230.61,-74.795,-66.85,-162.67,-202.56,-193.82,-200.07,-192.62,-325.26,-339.54,-211.16,-223.73,-295.02,-457.36,-373.45,-489.03,-504.04,-425.87,-546.17,-556.44,-671.14,-651.83,-679.36,-682.97,-634.49,-850.74,-749.2,-828.65,-1000.3,-897.68,-1033.5,-1005.7,-1104.5,-1198.7,-1305.9,-1333.2,-1309.4,-1549.6,-1576.3,-1633.6,-1728.6,-1741.2,-1830.7,-2012.3,-2064.7,-2186.2,-2273.6,-2281.2,-2451.2,-2552.5,-2630.6,-2701.8,-2832.5,-3120.5,-3145,-3202.3,-3344.6,-3498.6,-3725.2,-3835.8,-3975.5,-4182.4,-4356.2,-4443.4,-4607.2,-4759,-4943.5,-5163.1,-5475,-5652.8,-5777,-5932.5,-6107.9,-6364.3,-6512.6,-6871,-7108.2,-7232.7,-7614.7,-7740.1,-7974.4,-8251.8,-8461.8,-8857.9,-8993,-9248.1
8.79e-07,6.46e-07,-11680,-10916,-10170,-9437.7,-8883.8,-8301.6,-7659.3,-7203.8,-6682.2,-6303.3,-5772.2,-5399.6,-5115.9,-4779.9,-4313.1,-4075.2,-3707.9,-3459.7,-3102.6,-2868.2,-2718.6,-2452.1,-2269.2,-2115.9,-2022.1,-1830.8,-1565.3,-1532.6,-1432.1,-1169.7,-1073.7,-1097.2,-970.81,-853.7,-880.27,-803.72,-676.01,-478.44,-506.65,-403.33,-502.76,-356.02,-412.83,-216.9,-290.54,-200.05,-258.87,-243.78,-198.08,-114.17,-131.23,-127.26,-63.961,44.821,-102.78,-71.622,-90.6,-104.58,-97.287,-83.476,14.078,29.855,18.636,-82.496,-53.797,-35.809,-70.988,84.507,-23.102,-102.08,4.4745,26.4,-81.698,-35.723,-42.794,-81.959,-64.835,-41.022,-176.85,-208.18,-186.28,-114.45,-124.44,-284.97,-163.34,-153.49,-258.65,-198.55,-398.84,-304.46,-403.87,-411.46,-367.5,-496.04,-444.25,-480.58,-476.48,-597,-744.14,-631.37,-678.32,-853.75,-816.72,-816.49,-1014.5,-896.36,-969.44,-1106.8,-1134.5,-1141.1,-1383.9,-1441.3,-1352.3,-1471.1,-1673.8,-1657.6,-1838.8,-1850.2,-1901.3,-1949.9,-2088,-2327.8,-2313.2,-2415.1,-2548.8,-2578.3,-2797.9,-2975.9,-3017.8,-3188.5,-3231.5,-3474.4,-3598.9,-3733.3,-3908.6,-4075.9,-4113.2,-4304,-4409.2,-4561,-4888.6,-5055.2,-5111.9,-5305.8,-5619.7,-5723.3,-5968.1,-6111.5,-6389.1,-6517.2,-6799,-7124.3,-7226.4,-7464.6,-7742.3,-8042.8,-8288.9,-8605,-8800.2,-9131.4,-9302.7,-9643.3,-9794.1,-10230,-10536,-10794,-11143,-11335,-11743,-12128,-12374
8.4e-07,7e-07,-8304.8,-7600.3,-7171.5,-6478.7,-6152.5,-5691.9,-5149.6,-4639.2,-4395.6,-4066.9,-3601.7,-3441.4,-2968.5,-2773.9,-2499.5,-2363.9,-2163.1,-1864.4,-1771.7,-1660.5,-1309.9,-1204.5,-1042.8,-1101.2,-902.51,-760.51,-814.39,-697.22,-513.51,-543.11,-440.94,-392.23,-367.83,-288.66,-308.51,-298.26,-189.36,-211.32,-39.205,-43.595,-156.55,-122.32,21.086,-4.7516,24.877,-90.621,-29.372,-74.815,-87.58,-81.735,40.502,-47.273,97.428,80.546,80.077,-2.3703,-14.188,36.487,-95.331,94.748,47.24,-30.151,60.749,-68.948,-94.3,-93.929,-84.861,-12.547,60.813,-75.474,7.1316,62.332,18.165,-25.703,92.577,69.911,-71.652,-74.4,49.565,89.11,-9.2367,120.74,-23.789,-42.66,109.87,-12.085,21.225,-25.192,116.53,-45.612,-56.636,-60.31,-4.3433,10.873,1.4648,-86.995,-97.89,36.184,-3.0262,71.672,-21.671,-146.55,-95.08,-48.494,-88.682,-173.03,-127.68,-178.02,-108.62,-206.15,-279.72,-237.45,-309.87,-368.24,-458.81,-315.18,-360.26,-589.81,-468.29,-496.8,-655.94,-769.41,-675.07,-764.21,-795.51,-1020.1,-1109.1,-1177.9,-1113.8,-1240.2,-1421.6,-1483.1,-1583.8,-1552,-1641.7,-1896.9,-1831.9,-2076.4,-2083.7,-2356.6,-2305.7,-2575.3,-2658.4,-2692.2,-2876.5,-3160.3,-3267.5,-3271.7,-3601.5,-3610.2,-3913.4,-4020.8,-4126.9,-4321.8,-4674.6,-4850.8,-4967.5,-5235,-5374.1,-5537,-5878,-6002.5,-6222.8,-6490.9,-6846.4,-6964.2,-7187.6,-7529.8,-7722,-8083.5,-8344
8.59e-07,6.63e-07,-10247,-9663.6,-9022.3,-8371.5,-7854.2,-7279.7,-6708.1,-6335.9,-5841,-5347.7,-5071.7,-4546.2,-4303.3,-3917.6,-3709.2,-3466.3,-3057.5,-2837.9,-2621.9,-2518.6,-2132.8,-2092.1,-1929.1,-1756.2,-1617.6,-1373.8,-1400.4,-1210.6,-1166.3,-1056.8,-925.41,-706.59,-759.09,-708.73,-617.5,-426.94,-461.13,-347.87,-347.86,-274.91,-362.52,-182.66,-130.75,-102.2,-182.27,-102.03,-89.062,-20.128,-45.515,-28.115,-25.071,3.7018,-29.017,-6.9571,-119.96,33.29,-6.4202,-2.0483,-40.768,-64.901,19.474,-73.021,-53.906,15.173,-53.322,-74.207,47.867,-70.28,-88.635,44.661,-75.554,34.658,31.82,-58.472,23.581,-59.49,-21.219,-17.53,-122.02,-40.356,-165.19,-33.849,-214.84,-172.79,-216.29,-241.42,-201.48,-106.26,-245.9,-305.18,-170.32,-305.31,-359.79,-270.15,-283.1,-297.2,-298.67,-431.85,-386.87,-410.53,-590.11,-504.8,-517.12,-660.88,-617.45,-776.25,-770.87,-803.03,-859.44,-969.02,-969.94,-1145.6,-1132.6,-1139.1,-1279.7,-1222,-1322.6,-1509.7,-1493,-1680.7,-1655.4,-1770.8,-1961.5,-2015.7,-2059.9,-2198.2,-2366,-2448.1,-2476.9,-2652.9,-2664.3,-2888.6,-2939.4,-3115,-3357.2,-3492.8,-3612.2,-3730.8,-3966.1,-4073.9,-4234.4,-4306.8,-4608.4,-4742.7,-4936.4,-5070.3,-5345.2,-5539.7,-5593.1,-5831.5,-6056.6,-6399.8,-6605.3,-6691.7,-6959,-7217.9,-7422.4,-7729.5,-7993.8,-8151.4,-8518.9,-8766.1,-9035.5,-9404.5,-9585,-9950,-10295,-10526,-10912,-11127,-11426
8.09e-07,7.11e-07,-7486.6,-6835,-6421.8,-5894.6,-5360.4,-4891.3,-4603.7,-4188.5,-3746.7,-3379.7,-3181.6,-2984.2,-2565.5,-2386,-2244.3,-1915.5,-1754.1,-1522.8,-1358.1,-1310.2,-1092.2,-1053.3,-991.52,-794.45,-671.52,-615.21,-546.17,-534.15,-393.94,-454.68,-255.2,-277.76,-271.86,-249.29,-72.739,-149.71,-129.14,-66.43,-15.481,-15.215,-88.844,-13.244,25.333,-82.052,8.5004,-44.76,24.228,32.32,66.603,-51.365,61.149,26.84,59.81,87.438,-36.442,-23.579,-21.27,68.277,-9.5324,20.234,-35.256,8.4337,76.596,-29.397,-93.449,18.154,42.97,56.233,84.663,24.059,-44.516,-81.364,9.1994,-57.469,100.56,55.791,-39.269,-22.595,-53.271,88.247,81.398,-5.9432,-58.042,-11.899,49.261,-21.858,69.513,49.63,50.438,-17.315,-85.835,61.001,-17.331,-70.926,3.8017,-97.43,-22.396,-137.32,-115.04,-6.9626,-165.25,-80.02,-159.62,-74.864,-113.85,-179.52,-349,-318.64,-349.58,-266.96,-348.94,-458.24,-492.13,-498.47,-632.51,-552.95,-760.73,-684.31,-770.69,-929.94,-994.42,-1034.9,-1099.3,-1112.4,-1273.2,-1353.3,-1437.4,-1415.4,-1659.8,-1580.2,-1820.4,-1904,-2045.7,-2188.6,-2149.9,-2432.2,-2566,-2574,-2808.1,-2941.5,-3100.5,-3249.2,-3378.2,-3593,-3614.3,-3810.6,-4105,-4163.5,-4365.7,-4700.2,-4724.6,-4927,-5229.6,-5367.3,-5677.1,-5924.3,-6105.6,-6322.3,-6525.3,-6800.3,-7149.7,-7412.9,-7676.2,-7891,-8140.4,-8457.6,-8825,-9131,-9276.7,-9705.7,-10088
8.99e-07,6.39e-07,-12523,-11651,-10862,-10293,-9666.2,-9047.5,-8321.6,-7774,-7324.9,-6881.9,-6295.4,-5884.1,-5610.9,-5220.6,-4803.9,-4349.9,-4185.1,-3785.6,-3520.9,-3179.6,-3013.3,-2842.9,-2637.9,-2301.8,-2143.4,-1984.1,-1942.4,-1696.8,-1599,-1515.2,-1298,-1175.2,-1088.3,-983.29,-864.42,-788.19,-749.25,-582.32,-640.84,-610.27,-563.43,-502.85,-290.47,-296.42,-334.11,-215.51,-251.96,-207.65,-147.03,-127.34,-23.975,-181.61,-6.6246,18.235,-134.37,-44.112,-65.246,-61.32,86.104,43.476,90.689,-93.538,-16.817,-12.884,24.895,-55.216,-90.587,-8.3554,3.8083,-65.877,-18.985,51.037,-22.03,-0.89386,-144.58,-172.3,-90.565,-116.07,-134.22,-104.03,-75.737,-222.92,-137.02,-228.11,-297.4,-273.86,-291.65,-237.16,-320.09,-427.37,-325.31,-413.19,-542.05,-434.94,-639.34,-681.1,-644.91,-564.24,-767.43,-791.29,-873.59,-822.5,-981.59,-874.38,-1083,-1125.2,-1128.1,-1264.7,-1186.7,-1226.3,-1318.2,-1415.7,-1468.3,-1598.9,-1621.1,-1712.7,-1833.1,-1987.2,-1946.3,-2126.6,-2278.9,-2227.7,-2400.1,-2543.1,-2576,-2788.4,-2908.3,-2987.9,-2954.5,-3265.3,-3366.9,-3388.4,-3520.8,-3725.5,-3824.2,-4038.6,-4173.6,-4267.1,-4521.9,-4688.7,-4830.4,-4939.4,-5222.4,-5341.2,-5487.5,-5733,-5876.1,-6083.9,-6289.9,-6487,-6803.4,-6976.9,-7201.6,-7437.1,-7546.4,-7898.6,-8157.4,-8259.3,-8679.2,-8916.8,-9076.6,-9477.3,-9612.3,-9878.2,-10234,-10554,-10872,-11112,-11506,-11796,-12049
7.88e-07,6.47e-07,-10541,-9811.7,-9205.1,-8580.7,-8157.1,-7615,-7150.2,-6716.9,-6261.6,-5879.6,-5404.9,-4963.5,-4716.9,-4438.6,-4165.9,-3818.8,-3615.8,-3276.5,-3101.5,-2858.9,-2626.7,-2424.6,-2267.4,-2085,-1915.9,-1742.9,-1711.8,-1617.7,-1522.6,-1407.4,-1175.7,-1167,-920.76,-1008.8,-814.22,-732.05,-628.09,-679.19,-587.03,-493.68,-534.79,-377.43,-448.78,-360.53,-400.8,-257.78,-220.55,-244.01,-253.18,-108.34,-127.61,-98.366,-11.687,-14.544,-45.82,55.966,45.634,-5.4348,-108.7,-67.108,-87.732,7.0929,12.256,93.566,5.9622,-29.402,15.985,-99.261,-53.707,-82.677,-78.992,-25.195,5.695,-136.88,-197.43,-171.83,-128.72,-119.33,-316.82,-195.54,-285.56,-335.76,-391.43,-409.47,-490.61,-491.57,-626.08,-559.35,-635.19,-608.76,-672.57,-736.27,-926.25,-904.66,-964.93,-1166.4,-1161.5,-1161.1,-1288.8,-1485.8,-1500.2,-1558.5,-1610.3,-1755.3,-1905.3,-2018.4,-2173.7,-2182.5,-2485.8,-2501.8,-2639.9,-2825,-2964.2,-3080.4,-3214.9,-3425.6,-3606,-3677.6,-3947.7,-3992.9,-4167.4,-4504.4,-4692.3,-4926.7,-5127.9,-5297.2,-5382,-5591.6,-6007.9,-6058,-6452.9,-6702.9,-6969.2,-7186.7,-7422.1,-7762.4,-7946.8,-8298.9,-8539.3,-8871.4,-9078.8,-9521.5,-9815.5,-10188,-10344,-10700,-11143,-11540,-11807,-12215,-12582,-12970,-13342,-13707,-14192,-14630,-14981,-15510,-15928,-16359,-16743,-17291,-17704,-18241,-18711,-19196,-19692,-20089,-20712,-21270,-21714
8.87e-07,6.35e-07,-12338,-11652,-10984,-10127,-9579.2,-8853,-8363.3,-7773.8,-7226.8,-6774.4,-6292.7,-6004.6,-5581.9,-5203.9,-4810.7,-4395.4,-4118.6,-3824.6,-3499.4,-3223.4,-3085,-2887.4,-2645.7,-2448.1,-2205.3,-2083.1,-1832.7,-1638.3,-1633.8,-1467.7,-1380.4,-1291.5,-1029,-932.79,-943.42,-810.75,-719.63,-709.28,-614.85,-456.47,-573.76,-336.26,-414.45,-365.99,-352.88,-262.66,-206.24,-280.99,-217.13,-208.14,-213.72,-130.85,-101.71,10.073,-21.784,-134.12,-23.365,-25.664,57.447,-25.635,-25.826,-32.993,-93.699,-77.733,-34.342,45.372,-7.9083,39.778,51.596,43.645,-111.16,-77.504,-107.73,-107.13,-72.387,-115.99,-157.65,-190.69,-126.14,-259.05,-111.26,-154.45,-277.73,-327.3,-320.98,-289.97,-292.44,-401.1,-430.53,-399.7,-492.44,-463.46,-494.56,-558.66,-565.81,-631.69,-796.11,-760.56,-837.88,-933.85,-997.68,-962.37,-985.03,-1055.3,-1078.2,-1254.8,-1196.9,-1261.6,-1348.2,-1500.1,-1487.8,-1636.5,-1792.5,-1843.3,-1819.2,-1923.8,-2131.7,-2264.4,-2227.5,-2420.5,-2562.1,-2570,-2695.6,-2935.3,-3015,-3043.2,-3259.1,-3378.7,-3577.7,-3650.2,-3714,-3907.9,-4122.8,-4211.6,-4433,-4537.7,-4710.2,-4915.3,-5075.4,-5178.9,-5500.7,-5594,-5926.7,-6111.8,-6208.1,-6506.1,-6669.5,-6918.9,-7122.4,-7455.4,-7692.5,-7904.7,-8121.4,-8432.9,-8608.3,-8937.6,-9034.7,-9448.8,-9689.7,-9985.8,-10174,-10503,-10872,-11148,-11452,-11865,-12173,-12489,-12753,-13164,-13371
7.87e-07,6.34e-07,-11296,-10681,-10067,-9395.5,-8856.4,-8215.5,-7869.4,-7294.5,-6948.9,-6449.4,-6037.9,-5625.3,-5231.4,-4977,-4558.4,-4343.7,-3930.2,-3826,-3502,-3303.1,-3104.5,-2791.2,-2736,-2426.5,-2205.4,-2053.4,-1954.9,-1756.6,-1679.3,-1478.1,-1500.8,-1246.1,-1213.9,-1170.2,-982.16,-892.61,-776.07,-770.97,-754.77,-647.38,-544.3,-441.07,-543.89,-328.95,-453.67,-287.58,-377.21,-321.98,-260.69,-158.05,-74.331,-78.924,-184.47,-177.22,-149.62,-135.61,55.893,18.339,-85.63,-88.206,-41.235,9.4721,-81.729,-97.687,88.549,52.006,44.046,62.62,49.834,-36.955,2.967,-2.7498,-69.711,-218.44,-207.56,-275.61,-300.38,-180.02,-302.75,-273.18,-451.46,-486.89,-509.04,-478.56,-524.51,-642.19,-675.86,-747.28,-715.82,-779.95,-949.47,-1081.2,-1119.6,-1120.6,-1271.5,-1324.4,-1451.5,-1508.1,-1697.2,-1748.5,-1860,-1939.1,-2056.3,-2191.1,-2223.6,-2422,-2655.2,-2611.7,-2832.5,-3014.1,-3066.4,-3391.7,-3421.4,-3635.6,-3826.4,-3974.1,-4161.4,-4384.5,-4519.7,-4763.1,-4990.3,-5145.4,-5329.6,-5642.3,-5795.1,-6073.2,-6411.7,-6585.6,-6853.6,-7117.4,-7361.4,-7740.6,-7909,-8260.4,-8488.3,-8872.2,-9084.8,-9355.4,-9857.8,-10073,-10478,-10745,-11181,-11564,-11825,-12141,-12525,-12926,-13451,-13895,-14145,-14623,-15095,-15504,-16000,-16372,-16928,-17322,-17732,-18360,-18828,-19193,-19785,-20321,-20899,-21345,-21997,-22383,-23032,-23484,-24219
8.24e-07,7.07e-07,-7754.5,-7281.9,-6730.5,-6125.3,-5621.1,-5189.7,-4850.5,-4326.5,-3930.5,-3667.1,-3327.1,-3018.9,-2755.7,-2584.1,-2347.6,-2111.7,-1872.7,-1635.8,-1514.1,-1383.8,-1161.2,-1051.3,-1065.5,-854.79,-771.3,-695.84,-592.99,-488.98,-560.53,-317.31,-423.86,-249.81,-182.39,-291.56,-245.39,-144.64,-195.76,-162.44,-94.632,-115.76,17.512,-7.2435,-121.13,41.467,70.692,-82.087,69.314,70.289,-50.314,51.312,-80.967,25.71,-92.152,-53.176,-80.615,-53.57,-36.795,-84.855,10.528,72.5,-53.006,-46.254,-5.1974,-50.92,89.811,-92.601,-52.081,22.902,81.05,-64.025,71.304,22.449,19.685,70.439,100.9,42.865,66.829,-38.398,115.52,17.72,-8.7913,117.33,0.29407,83.396,110.32,91.338,-8.1318,97.704,78.108,59.698,27.086,106.33,20.306,41.971,-57.959,-74.28,-63.997,11.205,-86.914,42.648,36.674,-57.911,-136.36,-40.728,-19.163,-140.16,-180.53,-189.03,-115.49,-269.01,-275.39,-315.79,-296.19,-412.63,-346.32,-442.74,-520.04,-480.71,-679.03,-750.06,-785.91,-812.36,-846.12,-958.3,-963.43,-1055.7,-1093.4,-1111.4,-1247.3,-1393.3,-1413.7,-1621.2,-1616.8,-1677.6,-1954.5,-1949.8,-2010.7,-2155.4,-2292.6,-2503.6,-2614,-2726,-2836.2,-3104.3,-3244.4,-3373.7,-3564.1,-3673.2,-3844.1,-3996.6,-4100,-4361.1,-4627.3,-4666.9,-4911.6,-5146.9,-5446.5,-5580.4,-5858.6,-6132.9,-6268,-6548,-6867.7,-6928.3,-7222.1,-7585.3,-7767.1,-8162.8,-8386.6,-8692.7,-8998.2
8.75e-07,6.78e-07,-9853.3,-9329.2,-8653.7,-8029.7,-7392.1,-6833.6,-6357.1,-5898.5,-5510,-5144.3,-4728.5,-4376,-3982.4,-3566.4,-3297,-3137,-2882.2,-2601.7,-2333.7,-2115.2,-1974.5,-1809.3,-1697.1,-1408.5,-1407.4,-1152.6,-1033.8,-1058.2,-832.48,-735.18,-764.33,-728.52,-652.24,-583.78,-505.53,-409.93,-326.51,-356.15,-246.79,-167.9,-203.92,-155.75,-180.72,-174.35,-30.878,-99.798,-101.66,-88.142,-86.406,-111.69,47.142,-60.792,62.211,26.607,-56.041,24.631,-46.701,-13.787,51.917,0.63278,-91.971,-3.734,26.146,42.266,25.637,45.192,-59.673,-7.882,45.297,-35.014,-19.468,80.175,-19.619,46.548,29.181,-99.714,-66.651,50.863,-103.82,29.883,-82.397,71.903,-101.3,12.559,-109.26,47.256,15.786,-106.56,-124.48,-65.693,8.8918,-156.86,-115.22,-187.21,-32.134,-38.473,-42.111,-173.42,-196.61,-177.93,-204.44,-245.41,-279.55,-242.8,-189.77,-271.81,-312.99,-421.1,-480.41,-463.84,-368.69,-568.59,-574.58,-513.16,-654.82,-718.07,-662.44,-719.17,-854.92,-882.85,-841.38,-928.34,-1062,-1105.2,-1064.9,-1114.4,-1182.5,-1330.4,-1464.4,-1516.6,-1607.5,-1708.9,-1781.1,-1867.7,-1933.3,-2023.4,-2212.9,-2200.2,-2360,-2425.1,-2585.6,-2806.6,-2808.2,-3058.7,-3183.5,-3343.5,-3382.4,-3661.6,-3764.4,-3949.7,-4021.8,-4258.7,-4299.6,-4669.7,-4705.3,-4844.8,-5082.8,-5274.5,-5471.1,-5781.2,-6011.6,-6077.9,-6412.5,-6562.1,-6804.7,-7024.2,-7297.3,-7471.3,-7748.8,-8086.7,-8312.9
9.06e-07,6.75e-07,-10778,-10171,-9371.6,-8699.9,-8180.1,-7553.4,-7042.2,-6446.2,-6082.8,-5678.5,-5128.6,-4857.5,-4399.9,-4041.3,-3789.6,-3523.1,-3160.6,-3040.1,-2745,-2445.9,-2296.5,-2138.9,-1926.1,-1704.3,-1623,-1383.4,-1373.3,-1081,-1075.1,-978.09,-877.04,-684.69,-664.41,-677.54,-541.91,-497.17,-436.37,-456.21,-249.01,-240.72,-342.97,-123.93,-183.79,-153.75,-140.34,-198.11,-113.79,-68.214,-104.37,-39.385,11.99,-103.11,-90.124,37.065,4.3656,-69.027,36.487,55.944,49.864,34.273,-15.768,76.496,61.767,-59.842,32.427,91.99,-69.767,-32.441,-9.3509,13.432,70.515,88.062,15.05,37.754,-62.871,81.755,-47.157,-107.1,-65.542,-75.117,18.034,-45.141,-35.932,-57.751,-3.7148,24.257,-22.589,-111.55,-117.17,-14.231,-110.83,-9.6153,-43.783,-156.66,-14.93,-50.922,-118.03,-105.17,-153.23,-131.05,-51.9,-225.42,-152.53,-108.15,-170.96,-159.2,-229.04,-166.23,-242.25,-377.54,-352.26,-317.35,-320.08,-470.74,-369.51,-456.29,-559.76,-599.64,-520.66,-696.18,-741.18,-677.74,-757.58,-894.35,-776.06,-891.59,-942.65,-996.17,-1074.9,-1226.6,-1298.8,-1228.3,-1314.4,-1475.2,-1581.3,-1630.6,-1735.5,-1789.4,-1926.9,-1945.9,-2124.9,-2214.2,-2221.6,-2391.2,-2570.3,-2589.5,-2644.8,-2863,-3011.8,-3023.4,-3313.5,-3348,-3581.8,-3688.9,-3820.2,-3993.3,-4216.8,-4374,-4477.3,-4551.5,-4790.7,-5057.4,-5242.9,-5475.6,-5530.7,-5817.8,-5920.5,-6131.9,-6410.5,-6611.6,-6764.7
9.35e-07,7.05e-07,-10611,-9912.4,-9113.3,-8412.5,-7846.8,-7299.3,-6715.3,-6273.1,-5671,-5282.5,-4837.4,-4603,-4057.4,-3736,-3565.9,-3191.7,-2989.5,-2611.5,-2402,-2258.6,-2051.2,-1876.1,-1691.2,-1592.7,-1426.3,-1187.3,-987.44,-875.69,-862.97,-731.93,-653.39,-522.81,-466.74,-381.53,-470.49,-274.04,-339.82,-192.25,-215.39,-178.54,-212.85,-73.292,-49.688,-52.114,-1.8785,-76.957,-52.106,-95.115,7.171,-8.2289,-75.283,-94.518,63.169,-71.169,-22.584,-26.714,-72.152,-99.361,-56.2,3.158,98.076,-78.819,62.65,-40.236,97.639,-73.23,28.601,45.065,11.5,11.855,46.905,-13.397,-32.532,93.097,76.481,24.591,-6.0709,76.169,57.692,-29.36,155.97,135.62,115.76,6.3647,134.37,92.551,92.686,168.31,111.11,110.71,136.5,162.45,107.01,199.55,285.74,210.16,334.81,177.61,208.13,323.46,374.64,370.38,358.96,357.86,301.71,379.75,339.31,397.81,376.62,340.27,330.3,406.98,523.25,529.65,370.48,488.4,462.21,560.98,460.09,536.11,387.05,385.12,523.22,518.47,522.28,394.08,532,536.75,430.47,373.57,317.41,296.99,381.82,432.6,325.78,211.9,212.32,294.19,134.97,165.23,171.2,33.799,1.4783,-4.0707,43.664,-131.35,-188.51,-197.1,-317.38,-287.56,-372.73,-369.26,-434.67,-634.25,-602.09,-732.98,-732.1,-965.97,-1048.7,-1046.1,-1231.7,-1179.5,-1461.3,-1397.1,-1528.5,-1780.1,-1812.3,-1863.5,-2128,-2094.5,-2275
9.05e-07,6.82e-07,-10607,-9880.3,-9122.6,-8559.3,-7944.6,-7239.9,-6723.4,-6270,-5832.1,-5362.5,-4962.3,-4662,-4318.4,-3861.2,-3564.3,-3337.5,-3004,-2742.8,-2592.9,-2337.2,-2191.8,-1925.2,-1751.7,-1506.5,-1431.5,-1221.7,-1162.6,-1150.6,-873.37,-956.14,-800.04,-729.25,-666.81,-564.31,-411.58,-333.58,-468.58,-337.49,-370.19,-349.38,-298.75,-216.13,-86.952,-122.78,-157.79,-95.161,-16.609,-10.292,-136.24,49.212,-60.993,15.598,-25.696,-23.206,-63.753,23.369,90.195,-35.95,59.841,85.534,44.254,-81.789,7.3768,4.3288,15.671,-80.324,66.068,90.956,79.229,-75.519,-95.388,-35.747,38.119,-93.279,81.623,94.655,87.135,24.19,-45.559,-46.617,-94.053,70.332,-52.828,18.096,80.895,-32.593,-8.0996,79.923,-100.46,98.299,86.802,-10.369,-14.573,2.7485,20.654,-7.5984,5.5081,67.703,-71.67,-65.947,-64.271,-109.13,-73.297,-133.15,-125.39,-166.56,-85.119,-60.702,-132.64,-158.31,-200.12,-161.27,-247.34,-156.72,-186.56,-318.26,-204.54,-367.48,-259.63,-314.78,-523.62,-380.06,-587.12,-579.58,-640.66,-615,-773.59,-656.62,-759.8,-803.06,-800.07,-1050,-940.07,-1054.8,-1066.5,-1251.2,-1231,-1291.7,-1389.9,-1453.8,-1555.1,-1658.2,-1843.3,-2008.9,-2078.9,-2062.3,-2262.4,-2291.1,-2512.4,-2664.5,-2781.1,-2876.5,-2981.5,-3183.6,-3241.9,-3396.6,-3572.2,-3599.8,-3907.4,-3942.7,-4229.7,-4361.2,-4494.8,-4693.7,-4799.4,-5163.9,-5246.5,-5470.7,-5680.5,-5771.5,-6159
8.47e-07,6.55e-07,-10482,-9893.1,-9211.3,-8609.3,-8020.3,-7498.6,-6827.1,-6535.1,-5953,-5504.1,-5215,-4885.6,-4449.5,-4167.6,-3844.9,-3634.7,-3298.8,-3001.2,-2769.7,-2558.3,-2443.7,-2144.8,-1984.8,-1922.9,-1646.5,-1555.6,-1388.5,-1353.3,-1104.3,-1030.7,-1010.8,-821.19,-801.77,-685.68,-716,-623.62,-461.97,-555.47,-456.46,-402.43,-247.17,-230.77,-319.85,-261.04,-136.82,-116,-177.33,-204.18,-182.1,-32.179,-65.221,-40.283,-64.483,-75.587,-120.82,-24.582,-62.6,-43.326,-96.677,12.508,-72.07,-69.266,44.017,-26.931,52.957,63.661,-63.967,-21.393,57.731,-54.113,34.457,64.389,49.285,-134.75,15.912,-141.64,-105.42,-22.661,-170.01,-115.6,-209.79,-132.17,-152.78,-279.5,-131.04,-260.08,-178.92,-361.7,-386.36,-345.36,-403.02,-495.03,-459.99,-516.54,-404.99,-566.28,-520.38,-578.55,-666.11,-767.41,-706.93,-753.27,-807.48,-818.37,-896.52,-1113,-1069.9,-1112.8,-1178.8,-1226.3,-1341.2,-1409.4,-1449,-1699.5,-1782.1,-1787.9,-1782.2,-1949.2,-2075.5,-2148,-2243.5,-2283.4,-2487.4,-2596.8,-2675.7,-2765,-3023.4,-3184.3,-3309,-3413.2,-3561.5,-3651.4,-3893.7,-4058.4,-4183.4,-4355.5,-4590.2,-4767.7,-4830.3,-5166.2,-5181.2,-5532,-5606.7,-5938.3,-6045.8,-6371.6,-6491,-6791.8,-7003.4,-7268.5,-7559.2,-7790.9,-8090.9,-8325.3,-8511.6,-8876.6,-9153.8,-9458.3,-9562.9,-9961.3,-10346,-10530,-10847,-11226,-11609,-11840,-12147,-12479,-12954,-13192,-13713
8.37e-07,6.71e-07,-9520.1,-8864.6,-8228.5,-7614.2,-7078.3,-6563.6,-6235.7,-5695.3,-5305.3,-4804,-4561.1,-4230.4,-3833.9,-3482.4,-3326.4,-2994.9,-2885,-2655.7,-2405.3,-2181.7,-1947.5,-1873,-1588.5,-1541,-1357.6,-1313.1,-1238.8,-1110.1,-895.77,-894.93,-828.03,-765.35,-619.17,-494.14,-504.05,-506.44,-497.87,-272.8,-353.42,-297.52,-246.69,-126.91,-113.76,-249.75,-190.35,-171.24,-14.837,-136.55,-17.059,-82.149,-67.564,-82.761,56.192,49.415,37.515,-48.851,59.609,-21.787,-29.869,-12.945,72.094,-71.137,-88.341,28.171,12.253,27.565,19.266,-19.398,-19.503,-87.713,4.1292,64.475,58.777,-123.02,59.22,8.7783,-12.782,38.664,-35.788,-44.324,-65.996,-68.3,-80.214,-202.14,-121.01,-163.12,-131.2,-108.77,-172.25,-121.17,-281.7,-249.99,-210.51,-337.73,-374.4,-369.28,-402.61,-497.54,-424.99,-542.4,-613.28,-621.93,-610.33,-624.91,-723.64,-735.01,-849.43,-941.05,-852.38,-1046.4,-1050.9,-1014.3,-1209,-1319.3,-1304.5,-1308,-1364.6,-1592.4,-1690.8,-1764.9,-1695.9,-1870,-1939.2,-2116.9,-2148.6,-2279.3,-2399.9,-2503.6,-2572.3,-2724.9,-2939.7,-3101.5,-3118.4,-3322,-3490.8,-3575.7,-3724.3,-4009,-4193.7,-4264.7,-4436,-4647.2,-4796.1,-5091.6,-5228.5,-5477.4,-5540.7,-5866.7,-5966,-6279.5,-6453.7,-6779.7,-7005.5,-7247.2,-7444.8,-7793.8,-7952.6,-8277.9,-8478.2,-8774.4,-9044.6,-9406.9,-9772.3,-10057,-10260,-10599,-10959,-11365,-11673,-12043,-12279
8.39e-07,6.6e-07,-10150,-9507.8,-8717.9,-8141.7,-7719.1,-7214,-6601.1,-6179,-5644.6,-5347,-4917.4,-4527.8,-4215.8,-3931.7,-3631.8,-3399,-3101.2,-2824.2,-2582.8,-2494.3,-2282.8,-2029.8,-1915.4,-1642.2,-1663.4,-1449.5,-1255.7,-1255.2,-1061.3,-975.74,-936.26,-880.53,-830.35,-761.37,-526.26,-466.41,-430.15,-500.19,-444.71,-305.62,-379.21,-288.6,-163,-171.01,-177.11,-131.53,-136.82,-216.14,-162.54,-48.85,-16.499,12.864,-41.472,-53.08,56.968,61.972,-27.855,23.999,85.734,50.554,56.81,78.248,12.118,35.883,-22.812,-85.841,-1.7958,81.206,-15.703,66.806,4.0773,38.817,-82.741,-43.036,-123.66,8.0782,17.463,-131.63,-27.513,-86.594,-93.373,-107.1,-91.052,-120.09,-204.57,-263.99,-332.24,-349.5,-271.86,-245.13,-388.74,-437.51,-450.49,-396.79,-390.52,-426.85,-533.83,-646.34,-677.77,-687.54,-617.03,-748.45,-747.4,-933.84,-986.38,-922.53,-1080.4,-1064.9,-1170.7,-1314.1,-1245.3,-1425.6,-1551.5,-1523.4,-1637.6,-1629.9,-1805,-1856.4,-1980,-2036.9,-2207.7,-2374.6,-2433.6,-2633.3,-2766.5,-2835.3,-2900.2,-3052.5,-3145.1,-3393.1,-3569.4,-3701.5,-3749.7,-3994.1,-4142.5,-4313,-4416.8,-4610.1,-4867.8,-5022.1,-5186.3,-5345.2,-5677.2,-5822.4,-6038.7,-6340.9,-6440.5,-6658.3,-6908.4,-7269.4,-7508.3,-7676,-8014.3,-8260.3,-8400.3,-8834.3,-9051.4,-9253.6,-9647,-9947,-10223,-10497,-10853,-11188,-11480,-11935,-12201,-12603,-12902,-13346,-13654
8.11e-07,6.28e-07,-11878,-11015,-10441,-9825.7,-9240.9,-8543.3,-8064.8,-7477.6,-7053.4,-6623.6,-6298.2,-5785.9,-5496,-5157,-4662.1,-4467.7,-4148.9,-3904.4,-3640.6,-3418.7,-3168.5,-2832.2,-2621.5,-2482,-2295.3,-2190.8,-2027.1,-1797.8,-1647.8,-1625.5,-1449.1,-1267.4,-1140.2,-1109.2,-1063.8,-990.45,-890.43,-877.44,-725.14,-554.19,-568.8,-547.92,-445.17,-370.41,-405.19,-255.49,-238.07,-340.88,-202.87,-201.15,-246.6,-211.78,-192.91,-40.174,-103.03,-59.854,19.275,-30.605,35.599,20.478,76.619,-57.77,5.8006,-22.66,61.7,67.511,-10.375,74.24,38.273,-62.607,-67.399,-137.53,-111.96,-25.164,-102.64,-136.91,-148.25,-245.61,-235.8,-361.74,-391.82,-282.65,-470.16,-462.53,-426.83,-459.08,-553.99,-704.66,-761.03,-761.55,-883.1,-983.67,-1000.3,-973.37,-1106.6,-1181.3,-1346.5,-1303,-1520.5,-1632.2,-1584.4,-1791.3,-1815.3,-2043.4,-2075.7,-2243.6,-2387,-2512.9,-2581.9,-2729.1,-2866,-2940.9,-3059.1,-3383.9,-3540.8,-3562.7,-3802.4,-4000.1,-4218.3,-4376.2,-4519.3,-4617.1,-4889,-5106,-5240.7,-5608,-5775.6,-5890.5,-6284.2,-6359.8,-6606.3,-6930.2,-7194.5,-7528.2,-7623.9,-8018.4,-8349.2,-8588.9,-8899.1,-9182.4,-9387.7,-9784.7,-10132,-10433,-10793,-11068,-11459,-11816,-12112,-12541,-12850,-13162,-13608,-14107,-14370,-14872,-15362,-15720,-16057,-16516,-17053,-17555,-17895,-18411,-18810,-19470,-19952,-20354,-20904,-21324,-21826
8.52e-07,6.44e-07,-11235,-10460,-9904.8,-9224.5,-8630.7,-7978.4,-7451.2,-6891.5,-6513.8,-6077.9,-5649.6,-5208.7,-4819.6,-4504.6,-4177.3,-3987.7,-3558.8,-3312.5,-3034.3,-2845.2,-2606.3,-2425,-2304.7,-2066.5,-1888.9,-1687.9,-1657.5,-1405.6,-1350,-1262.5,-1224.2,-1045.3,-982.89,-805.66,-774.36,-670.9,-574.86,-583.42,-559.42,-469.06,-467.53,-364.76,-272.74,-315.02,-297.26,-281.74,-140.02,-226.36,-135.52,-175.5,-90.733,-10.959,-6.9542,-19.486,47.477,-121.63,-64.528,32.051,-26.58,-9.288,-56.092,41.488,46.206,-15.981,31.199,-47.348,-61.465,-28.81,-2.6218,26.9,-14.12,-24.072,37.654,-68.026,-118.77,-143.51,-202.93,-129.95,-82.121,-124.5,-280.15,-246.47,-181.44,-303.46,-261.04,-301.09,-271.28,-388.79,-453.56,-503.86,-369.39,-424.67,-641.27,-554.18,-677.37,-752.7,-799.34,-680.31,-905.44,-833.33,-913.22,-903.79,-1119.5,-1087,-1154.9,-1212.4,-1421.4,-1424.5,-1540.1,-1554.5,-1727.6,-1726.1,-1729.8,-1925.7,-2060.9,-2214.4,-2195.8,-2422.6,-2538.8,-2555.2,-2657,-2794.8,-2898.4,-2980.4,-3236.1,-3311.6,-3511.3,-3700.7,-3858.5,-3853.1,-3992.8,-4197.7,-4389.4,-4667.9,-4799.1,-4872.4,-5173.7,-5258.9,-5577.1,-5829.1,-5912,-6109,-6330.8,-6644.1,-6896.2,-7124.2,-7380.7,-7459.8,-7844.1,-8093.3,-8270.8,-8522.1,-8801.7,-9172,-9538,-9773.8,-10058,-10267,-10546,-10988,-11348,-11665,-11956,-12305,-12650,-12898,-13338,-13810,-14183,-14498,-14897
8.52e-07,6.33e-07,-11898,-11142,-10539,-9803.9,-9171.9,-8592.1,-8020,-7580.3,-7100.8,-6554.8,-6162.3,-5680.6,-5378.7,-5014.2,-4667.3,-4396.6,-3964.1,-3793.1,-3525,-3269.2,-3059.6,-2682.2,-2570.5,-2376.6,-2210,-2080,-1831.1,-1705,-1552.5,-1453.3,-1274.4,-1231.5,-1096,-1066.5,-884.62,-890.71,-852.98,-656.74,-562.45,-568.17,-475.76,-515.47,-305.63,-438.49,-288.54,-356.51,-317.61,-185.93,-169.39,-201.53,-199.29,-165.21,-168.8,-104.31,-116.6,20.102,11.496,-15.781,-69.571,-92.342,62.151,57.351,5.5487,92.669,-101.69,52.994,-39.415,-105.35,65.405,7.2626,52.836,7.4358,-19.124,6.502,-56.731,-192.49,-161.86,-182.81,-97.511,-217.78,-215.35,-219.86,-298.55,-267.24,-304.99,-408.85,-360.27,-516.15,-478.95,-627.8,-601.32,-620.7,-718.51,-762.07,-749.09,-801.35,-856.14,-898.03,-930.78,-1157.5,-1207.3,-1170.4,-1219,-1439.3,-1399.6,-1548.6,-1625.6,-1690.8,-1721.3,-1984.9,-1975,-2051.8,-2298.3,-2393.6,-2423.3,-2547.4,-2690.6,-2775.8,-3009.6,-3039.3,-3121.4,-3312.4,-3416.4,-3586.8,-3844,-3961.4,-4150.8,-4259.4,-4399.2,-4620.7,-4839.5,-5077,-5241.4,-5334.6,-5601.2,-5735.9,-6055,-6120.8,-6445,-6669.3,-6914.1,-7188.8,-7451.3,-7541.8,-7803.4,-8189.3,-8302.7,-8672.8,-8940.5,-9271.9,-9505.9,-9829.6,-10022,-10392,-10646,-11089,-11296,-11686,-11951,-12483,-12646,-13106,-13444,-13886,-14218,-14533,-15065,-15410,-15749,-16156,-16674
9.13e-07,6.39e-07,-12868,-11975,-11340,-10532,-9963.9,-9192.2,-8614,-8150.7,-7552.7,-7044.5,-6581.3,-6045.5,-5616.4,-5226.9,-4835.7,-4542.4,-4285.8,-3972.8,-3609.2,-3445.1,-3039.4,-2800.5,-2687.6,-2482.7,-2259.3,-2062.8,-1938.5,-1775.6,-1538.7,-1453,-1264,-1268.2,-1213.2,-928.52,-932.95,-812.73,-841.18,-665.72,-616.62,-523.44,-489.4,-362.31,-373.86,-420.43,-338.1,-216.05,-206.84,-128.99,-72.988,-195.26,-127.86,-52.564,-65.761,39.354,-50.047,48.834,-71.743,-57.672,-27.425,91.817,-97.904,4.0976,-79.834,-3.479,-82.517,90.321,20.429,77.793,-103.62,-71.657,-93.815,45.784,-116.93,-137.53,-17.891,-60.318,-68.836,-107.6,-78.781,-132.29,-107.96,-240.2,-122.9,-189.23,-153.94,-261.42,-354.57,-296.58,-383.26,-288.33,-361.03,-450.51,-482.24,-433.8,-611.32,-479.05,-672.98,-682.69,-609.29,-645.98,-785.17,-740.94,-761.02,-888.97,-1020.9,-996.3,-1076.2,-1103,-1168.9,-1253.2,-1361.2,-1339.4,-1381.2,-1423.7,-1646.3,-1634.6,-1760.7,-1692.1,-1821.3,-1928,-2114.8,-2025.8,-2168.7,-2405.2,-2327,-2437.6,-2654.8,-2679.8,-2867,-2952.4,-3144.8,-3155.8,-3233.2,-3387.3,-3562.5,-3729.1,-3807.9,-4042.1,-4075.8,-4397.7,-4506.2,-4526.1,-4859.7,-4906.5,-5125.3,-5209.6,-5488.2,-5701.7,-5791.9,-6020.9,-6316.2,-6471.4,-6589.9,-6861.4,-7067.4,-7390.6,-7502.4,-7772,-7931.2,-8240.7,-8528.5,-8657.8,-9042.7,-9206.9,-9502.7,-9827.4,-10142,-10464,-10591,-11044,-11277
9.09e-07,6.44e-07,-12480,-11695,-10811,-10281,-9631.3,-8921,-8251.2,-7846.9,-7251.4,-6663.3,-6332.8,-5933.2,-5460.8,-5023.4,-4774.6,-4388.8,-4027.2,-3838.2,-3409.1,-3261.5,-2991.4,-2790.8,-2478.8,-2371.1,-2229.6,-1958.9,-1720.2,-1608.2,-1590.4,-1419.2,-1248.8,-1205.8,-1040.2,-939.75,-905.05,-809.78,-716.29,-591.73,-483.84,-483.11,-420.8,-451.65,-423.04,-261.64,-227.66,-300.04,-268.98,-233.55,-182.81,-129.32,-48.728,-127.85,-6.7307,12.686,-31.424,-90.003,3.0771,54.244,-24.254,-87.349,-40.778,54.469,35.627,56.852,-58.434,-97.373,-90.688,24.803,39.132,36.474,-127.15,-57.084,-12.129,1.3799,-155.33,-4.3379,-109.78,-148.6,-80.724,-215.85,-235.73,-189.27,-130.19,-257.22,-229.64,-319.98,-206.74,-309.71,-252.28,-396.23,-267.78,-403.22,-384.3,-422.61,-394.44,-453.39,-526.38,-598.06,-676.77,-535.02,-752.56,-688.72,-654.29,-825.61,-926.79,-811.98,-904.94,-893.46,-1105.2,-1041.9,-1174.5,-1118.4,-1308.4,-1252.9,-1305.4,-1447.7,-1568.1,-1600.4,-1645.6,-1800.4,-1803.1,-2004.7,-1936.2,-2137.5,-2310.5,-2223,-2326.1,-2522.9,-2525.9,-2744.1,-2813,-2900.3,-2997.2,-3242.1,-3419.3,-3517.3,-3494.1,-3673.6,-3900.8,-4053.7,-4128.9,-4409.2,-4414.9,-4685.8,-4774.3,-4892.3,-5141.4,-5418.2,-5473.4,-5684,-5987.8,-6104.7,-6282.1,-6583,-6635.5,-6878.4,-7064.8,-7418.6,-7586.1,-7861.7,-8172.8,-8331.2,-8632.2,-8769.9,-9041.9,-9303.9,-9582.4,-9936.5,-10147,-10396,-10729
