8.34e-07,6.37e-07,-3166.6,-2788.1,-2448.8,-2099.9,-1818.9,-1548,-1287.4,-1064.7,-869.78,-683.62,-514,-364.7,-229.85,-111.46,-6.5058,86.616,166.12,237.13,296.97,348.77,391.83,423.75,452.13,477.51,489.66,503.02,505.68,509.53,502.43,498.57,489.09,476.74,458.96,447.01,426,407.85,387.2,366.43,344.68,323.16,299.32,277.03,254.64,232.78,209.85,190.73,169.56,149.88,131.83,113.37,97.286,82.567,68.549,55.085,43.727,33.717,24.744,16.992,10.931,6.0849,2.725,0.67432,-0,0.67116,2.6829,5.9457,10.607,16.265,23.404,31.625,40.972,51.536,62.158,74.676,87.983,102.18,116.61,133.04,149,166.38,183.7,200.21,217.98,238.54,257.03,274.65,292.71,311.08,328.73,351.27,366.57,384.87,399.89,420.67,434.42,449.87,466.51,478.02,494.42,500.94,512.46,525.61,529.64,533.83,539.04,548.12,547.91,547.56,539,536.99,534.73,521.62,509.2,497.85,481.04,465.79,445.74,420.68,392.23,365.13,330.35,293.12,256.36,213.77,168.41,118.7,65.169,8.8818,-51.11,-115.13,-184.18,-255.65,-330.36,-413.14,-492.4,-586.57,-676.76,-779.49,-875.35,-978.56,-1096.8,-1215,-1343.1,-1459.5,-1589.7,-1728,-1860.3,-2022.5,-2174.7,-2320,-2491.5,-2666.6,-2847.5,-3019.7,-3186.1,-3384.3,-3574.2,-3784.6,-3993.5,-4210.5,-4465.5,-4664.3,-4902.9,-5184.9,-5397.6,-5617.5,-5872.2,-6181.5,-6488.8,-6712.4,-7049.4
9.3e-07,6.51e-07,-5459.2,-4983.8,-4479.3,-4050.4,-3672.5,-3255.3,-2931.6,-2613,-2309.8,-2002,-1774.4,-1538.9,-1310.9,-1125.4,-954.34,-788.89,-648.57,-518.04,-401.28,-295.32,-201.54,-120.67,-47.846,15.41,70.743,117.68,159.03,190.52,219.46,240.9,257.2,270.48,274.98,279.84,281.59,278.45,277.14,270.84,260.07,248.45,238.24,225.46,212.99,196.25,183.65,167.48,150.55,135.96,120.35,106.01,92.924,79.84,66.015,54.681,44.122,33.899,25.082,17.656,11.537,6.5132,2.8977,0.73047,-0,0.73059,2.9519,6.672,12.016,18.96,27.089,37.038,48.752,62.208,76.592,91.622,110,128.32,148.87,170.53,194.19,218.46,244.66,272.47,301.78,331.67,361.12,394.08,429.22,463.55,498.91,533.09,571.26,605.87,649.83,684.73,724.26,767.36,808.02,843.3,880.47,925.43,968.44,1008.1,1049.6,1100.7,1141.4,1171.6,1232.1,1257.7,1313,1357.2,1380.9,1436.3,1482,1498.4,1544.6,1591.1,1629.1,1656.6,1679.2,1733.6,1772.5,1783.4,1836,1859.6,1863.5,1908.7,1934.8,1944.9,1963.6,2004.8,2018.8,2008.4,2034.3,2041.9,2044.3,2078.9,2069.1,2059.9,2071.4,2061.4,2061.6,2066.9,2026.6,2024.1,2022.4,1979.8,1981.1,1961.2,1920.7,1877.2,1847.2,1827.7,1767.7,1735.5,1696.7,1630.5,1571.8,1522.1,1448.4,1385.5,1334.2,1250,1180,1100.5,1000.8,922.32,816.28,730.08,627.86,519.86,408.15
9.39e-07,6.73e-07,-4992.8,-4477.1,-3999.6,-3579.3,-3180.9,-2824,-2489.4,-2174.4,-1882,-1592.4,-1360.8,-1146.7,-944.6,-770.66,-595.59,-450.92,-321.16,-201.89,-94.44,-1.827,79.179,150.57,213.1,262.53,311.23,345.97,371.72,393.99,417.44,424.42,428.1,437.12,430.87,423.37,419.15,410.45,397.66,379.63,365.78,344,328.35,303.75,281.71,260.71,239.27,219.7,198.86,179.3,157.87,139.7,120.74,101.14,85.535,69.601,56.214,43.005,32.068,22.685,14.589,8.277,3.6852,0.93087,-0,0.93319,3.779,8.5177,15.159,23.705,34.532,47.434,60.955,77.492,96.425,117.9,138.1,161.87,190.02,218.56,244.86,277.57,309.84,344.44,382.77,424.39,457.86,507.24,550.35,597.17,632.06,691.12,727.47,783.89,833.61,891.67,937.16,987.22,1053.7,1098.6,1173.1,1232.2,1272.5,1340,1389.7,1478.1,1533.4,1600.4,1656.4,1700.2,1781.8,1829.5,1901.8,1951.8,2021.9,2068,2138.7,2211.3,2280.2,2319.2,2379.2,2448.2,2525.5,2563,2617.6,2713.7,2739.1,2791.2,2862.2,2912.7,2961.1,3014.8,3078.5,3095.3,3141.7,3229.1,3252.6,3323.6,3344.4,3360.8,3378.9,3457.1,3481.3,3479,3564.9,3580.1,3584.4,3630.3,3650.4,3606.6,3665.6,3674.4,3700.6,3698.4,3683,3652.1,3651.5,3710.6,3665.7,3635.1,3654.9,3632.6,3585.2,3588.3,3581.9,3553.7,3521.8,3437.9,3436.1,3361.5,3286.1,3289.6,3236.8
8.48e-07,6.37e-07,-3512.9,-3127.8,-2719.8,-2401.4,-2101.8,-1807.3,-1547.7,-1290.5,-1085.3,-876.5,-701.78,-538.36,-395.05,-261.49,-146.95,-44.25,45.888,125.25,192.68,252.09,303.97,343.31,380.61,406.18,424.65,442.44,456.29,463.47,464.27,459.71,450.37,442.53,434.7,419.36,404.97,390.18,372.2,350.67,331.43,313.17,291.29,271.3,250.17,226.66,205.5,187.58,166.36,149.31,129.3,113.52,97.491,82.282,68.262,55.747,43.832,33.837,24.719,17.346,11.104,6.2142,2.7423,0.68395,-0,0.67991,2.7203,6.0808,10.887,16.789,24.144,32.247,41.883,53.185,65.163,77.77,91.058,107.25,122.06,138.6,154.96,173.04,192.57,213.28,233.87,251.67,272.21,296.1,315.81,334.1,355.96,377.54,400.35,418.93,443.41,463.37,484.78,500.29,517.43,532.57,554.2,569.71,583.54,605.37,611.48,627.62,640.19,648.16,658.97,661.48,669.66,670.35,666.75,671.58,665.59,659.1,656.2,644.05,634.8,618.23,595.11,581.26,561.09,530.25,501.66,475.88,435.58,400.79,359.72,316.15,270.21,218.29,162.3,104.68,42.268,-23.067,-93.6,-167.98,-245.4,-324.38,-415.03,-507.62,-599,-700.43,-796.76,-904.42,-1017,-1147.3,-1256.8,-1397.4,-1537,-1676.6,-1797.6,-1959.9,-2126.3,-2251,-2445.9,-2585.9,-2776.9,-2956.9,-3132.4,-3358.4,-3555.2,-3745.1,-3939.7,-4147.7,-4427.2,-4621.8,-4831.2,-5129.3,-5310.4,-5580.6,-5891.6
8.48e-07,6.8e-07,-1563.1,-1228.1,-924.24,-642.41,-376.43,-146.81,56.613,244.42,395.13,540.95,674.82,785.46,891.67,966.56,1024.5,1067.9,1108.9,1151.2,1187.6,1184.8,1180.3,1205.3,1181.4,1164,1159.6,1145.4,1134.4,1083.8,1066.3,1008.8,960.46,941.67,894.25,857.67,798.65,768.68,703.79,659.67,635.28,585.27,536.67,494.49,451.3,411.52,368.29,332.54,298.89,259.5,230.77,200.96,172.92,141.11,117.05,95.638,76.025,58.163,43.488,29.497,18.804,10.899,4.7026,1.1938,-0,1.1777,4.7364,10.707,18.941,29.93,41.889,57.865,73.52,94.584,116.17,138.1,167.45,189.18,219.23,252,281.38,324.05,360.53,387.59,429.75,477.12,515.75,561.01,601.37,657.81,693.39,750.39,781.56,853.39,913.6,946.86,988.23,1032.7,1122,1151.5,1232.7,1250.3,1304.2,1369.9,1442.9,1490.7,1502,1594.2,1623.4,1656.6,1755.1,1760.3,1814.6,1852.3,1956,2003.7,2000.9,2033.3,2083.6,2174.9,2167.7,2210.5,2255.8,2248.5,2327.8,2369.7,2404.3,2412.8,2387.6,2451.3,2497.2,2518.6,2530.5,2463.1,2495.7,2516.5,2485.8,2499.8,2472.5,2478.6,2483.8,2530.3,2485.5,2406.1,2434.1,2357.8,2354.3,2352.8,2243.9,2270.4,2206.1,2127.2,2046.4,1984.2,1934.4,1881,1840.1,1744.5,1658.7,1564.6,1483.3,1350.1,1249.9,1162.8,1055.2,916.31,809.11,674.25,532.83,393.86,250.66,101.85,-51.744
8.18e-07,6.47e-07,-2274.8,-1947.3,-1622.5,-1340.1,-1068.7,-826.76,-616.51,-424.26,-249.58,-94.516,43.38,166.08,272.65,367.31,449.31,515.88,577.51,626.45,658.86,689.18,710.68,731.39,745.51,745.1,742.7,732.53,724.95,718.54,700.21,672.7,656.95,626.4,607.76,580.24,546.09,516.94,489.76,461.34,430.57,397.09,369.79,338.32,310.97,281.73,256.34,229.96,204.3,179.02,158.26,137.05,116.56,97.369,80.452,65.655,51.86,39.282,29.154,19.973,12.794,7.1627,3.1789,0.79075,-0,0.79,3.1015,6.9609,12.183,18.921,27.184,36.506,47.159,58.895,72.133,86.345,102.5,117.55,135.46,152.17,172.94,191.71,210.74,231.97,253.26,275.69,295.67,319.79,339.68,363.26,385.22,402.76,427.21,449.98,465.28,491.64,506.35,529.82,543.01,559.2,577.12,591.21,606.74,619.32,633.44,641.47,649.46,651.57,654.24,661.16,658.99,662.53,659.48,653.61,644.07,629.59,614.14,600.77,582.41,565.43,535.06,507.08,476.2,444.7,405.43,366.85,320.85,273.02,224.17,166.98,108.04,45.647,-21.773,-93.01,-169.34,-248.75,-332.03,-422.11,-518.71,-612.06,-721.23,-828.24,-941.41,-1061.9,-1174.1,-1307.5,-1441.4,-1568.3,-1710.6,-1862.5,-2032.9,-2184.5,-2347.4,-2517.8,-2703.3,-2908.5,-3094.2,-3296.1,-3490,-3690.1,-3918.6,-4093.6,-4319.8,-4612.1,-4819.5,-5080.3,-5307.7,-5607.2,-5814.3,-6084.4,-6447,-6732.5,-6944.1
9.3e-07,6.85e-07,-4203.2,-3758.7,-3294.1,-2880.2,-2549.6,-2188.9,-1859.5,-1588.1,-1337.1,-1084.8,-866.27,-671.49,-484.47,-329.15,-182.31,-55.902,58.002,157.94,245.27,321.68,385.82,438.96,490.13,520.3,556.85,572.01,595.93,598.96,603.21,608.09,596.75,589.53,577.13,568.03,544.08,524.38,506.32,481.39,449.67,424.96,397.17,372.68,343.18,315.45,288.18,266.05,237.83,212.16,187.14,162.54,141.44,120.93,100.86,81.621,64.651,50.31,37.003,26.153,16.972,9.4165,4.2227,1.0756,-0,1.0715,4.3364,9.7185,17.261,27.484,39.548,53.644,70.762,88.055,109.74,132.87,157.04,184.53,216.87,249.15,277.66,319.17,354.47,389.78,430.94,482.65,524.95,569.83,619.61,671.24,728.97,767.86,829.51,892.49,950.78,995.37,1064.2,1120.3,1194,1246.6,1323.7,1377.1,1445.1,1520.4,1588.2,1664.2,1743.3,1793.6,1887.9,1925.8,2030.4,2083.8,2143.7,2215.3,2284.2,2392.8,2446.8,2495,2614.7,2658.6,2747.9,2781,2886.6,2955.1,3040.1,3075.4,3140.2,3257.4,3258.6,3330.2,3393,3477.8,3579.1,3638.1,3630.1,3732.4,3818,3801.2,3868.8,3923.7,3968.3,4011.8,4074.1,4151.7,4195.9,4158.8,4249.5,4311.2,4270.6,4377.9,4338.9,4375.6,4442.4,4421.9,4494.8,4433,4527.6,4489.4,4468.8,4508.2,4542.4,4523,4469.5,4457.4,4474,4404.6,4407.4,4381.1,4347.2,4351.3,4358.5,4270.4,4281.8
8.24e-07,6.89e-07,-587.98,-284.07,-22.295,214.57,437.22,613.6,790.52,930.96,1047.4,1173.4,1265.9,1322.3,1407.8,1437.2,1475,1523.4,1565.9,1529,1559.2,1542.1,1522.2,1529,1465,1425,1388.1,1374.1,1315.7,1265.1,1246.7,1204,1133.8,1087.3,1015.4,969.86,907.24,871.82,820.13,748.12,693.67,647.79,595.65,556.26,506.56,463.55,418.39,366.12,331.93,290.3,256.18,220.84,186.65,158.98,129.03,104.55,81.983,63.069,47.39,32.888,20.776,11.526,5.1371,1.2584,-0,1.3048,5.0559,11.359,20.391,30.755,45.154,61.722,78.47,97.711,123.06,148.38,171.87,205.15,230.01,266.08,300.35,331.37,374.27,409.25,463.75,489.44,550.47,576.66,627.53,667.95,739.35,785.56,826.29,886.73,923.05,967.67,1027.9,1089.3,1143,1201.4,1266.6,1317.3,1339.3,1410.9,1435.3,1474.5,1572.6,1607,1631.4,1689.9,1728.9,1778.8,1860.2,1908.4,1950.6,1970,2019.9,2053.9,2133,2163.9,2125.3,2227.9,2273.5,2301.9,2328.6,2266.5,2345.1,2310.6,2346.6,2416.1,2420.2,2379.2,2437.4,2423.7,2421.6,2359.4,2422.1,2393.3,2406.2,2384.9,2361.1,2336.9,2297.4,2202.4,2231.4,2178.5,2132.3,2064.6,2016.4,1917.9,1869.7,1787.7,1709.9,1660.7,1618.9,1485.4,1436.6,1314.8,1214,1080.3,971.81,888.8,763.24,614.52,489.37,344.5,198.95,51.133,-104.98,-269.72,-433.07,-614.66,-783.37
9.06e-07,6.65e-07,-4023.9,-3576.8,-3179.6,-2790.6,-2418.9,-2116,-1781.7,-1514.8,-1261.9,-1036.2,-830.5,-652.61,-474.09,-320.32,-187.76,-66.484,41.127,136.7,218.67,290.1,351.78,402.3,444.77,481.01,508.13,527.73,548.1,550.81,558.22,560.73,545.34,535.44,524.16,519.9,497.36,474.31,456.51,441.24,413.18,391.15,366.98,339.56,317.43,288.89,266.71,239.17,215.33,190.35,169.67,147.19,127.92,109.21,90.021,72.787,58.654,44.897,33.577,23.106,14.944,8.5269,3.8348,0.95246,-0,0.95919,3.8034,8.6181,15.442,24.195,34.514,47.505,61.58,77.761,95.354,115.31,137.55,162.3,184.95,213.68,245.02,273.02,304.93,339.66,371.61,412.51,442.31,486.15,521.81,574.69,604.76,663.12,696.91,745.41,791.48,839.73,894.66,945.53,991.09,1028.8,1088.4,1139.3,1191.6,1234.2,1307.5,1342.7,1412.3,1439.9,1512.4,1573.9,1615,1660.7,1732.7,1783.2,1825.1,1880.9,1927.4,1955.5,1991.9,2036.1,2083.9,2140,2211.2,2228.7,2270.4,2303.5,2362.4,2356.1,2409.2,2436.5,2458.5,2528.6,2553.7,2575.8,2581.5,2585.8,2630.1,2641.1,2664.4,2692.1,2668.2,2697.4,2686.1,2665.5,2693.5,2691.1,2660.8,2675.5,2654,2655.4,2598.8,2620.8,2547.3,2557.7,2480.1,2485.8,2437.9,2373.2,2352.1,2289.9,2204.7,2189.1,2131.7,2051.5,1971.6,1902.4,1807,1713.3,1644.7,1548.6,1448,1342.4,1235.3
8.28e-07,6.29e-07,-3482.8,-3113.3,-2746,-2400.7,-2114.4,-1832.2,-1573.4,-1347.7,-1129.6,-937.68,-765.19,-606.62,-464.92,-340.49,-225.89,-126.39,-38.269,39.105,106.47,163.88,213.4,255.94,289.8,318.9,340.7,360.33,369.44,379.78,380.86,381.29,376.89,370.12,362.44,351.83,339.43,328.47,313.44,295.02,279.61,262.78,245.7,225.48,207.61,189.79,173.68,156.15,139.43,123.23,108.43,94.479,80.24,67.846,56.42,45.772,36.173,27.614,20.292,14.109,9.0087,5.035,2.2285,0.55025,-0,0.5471,2.1772,4.849,8.5469,13.15,18.794,25.195,32.821,40.831,49.756,59.263,69.326,80.519,91.211,102.89,115.29,127.57,140.44,153.3,165.61,177.83,191.15,203.4,214.98,227.41,238.63,249.67,261.55,270.25,278.74,287.76,295.92,300,305.83,310,311.32,314.31,313.76,310.01,305.78,300.77,291.9,282.62,271.44,259.45,243.17,224.23,202.23,179.08,154.06,125.34,93.416,59.266,21.882,-18.688,-62.629,-109.96,-159.97,-213.95,-271.95,-333.01,-395.27,-463.18,-535.52,-612.32,-694.82,-776.88,-869.48,-961.5,-1065.1,-1158.4,-1274,-1383.3,-1507.4,-1613.7,-1742.1,-1884,-2014.9,-2146.6,-2290.9,-2454.3,-2611.9,-2771.1,-2930.3,-3121.5,-3308.2,-3502.4,-3690.2,-3863.7,-4094.1,-4291.3,-4509.4,-4704.3,-4961.1,-5161.7,-5441.7,-5679.9,-5921.7,-6194.4,-6428.1,-6708.2,-7016.9,-7339.3,-7635.6,-7896.9,-8187.7,-8507.2,-8819.8
7.99e-07,6.43e-07,-2150.9,-1816.7,-1512.3,-1248.3,-994.07,-771.02,-566.59,-383.8,-219.57,-73.25,56.371,171.35,270.48,356.74,435.45,499.14,551.91,593.73,628.52,656.77,675.7,688.84,699.18,702.67,698.69,695.65,679.9,664.52,651.25,628.23,608.57,584.29,563.37,534.87,506.79,481.13,451.75,424.12,394.22,365.68,337.01,309.1,282.69,256.43,231.58,206.77,183.67,161.8,142.17,122.52,103.74,87.234,72.136,58.213,45.702,34.82,25.425,17.533,11.232,6.2789,2.762,0.67968,-0,0.68109,2.6784,5.9526,10.424,16.148,23.053,30.77,39.599,49.774,60.47,71.952,83.675,96.607,109.93,124.7,138.08,153.57,169.03,183.98,198.53,213.45,228.03,243.25,259.02,272.64,285.63,297.63,311.1,322.36,333.94,341.59,350.6,359.69,365.95,369.83,373.54,376.16,376.18,374.19,370.39,363.27,355.63,344.41,332.1,319.04,299.57,280.45,257.71,232.84,205.24,172.36,137.97,100.88,59.615,14.981,-32.908,-84.612,-140.17,-199.46,-263.63,-331.6,-402.95,-476.57,-555.64,-638.71,-726.2,-825.29,-922.86,-1019.9,-1133.8,-1243.4,-1363.4,-1491.7,-1613.8,-1739.2,-1885.2,-2040.4,-2170.4,-2333.7,-2491,-2672.6,-2841.2,-3001.5,-3211.5,-3408.9,-3597.5,-3775.6,-4022.2,-4218.7,-4432.5,-4677.1,-4932.2,-5155.7,-5426.5,-5632.1,-5923,-6215.9,-6456.8,-6730.9,-7016,-7319.3,-7679.1,-7972.6,-8265,-8624.2,-8957.6,-9327.2,-9637
8.31e-07,7.11e-07,-53.63,228.06,490.92,708.3,920.75,1101.3,1260.2,1385.4,1493.2,1610.8,1673.1,1739.5,1817.8,1822.5,1846.7,1877.6,1870.8,1898.9,1886.3,1824.8,1810.6,1788.3,1753.6,1708.5,1669.9,1593.5,1572.1,1497.8,1457.7,1394.6,1320.9,1249,1175.4,1112.4,1062.6,998.01,928.99,863.13,817.82,740.36,699.73,629.3,582.11,518.09,470.12,419.18,372.51,330.55,290.03,247.69,213.42,182.28,148.35,119.7,96.171,72.766,53.853,37.051,23.891,13.42,5.9647,1.5011,-0,1.4658,5.9246,13.191,23.32,36.496,51.831,71.371,93.265,115.97,143.04,171.81,203.34,239.14,278.73,312.67,360.07,400.97,440.62,488.62,544.01,590.17,648.62,703.43,748.56,812.48,876.02,928.97,1011.5,1052.4,1128.2,1203.6,1259.6,1330.6,1411.9,1463.6,1549.3,1610.1,1689.1,1746.7,1800.1,1893.7,1937.2,2019,2121.2,2170.4,2268.7,2289.7,2360.9,2477.4,2529.8,2622.4,2676,2717.6,2800.6,2874.7,2948.1,2940,3047.3,3092.3,3134.6,3194.2,3265,3288,3390.4,3431.9,3486.1,3521.2,3482.6,3550.2,3584.5,3600.2,3640.3,3723.8,3674.4,3745.6,3703.3,3717.2,3817.2,3824.5,3821.9,3800.9,3768.5,3739.7,3761.5,3755,3722.8,3710.6,3732.3,3666.8,3658.5,3554.6,3586.8,3521.9,3415.4,3363.1,3312.2,3284,3221.5,3097.7,3037.6,2981.4,2857.4,2758.5,2647.7,2541.4,2449.9,2324.7,2214.5
7.7e-07,6.36e-07,-2237.4,-1924.8,-1643.7,-1381,-1137.1,-924.29,-729.78,-553.61,-397.53,-257.58,-132.47,-21.885,75.244,160.76,233.98,297.3,351.42,393.73,432.05,460.24,482.81,498.65,509.68,517.25,518.84,515.23,509.43,502.4,489.01,474.83,461.22,442.75,423.6,403.77,381.17,360.42,337.89,317.15,293.75,273.49,250.89,229.99,208.57,188.89,169.75,151.09,133.85,117.24,102.04,87.144,73.743,61.878,50.519,40.6,31.665,24.063,17.447,11.893,7.4775,4.1386,1.8015,0.43786,-0,0.43773,1.7054,3.7172,6.4694,9.7872,13.779,18.232,22.976,28.192,33.582,39.19,44.833,50.507,56.265,61.522,66.647,71.449,76.057,79.39,82.639,84.964,86.523,86.783,86.372,84.555,81.272,76.625,70.511,62.877,53.268,42.146,28.932,13.57,-3.8866,-23.629,-45.807,-70.546,-97.399,-128.09,-160.31,-196.48,-235.8,-277.17,-322.04,-371.19,-422.26,-478.78,-540.2,-604.23,-667.81,-742.94,-815.57,-894.93,-983.29,-1067.4,-1164.1,-1258.1,-1360.7,-1470.3,-1586.7,-1707,-1823.9,-1951.7,-2087.8,-2227.7,-2368.4,-2514.5,-2681.2,-2845.7,-3004.4,-3177.5,-3362.4,-3540.1,-3745.4,-3942.5,-4159.5,-4346.7,-4584.8,-4803.5,-5022.9,-5269.1,-5506.6,-5797.7,-6035.5,-6314.4,-6584.1,-6881.4,-7142.7,-7476.4,-7784.7,-8069.9,-8383.3,-8743.3,-9092.4,-9402.9,-9735.9,-10120,-10518,-10850,-11257,-11637,-12085,-12469,-12890,-13327,-13769,-14170,-14598
7.77e-07,7.02e-07,826.93,1037.8,1233.9,1422.5,1547.3,1682.2,1824,1879.9,1978.7,2038.4,2090.8,2105.2,2088.6,2147.1,2116.6,2109.6,2111.7,2083.4,2013.2,1965.3,1916.5,1910.1,1816.6,1770.5,1707,1637.5,1578.7,1512,1470.5,1373.7,1305,1238.3,1177,1106.4,1035.9,980.83,914.91,845.33,774.55,728.63,660.78,606.35,550.31,495.45,450.2,401.71,351.05,306.46,271.2,231.3,195.77,163.9,135.87,110.44,87.819,65.589,48.398,33.858,21.383,11.826,5.3143,1.2991,-0,1.2919,5.1895,11.673,20.205,31.606,45.224,61.009,79.903,99.984,122.54,143.7,169.77,197.56,226.55,257.11,291.63,328.23,361.37,394.68,430.95,475.8,521.2,556.97,599.97,640.23,680.52,729.31,772.05,815.11,860.86,899.42,945.63,973.65,1035.9,1059.8,1127.3,1149.8,1192,1246.5,1278.2,1300.2,1333.7,1369.6,1418.2,1446.2,1484.5,1522.9,1528.8,1551,1602.2,1613.4,1629,1648.5,1645.9,1676.5,1659.3,1664.8,1675.8,1705.7,1700.3,1670.8,1657.4,1653.2,1618.1,1604.1,1595.7,1558.5,1543.3,1491.1,1447.9,1427.7,1376.5,1313.7,1266.8,1202.7,1137.2,1048,974.43,901.01,816.18,730.3,627.57,527.02,417.46,301.05,183.43,61.914,-67.901,-205.22,-347.96,-494.08,-644.45,-806.49,-972.14,-1141.4,-1318.8,-1503.5,-1718,-1907.9,-2082.4,-2332.6,-2507.1,-2741,-2981.2,-3217.9,-3461.1,-3687.1,-4017.3
9.38e-07,6.74e-07,-4881.8,-4455.5,-3975.6,-3536.8,-3145.5,-2757.5,-2436.6,-2120.3,-1798.7,-1539.9,-1321.1,-1095.1,-900.11,-727,-561.97,-411.11,-280.21,-164.12,-62.32,29.368,109.44,178.79,237.02,289.83,329.84,365.52,393.06,418.56,436.04,438.93,445.82,448.02,443.52,436.8,430.58,422.8,404.87,386.48,370.34,351.64,335.71,311.4,288.38,266.2,246.29,226,201.69,180.75,160.44,140.8,122.23,102.68,86.304,70.939,57.364,43.956,32.664,22.843,14.743,8.4413,3.7669,0.94277,-0,0.93669,3.7756,8.6254,15.537,24.303,34.665,47.427,62.877,79.227,97.929,117.86,141.23,163.62,190.01,221.26,252.09,283.28,317.62,349.44,385.98,427.55,468.48,511.04,551.64,599.44,643.67,698.3,735.77,793.29,843.49,897.92,959.41,1015.5,1062.9,1130.9,1168.5,1238.1,1294.6,1362.8,1405.9,1482,1531.5,1604,1674.8,1729,1776.5,1864.3,1916.9,1979,2036,2125.2,2185.1,2250.4,2316.4,2373,2402.9,2469.1,2529.9,2587.7,2655.6,2704,2759.7,2865.6,2881.8,2934.4,3006.7,3063.1,3110.4,3159.2,3229.1,3235.3,3311.6,3335.6,3407.1,3446.2,3424,3475.5,3492.7,3587.3,3586.5,3598.1,3610.8,3686.3,3680.6,3678.8,3742.8,3725,3770.8,3709.7,3769.7,3720.8,3769.3,3728,3704.5,3692.2,3737.8,3733.3,3675.3,3679.2,3625.2,3592.4,3574.6,3505,3454.9,3471.2,3421.4,3332.4,3290
9.41e-07,7.19e-07,-3757.3,-3294.8,-2851.8,-2429.8,-2068.7,-1742.8,-1444.7,-1160,-908.39,-671.42,-466.87,-278.65,-110.48,40.016,172.21,290.66,395.19,480.1,559.62,627.63,673.84,726.05,756.78,783.12,805.38,817.91,819.96,812.56,811.99,801.13,790.15,770.23,745.68,720.5,689.39,661.83,634.52,599.62,566.81,531.91,496.95,457.96,424.81,392.04,357.49,321.22,290.13,258.53,227.19,199.27,170.45,144.34,121.53,99.198,78.931,60.56,45.208,31.592,20.323,11.46,5.1455,1.2967,-0,1.2971,5.1762,11.77,21.033,32.872,47.507,64.541,84.916,107.44,132.47,160.94,190.46,225.85,262.1,297.78,339.72,385.9,429.41,477.19,533.01,579.78,635.7,694.93,757.68,817.62,886.13,955.11,1023.4,1096.2,1168.5,1241,1313.6,1388.5,1476.1,1564.1,1653.3,1720,1818.9,1914.1,2003,2076.2,2165.8,2262.5,2363.7,2460.8,2552.7,2656.3,2770.6,2839.9,2939.5,3073.4,3144.6,3270.7,3378.1,3438.6,3584,3673.3,3764.7,3881.2,4001.9,4066.9,4190.2,4267.2,4379.6,4507.3,4606.1,4712.8,4801.2,4925,5012.8,5071.3,5215.3,5279.9,5371.7,5500.6,5553.2,5660.6,5750.3,5852.3,5929.3,5997.4,6126.4,6234.3,6243.2,6387.5,6457.7,6547.8,6573.4,6698.8,6762.9,6806.7,6922.1,6915.4,6969.6,7052.6,7157.4,7150.8,7276.1,7271.1,7309.5,7417.3,7426.7,7479.7,7483.2,7536.5,7570.7,7631.7,7599
8.65e-07,6.28e-07,-4505.3,-4054,-3640,-3226.6,-2897.7,-2584.8,-2275.5,-1989.7,-1741.3,-1520,-1296.4,-1108.4,-943.93,-780.9,-637.26,-513.7,-392.88,-295.22,-201.31,-121.35,-49.264,12.734,66.172,113.09,152.15,185.13,210.11,232.62,251.73,261.76,272.24,274.38,277.15,275.06,271.89,267.35,256.78,249.47,235.62,225.81,213.08,199.06,184.58,171.43,157.25,143.9,129.09,114.54,101.91,88.543,76.39,64.994,54.194,44.147,35.476,27.282,20.034,13.841,8.9639,5.0041,2.2327,0.56194,-0,0.56101,2.2283,4.9902,8.9327,13.816,19.789,26.931,35.067,43.593,54.164,64.341,76.51,89.418,101.78,115.72,129.98,144.58,161.25,177.93,192.98,209.48,227.17,243.7,261.92,281.6,295.89,313.08,330.06,350,363.12,381.53,398.81,414.63,428.85,438.82,454.1,466.84,474.29,485.43,495.59,504.04,513.55,520.74,524.38,520.94,521.27,523.56,523.44,515.08,507.18,497.64,486.19,480.29,461.05,444.5,423.01,399.64,373.58,350.59,315.58,284.6,248.52,206.25,165.15,118.14,68.464,15.914,-40.542,-100.35,-164.21,-228.98,-303.11,-378.69,-457.54,-536.78,-624.72,-712.47,-808.83,-915.37,-1008.2,-1122.9,-1232.6,-1357.7,-1471.2,-1597.5,-1718.5,-1874.4,-2008,-2164.1,-2319.4,-2473.4,-2640.4,-2774.1,-2944.1,-3136,-3310.2,-3537.8,-3741.1,-3917.2,-4113.2,-4304.8,-4549.3,-4736.4,-5016.9,-5240.3,-5498.3,-5716.3,-5942.6
7.97e-07,6.31e-07,-2818.6,-2470.6,-2148.1,-1856.5,-1581.9,-1341.6,-1119.7,-912.01,-734.19,-568.46,-421.17,-288.66,-172.2,-67.682,23.992,104.54,173.97,233.62,283.56,327.12,363.46,390.26,411.17,426.74,441.37,444.29,447,445.64,443.08,435.34,426.09,413.09,396.56,381.72,366.26,346.26,327.28,310.12,289.45,269.39,250.53,230.46,209.99,191.75,172.21,155.3,138.06,120.71,106.04,90.78,77.729,64.825,53.71,43.333,34.105,25.93,18.901,13.036,8.2615,4.5791,2.0215,0.49451,-0,0.49457,1.9355,4.2919,7.5289,11.557,16.222,21.772,27.702,34.479,41.473,49.35,56.908,65.184,73.435,82.213,90.697,99.463,107.85,115.46,123.07,130.66,137.18,143.45,149.27,154.89,158.23,162.07,163.03,163.63,164.13,161.26,157.71,152.7,146.28,138.02,128.3,115.82,101.01,84.661,65.91,44.955,21.024,-5.2259,-34.279,-65.868,-100.83,-138.16,-178.79,-224.14,-271.01,-321.71,-374.5,-435.23,-494.42,-563.11,-631.22,-705.78,-783.11,-860.19,-948.32,-1037.5,-1134.4,-1233.2,-1336.3,-1449.6,-1558.5,-1685.3,-1806.9,-1936.2,-2067.6,-2208.8,-2351.5,-2496,-2653.3,-2824.3,-2978.9,-3160.3,-3335,-3540.3,-3723.5,-3924.4,-4108.4,-4330.1,-4556.7,-4776.6,-5017.4,-5247.5,-5468.9,-5736.2,-5984.7,-6248.7,-6505.1,-6824.5,-7078.3,-7359.5,-7692.7,-8014.9,-8320.9,-8606.6,-8952.4,-9285.3,-9673.6,-10000,-10376,-10708,-11122,-11506,-11869
8.21e-07,7.16e-07,364.52,631.11,856.93,1061.4,1248,1415.3,1575.1,1668,1789.8,1854.5,1924.5,1973,2033.9,2040.6,2043,2093.2,2062.5,2031.9,2012.5,1990.1,1945,1922.8,1860,1847.3,1777.6,1712.7,1633.6,1607.7,1531.2,1439.3,1388.8,1322.2,1255.7,1176.9,1120.9,1039.5,970.14,910.11,833.8,790.45,728.65,654.45,598.43,549.31,485.39,442.29,386.43,343.09,297.6,261.83,220.77,187.39,154.99,123.63,97.519,75.285,54.905,38.265,24.53,13.734,6.046,1.5342,-0,1.5397,6.1395,13.755,24.262,37.941,53.841,73.084,94.9,119.04,144.62,178.53,209.12,246.56,283.65,324.09,362.85,401.37,456.77,501.06,558.06,611.63,655.51,720.21,768.3,823.4,885.74,950.24,1006.3,1086.2,1134,1207.5,1262.7,1328.5,1401.1,1469.1,1544.4,1622.2,1716.1,1789.7,1827.9,1904.6,1975.4,2039.5,2105.6,2191.7,2269.2,2347.5,2435.1,2475.8,2507.7,2639.8,2638.9,2708.9,2803.1,2874.3,2906.9,2987.3,3020.3,3080.3,3183,3184.2,3225.5,3285.7,3327.9,3387.3,3469.7,3485.1,3555.7,3575.2,3565.8,3604.3,3593.6,3675.8,3668,3677.7,3696.5,3757.2,3730.1,3704.5,3695.1,3771.4,3673,3749.5,3733.1,3673.1,3695.9,3587.5,3599.2,3603.4,3481,3467.2,3412.9,3373.2,3301.5,3295.4,3206.2,3123.7,3027.2,2970.7,2859.1,2747.6,2688,2558.3,2471.9,2376.6,2204.1,2118.7,1962.3
9.14e-07,6.21e-07,-6383.3,-5858.1,-5423.1,-4886,-4480.7,-4108.2,-3737.6,-3351.7,-3024.1,-2748.8,-2487.8,-2229,-1974.1,-1781.2,-1574.2,-1383.4,-1225.7,-1080.4,-928.56,-802.55,-696.54,-595.85,-498.9,-414.44,-340.16,-277.05,-216.36,-164.57,-118.01,-78.432,-44.552,-15.287,9.3656,30.259,46.895,60.913,71.163,79.133,84.585,87.138,88.731,89.195,87.2,83.998,80.898,75.745,70.408,64.824,59.486,52.972,46.814,40.359,34.311,28.235,22.972,18.064,13.526,9.5679,6.1449,3.5313,1.592,0.4018,-0,0.40261,1.6417,3.7077,6.5971,10.355,15,20.546,26.766,33.727,42.033,50.632,59.74,70.066,81.753,93.587,105.96,118.81,130.96,145.46,159.09,174.12,189.61,206.03,222.53,237.73,255.58,271.44,286.67,303.65,319.86,334.35,350.92,367.86,384.93,401.19,415.61,425.09,439.48,455.07,465.87,476.71,490.52,495.78,508.26,510.89,522.66,527.96,527.72,532.28,531.14,530.08,534.66,529.93,522.66,515.58,507.39,497.74,480.38,464.77,450.25,432.37,411.17,383.71,358.49,329.51,299.21,263.36,224.2,185.28,141.71,96.586,47.84,-4.3503,-59.715,-118.14,-178.81,-243.26,-311.61,-384.69,-463.47,-541.27,-620.06,-710.79,-799.04,-891.74,-1001,-1100.9,-1196.9,-1304.5,-1425.3,-1553.6,-1660.3,-1811,-1928.9,-2077.3,-2196,-2374.3,-2497.6,-2670.4,-2809,-2992.2,-3176.7,-3353.9,-3506.7,-3724.7,-3862.8,-4114.5,-4317.4
7.84e-07,7.07e-07,889.52,1105.5,1317.7,1478.4,1664.6,1758.3,1901.6,1941.4,2072.7,2088.2,2138.4,2208.6,2177.9,2224.8,2197.3,2168.6,2182.7,2118.5,2113,2067,2005.1,1928.4,1903.8,1811.3,1756.3,1745.9,1618.4,1564.9,1523,1463.6,1350.5,1318.8,1210.4,1148.6,1069.8,1007.8,928.21,883.93,812.9,747.84,696.57,626.68,582.98,509.35,461.51,418.47,366.59,325.57,277.51,244.63,204.81,172.49,145.54,117.25,90.475,69.566,50.891,35.789,22.129,12.352,5.5721,1.3529,-0,1.3945,5.4464,12.423,21.893,34.141,47.301,64.713,82.518,105.64,128.03,155.63,182.09,212.94,246.03,273.55,312.23,348.54,396.05,434.84,461.78,508.76,550.99,596.1,646.42,699.12,734.46,792.63,851.73,891.19,940.24,993.65,1024.2,1069.4,1146.9,1163.1,1241.4,1303.7,1356.3,1398.8,1427.8,1456,1518.8,1581,1612.7,1647.6,1681.5,1748.1,1796.6,1773.7,1833.3,1904.6,1912.5,1938.7,1934.8,1991.1,1988.7,2001.7,2001.3,2079.7,2087.5,2074.6,2114.4,2066.1,2037.6,2097.3,2080.7,2074.6,2032.5,2046.2,1973,1984.5,1919.5,1893.9,1845.2,1826,1742,1693.6,1677.2,1587.5,1527.9,1454.4,1409.7,1290.1,1207.8,1141.9,1018.7,919.65,834.18,702.72,591.33,473.34,340.81,211.07,68.4,-76.558,-227.27,-389.12,-551.59,-715.86,-891.46,-1074.2,-1253.9,-1470.9,-1693,-1880.3,-2108.6,-2316.8,-2566.6
8.8e-07,6.29e-07,-4822.8,-4402,-3955,-3573.8,-3201.8,-2836.6,-2547.8,-2243.2,-1996.9,-1753.8,-1526.2,-1323.3,-1122.9,-963.73,-805.48,-655.68,-539.39,-426.38,-323.29,-230.95,-153.5,-81.841,-20.559,32.561,78.284,118.59,151.65,178.91,197.84,214.37,230.35,235.86,243.48,247.3,245.17,242.06,236.35,231.93,219.88,210.65,200.03,191.09,175.65,164.4,151.54,137.27,125.78,111.5,98.359,86.636,75.408,63.998,53.517,43.892,35.023,26.652,19.96,13.898,8.894,5.0608,2.254,0.56296,-0,0.5676,2.2624,5.1069,9.0991,14.099,20.186,27.518,35.988,44.895,55.406,67.351,78.836,92.136,106.2,121.95,136.33,152.29,169.45,187.63,202.83,223.13,243.21,261.18,280.36,302.64,316.95,340.1,356.36,378.91,402.44,417.33,436.43,455.71,471.32,491.77,513.62,525.19,538.06,560.34,567.94,587.32,597.93,610.25,623.57,624.97,638.48,636.84,649.81,650.78,654.39,650.09,644.99,640.17,633.81,630.07,614.4,599.97,591.9,562.63,546.59,521.95,501.17,474.44,443.02,407.51,369.09,328.47,284.44,238.63,188.15,135.01,78.759,18.295,-45.852,-113.16,-182.78,-256.96,-335.62,-417.82,-506.23,-603.39,-697.86,-786.91,-891.96,-1006.9,-1113.1,-1230.1,-1360.7,-1492,-1616.1,-1739.3,-1891.6,-2030.6,-2205.8,-2348.8,-2503.8,-2662.9,-2833.9,-3010.5,-3194.7,-3373.9,-3603.9,-3792,-4020.8,-4207.6,-4400.2,-4647.8,-4826.3
8.96e-07,6.6e-07,-3887.1,-3437.1,-3021.2,-2631.2,-2339.1,-2009.7,-1684.3,-1424.8,-1188.3,-967.67,-772.49,-586.41,-420.01,-275.61,-145.56,-29.484,73.968,164.26,242.81,310.28,368.52,413.32,459.68,492.79,519.08,537.85,546.59,555.15,560.54,552.75,555.21,537.62,530.36,507.8,493.28,477.5,451.6,430.9,409.65,384.2,357.87,330.32,307.47,280.67,262.05,236.9,212.4,189.95,163.47,145.87,124.88,106.55,87.954,71.739,57.37,44.119,32.169,22.694,14.737,8.2739,3.6499,0.91108,-0,0.92356,3.7006,8.2866,14.959,23.079,33.368,45.559,59.392,74.35,91.249,112.65,131.78,152.61,180.79,203.76,229.01,262.9,292.39,319.04,353.4,386.06,426.58,466.45,498.73,541.21,577.36,625.84,656.02,711.33,744.64,789.19,839.75,876.73,932.66,964.48,1023.7,1077.6,1111,1151.3,1195.5,1242.5,1291.3,1353.6,1396.6,1435.4,1466,1518.5,1577.5,1606.7,1663.2,1685.1,1736.6,1778.4,1818.9,1836.2,1913.7,1936,1945.6,1989.2,2025.3,2078.1,2086.7,2087.2,2138.3,2123.1,2163.3,2202.3,2214.7,2235.3,2246,2244.3,2243.1,2257.7,2273.5,2272.8,2214.9,2208.8,2223,2222.6,2214.9,2176.8,2135.8,2136.7,2078.2,2089.9,2002.4,1966,1943.4,1919.7,1839,1794.8,1715,1685.6,1592.7,1521.5,1462.3,1368,1280.2,1217.6,1121.3,1029,926.24,815.82,705.85,592.5,463.77,341.97,215.46
8.79e-07,6.46e-07,-3917.7,-3481.3,-3151.5,-2717.5,-2418.3,-2090.7,-1810.1,-1524.3,-1291,-1091.4,-891.9,-708.33,-540.07,-395.8,-262.83,-148.09,-43.718,46.794,125.3,196.59,253.6,309.3,352.21,387.32,410.51,429.65,449.33,456.78,458.98,459.9,464.54,462.61,449.5,435.96,418.68,408.82,395.47,373.69,353.37,331.5,310.1,287.77,268.61,247.55,221.52,205.27,182.27,163.48,142.01,123.66,108.55,90.063,75.722,61.398,48.567,37.971,27.866,19.699,12.503,7.1505,3.1769,0.77902,-0,0.79524,3.1604,7.1468,12.548,19.668,28.094,37.917,49.982,63.532,78.083,93.449,111.98,128.06,149.75,171.52,191.79,216.41,240.07,265.35,292.12,322,348.64,374.04,404.45,439.34,470.19,499.83,526.82,565.9,591.26,622.47,654.07,698.28,725.68,752.31,790.01,816.76,849.33,881.51,922.83,947.31,983.22,1009.4,1040,1061.4,1092.4,1105.4,1153.5,1152.4,1190.9,1192.4,1230,1226.2,1257.6,1276.1,1291.8,1278.4,1311,1310.4,1302.1,1306.5,1308,1309.5,1311.7,1312.4,1274.1,1283.4,1260.8,1234.5,1208.1,1211.7,1173.2,1134.3,1097.8,1055.1,1032.4,984.82,945.97,879.67,828.16,765.86,718.89,640.28,580.55,496.77,417.99,340.83,250.41,162.37,65.922,-34.678,-137.58,-247.63,-362.45,-477.67,-598.12,-732.68,-872.25,-1003.5,-1131,-1279.8,-1451.8,-1598.2,-1783.3,-1954.5,-2097,-2309.5,-2469.4
8.4e-07,7e-07,-637.5,-341.01,-58.035,189.22,415.41,610.13,787.19,934.27,1066.5,1200.2,1277.2,1365.9,1431.1,1511,1537.2,1585.9,1616.2,1611.1,1594.1,1588.7,1613,1584.5,1532.1,1528,1479.9,1453.8,1381.3,1354.9,1311.6,1259.8,1199.1,1129.5,1094.8,1037,961.61,910.46,847.56,801.75,743.11,683.42,635.75,588.48,531.23,482.11,431.69,397.71,353.73,309.9,271.39,233.76,197.59,168.4,137.28,111.16,88.598,68.734,49.799,34.409,22.43,12.411,5.5371,1.3712,-0,1.4038,5.5055,12.466,21.958,34.426,49.614,66.104,87.9,108.58,132.89,162.85,191.79,226.23,255.93,290.4,329.92,375.58,415.3,466.54,512.84,562.05,602.53,662.28,705.18,763.04,827.91,878.04,931.3,999.65,1067.3,1130.7,1185.9,1245.8,1307.6,1358.8,1442.5,1504.8,1547.6,1619.1,1711.2,1778.7,1843.3,1892.4,1982.5,2026.7,2085.3,2151.6,2228,2270.8,2357,2434,2493.4,2532.7,2583.2,2676.4,2707.3,2770.5,2785.2,2907.5,2941.1,2992,3039.7,3023.9,3143,3167.1,3185.9,3251.6,3290.2,3240.1,3280.3,3287.4,3364.6,3395.9,3365.1,3363.1,3430,3464,3461.8,3386.7,3423.4,3431.8,3420.4,3452.8,3437,3381,3314.8,3307.6,3281.8,3251.7,3168.4,3198.9,3159.3,3034.4,3021.6,2975.7,2910.3,2762.4,2737.6,2665.7,2560.6,2438,2368.6,2256.5,2177.1,2055.2,1924.8,1798.4,1663.6
8.59e-07,6.63e-07,-2582.3,-2187.6,-1847.3,-1520,-1236.4,-979.45,-723.33,-516.5,-319.36,-149.35,9.2018,149.07,265.73,375.68,465.88,549.6,608.88,687.55,736.35,763.34,797.48,808.64,841.49,827.59,837.8,824.32,828.48,814.78,782.88,782.84,760.58,736.5,701.59,669.2,647.22,595.23,578.36,530.53,509.16,470.78,429.38,394.67,375.1,339.61,303.32,277.34,242.3,213.61,192.36,168.04,144.25,121.03,100.57,81.779,63.8,48.421,36.198,24.828,16.157,9.1116,4.0224,1.0183,-0,1.0105,4.0288,8.961,16.14,25.369,35.722,49.38,63.47,80.264,96.996,115.86,139.94,164.86,184.14,210.16,240.86,271.94,299.91,335.48,372.24,395.85,432.57,471.78,512.13,553.09,580.77,633.61,660.68,713.34,748.33,777.95,832.3,882.77,928.81,973.57,1019.1,1060.7,1086,1144.1,1176,1211.4,1265.2,1287.4,1312.7,1355.6,1388.1,1443.1,1485.6,1514.3,1569.8,1595.7,1607.2,1644.5,1697.3,1717.9,1715.5,1779.2,1770.7,1770.5,1804.7,1803,1801.8,1850.7,1848.3,1871.6,1877.3,1874.5,1827.4,1842.5,1822.1,1810.7,1809.6,1795.1,1776.3,1733.5,1739.4,1681.6,1633.7,1613.8,1544.6,1527.7,1477.1,1398.8,1353.4,1291.2,1210.7,1174.7,1078.9,989.06,921.31,838.39,745.42,641.7,548.89,436.57,320.71,204.79,78.775,-47.854,-179.92,-320.97,-454.2,-604.74,-758.26,-906.72,-1072.7,-1240.2,-1420.1
8.09e-07,7.11e-07,506.79,764.45,992.76,1194.5,1349.7,1537.7,1665.5,1730.4,1860.8,1922.7,2013.4,2025,2085.5,2089.2,2122.7,2074.9,2102.7,2096.8,2064.7,2002.7,1943.4,1933.7,1863.9,1840.8,1745.4,1725.4,1616.2,1601,1528.5,1447.3,1363.6,1312.3,1255.1,1175.4,1114.8,1026.7,951.9,901.62,819.32,765.23,712.5,644.26,586.6,528.2,477.41,426.01,383.91,333.81,296.77,248.84,214.66,183.71,150.73,119.58,96.218,74.25,53.289,36.731,24.121,13.309,5.9005,1.465,-0,1.4552,5.7974,13.12,23.096,35.764,51.517,68.898,92.277,116.05,139.16,167.7,196.32,229.38,268.45,303.04,341.19,385.87,423.71,477.26,521.45,575.8,629.1,672.11,724.23,782.79,838.51,886.54,939.84,1004.5,1071.6,1132.2,1177.4,1250.7,1331.9,1372.7,1445.2,1506,1565.8,1621.1,1686.3,1755.6,1803.9,1874.5,1935.7,1994.9,2052.5,2153.8,2178,2259.7,2273.6,2323.3,2393,2492.6,2488.1,2554,2613.9,2657.9,2658.4,2708.8,2782.7,2823.8,2828.6,2902.2,2885.7,2931.5,2985.1,3017.7,3049.5,2991.3,3048.7,2995.2,3013.7,3075.7,3065.2,3011.9,2997.7,3027.9,3006,2993,2962.3,2991.4,2921.5,2906.9,2829,2815.3,2729.3,2728.9,2635.9,2601.6,2551.2,2422.1,2354.9,2288.7,2208,2134.7,1996.7,1944.5,1786.7,1687.2,1586.2,1444.2,1316.2,1195.2,1040.8,888.46,740.9,581.29,416.49
8.99e-07,6.39e-07,-4916,-4459,-4056.2,-3595.3,-3203.7,-2869.1,-2576,-2280.1,-1998,-1749.4,-1492.1,-1300.6,-1092.1,-918.96,-770.77,-621.5,-490.11,-379.59,-274.06,-182.15,-101.27,-29.687,32.841,86.018,132.64,170.61,203.05,229.34,254.55,266.85,280.83,286.18,290.6,294.64,289.6,284.13,279.2,271.8,258.46,249.68,232.31,222.67,208.05,190.43,175.46,161.52,146.36,130.11,115.85,101.15,86.614,74.055,61.868,50.657,41.186,31.471,23.412,16.466,10.502,5.9915,2.6878,0.67327,-0,0.6665,2.6894,6.0439,10.717,16.783,24.573,33.217,43.017,54.82,67.113,81.928,95.955,112.98,130.94,149.46,168.13,190.48,212.89,235.24,256.66,281.19,308.84,333.71,358.31,386.43,409.77,444.43,469.36,495.96,531.81,559.42,586.67,612.13,648.3,675.4,711.8,733.5,761.54,798.41,816.42,840.84,877.41,902.79,926.86,957.38,974.34,994.02,1024.2,1044.2,1064.8,1077.8,1102.2,1108.9,1120.4,1142.8,1142.6,1157.1,1174.3,1184.5,1182,1179,1171.8,1167.4,1181.3,1161.2,1142.5,1135,1131.8,1113.5,1077.8,1071.9,1049.1,1011.2,979.82,943.16,900.2,863.99,820.54,777.56,721.46,660.47,604.26,540.81,480.17,408.22,331.82,255.83,174.86,89.106,-0.36587,-95.238,-193.85,-297.54,-404.16,-512.05,-623.96,-753.92,-878.04,-999.17,-1128.6,-1268.1,-1408.9,-1556.9,-1737.5,-1898.6,-2049.9,-2196.8,-2374.2
7.88e-07,6.47e-07,-1766.4,-1456.9,-1179,-924.37,-688.42,-481.12,-291.96,-123.47,25.742,158.38,273.68,375.57,464.75,539.51,603.56,656.44,704.01,734.83,759.39,783.36,791.29,799.44,797.73,790.95,783.32,768.41,758.1,738.09,710.34,690.53,662.5,631.86,607.64,574.74,541.29,513.92,481.56,449.15,417.86,388.6,358.13,327.34,296.96,270.26,242.81,216.56,193.32,169.99,147.48,127.39,107.77,90.723,74.675,60.207,47.134,35.982,26.213,18.038,11.51,6.4056,2.8168,0.69771,-0,0.69833,2.7403,6.0859,10.633,16.382,23.344,31.141,40.081,49.843,60.671,72.397,84.646,97.136,111.06,124.32,138.66,152.77,167.86,183,197.48,212.71,226.66,239.22,255.1,267.75,280.69,290.81,304.21,314.92,321.5,331.75,336.59,342.05,348.76,351.06,352.32,350.48,348.11,343.58,338.4,328.81,318.32,307.04,290.54,271.89,249.79,227.12,201.19,170.56,138.46,102.27,62.65,20.319,-25.833,-75.905,-128.73,-186.01,-248.34,-312.7,-381.44,-457.71,-532.29,-613.96,-704.12,-797.12,-892.69,-990.76,-1102,-1206.3,-1332,-1450.7,-1569.5,-1698.7,-1837.9,-1991.1,-2145.2,-2286,-2460.7,-2609.5,-2785.8,-2968.9,-3135.8,-3335.7,-3530.7,-3738.2,-3938,-4158.4,-4382.2,-4626.7,-4832.1,-5117.1,-5358.7,-5627.5,-5848,-6140.2,-6447.5,-6727.5,-6979.8,-7266.9,-7637.9,-7926.6,-8270.7,-8550.6,-8900.3,-9274.1,-9637.3,-9927.8,-10352
8.87e-07,6.35e-07,-4748.7,-4286.4,-3837.6,-3458.5,-3097.5,-2767.1,-2435.5,-2146.3,-1871.2,-1622.4,-1410.5,-1220.7,-1030.2,-852.79,-706.44,-570.22,-447.55,-338.18,-236.64,-150.06,-72.623,-4.3287,54.842,104.74,150.11,186.37,214.04,240.47,256.75,270.73,285.8,292.41,290.32,289.52,290.53,284.93,275.82,268.75,254.41,242.56,228.86,214.25,201.32,185.44,171.04,154.91,140.07,127.45,111.12,97.489,83.973,72.084,59.615,49.216,39.056,30.224,22.47,15.726,10.172,5.7205,2.5691,0.64223,-0,0.64497,2.5648,5.7714,10.165,16.116,23.046,31.253,40.468,51.097,63.532,76.548,89.356,105.17,121.85,139.56,156.8,177.1,197.25,214.77,236.47,258.17,284.38,304.84,327.53,354.84,379.14,405.15,429.4,456.24,481.28,501.15,530.89,551.9,576.45,599.06,620.22,653.83,675.42,702.78,712.18,735.38,756.66,782.11,799.91,817.37,824.38,843.99,858.03,875.1,879.51,897.44,905.61,908.4,914.36,908.21,924.07,919.28,914.59,910.83,891.04,881.74,877.67,857.24,847.27,830.69,808.25,782.82,753.26,710.3,679.15,649.45,597.66,563.31,509.42,457.63,407.3,347.79,288.09,223.41,154.67,81.326,5.4058,-75.589,-160.62,-247.82,-343.06,-436.28,-539.45,-649.15,-750.79,-864.2,-990.73,-1107.5,-1255,-1364.5,-1528.8,-1667.4,-1803.7,-1961.4,-2120.5,-2261,-2447.4,-2615.5,-2792.4,-2957.3,-3197.1,-3347.7,-3546.7
7.87e-07,6.34e-07,-2509.6,-2181.8,-1871.7,-1592.8,-1341,-1102.7,-896.53,-706.93,-536.29,-384.87,-247.69,-125.58,-18.551,76.158,158.15,230.74,291.06,344.61,386.62,421.18,449.44,474.25,489.64,499.9,502.44,504.15,503.15,495.86,490.09,476.49,462.13,446.79,428.49,410.19,390.25,369.43,350.25,327.51,304.64,284.3,262.48,239.9,219.78,198.88,179.04,160.21,142.21,124.83,109.33,93.874,79.815,66.841,54.831,44.074,34.852,26.487,19.193,13.236,8.393,4.6552,2.0433,0.50004,-0,0.50067,1.9563,4.2955,7.511,11.53,16.201,21.592,27.568,34.126,41.139,48.354,56.245,63.808,71.935,79.944,87.823,96.447,103.87,111.17,117.73,124.84,131.05,136.03,140.12,143.9,146.14,148.1,148.24,147.06,144.78,141.21,135.33,128.6,119.44,108.55,95.49,80.813,63.263,43.715,21.516,-3.0801,-30.357,-60.543,-93.487,-129.4,-168.47,-210.62,-255.39,-304.29,-356.97,-411.51,-473.72,-534.82,-605.96,-673.5,-750.38,-830.83,-915.7,-1006.2,-1099.8,-1196.8,-1299.5,-1404.8,-1517.3,-1628.5,-1752,-1879.7,-2018.4,-2150.7,-2295.2,-2454.9,-2597.4,-2763.5,-2930.1,-3098.1,-3268,-3460.8,-3656.6,-3856.9,-4037.7,-4268.1,-4482.8,-4693.6,-4941.5,-5171.5,-5391.9,-5642.4,-5905.1,-6192.3,-6439.9,-6707.7,-7024.4,-7308.2,-7623.6,-7937.6,-8218.4,-8553.5,-8916.1,-9190.7,-9594.1,-9885.4,-10298,-10663,-10988,-11445,-11801,-12218,-12594
8.24e-07,7.07e-07,15.635,295.63,542.1,759.08,965.29,1144.4,1274.4,1405.1,1546.6,1636.6,1697.8,1777.2,1797,1834,1872.1,1898.9,1904.1,1880.2,1837.1,1865.4,1822.6,1758.6,1757.1,1709.3,1672.5,1595.5,1544.9,1482.6,1448.2,1359,1290.1,1249.6,1166.3,1105.4,1035.2,988.05,920.66,870.2,789.94,742.01,681.55,632.39,570.43,513.87,462.96,413.53,375.13,327.56,287.48,249.87,207.17,177.8,145.72,117.2,92.908,71.117,52.231,36.911,23.203,13.126,5.7976,1.428,-0,1.4624,5.7094,12.874,23.109,35.921,50.494,69.63,88.966,112.67,137.55,165.93,200.56,233.46,270.45,301.8,345.17,380.1,426.24,480.75,521.89,572.1,625.79,678.94,732.98,775.75,844.13,904.05,951.98,1034.5,1087.3,1134.8,1192.8,1264.5,1341.3,1380.2,1473.6,1516.9,1611.5,1651.3,1738.4,1767.7,1837.7,1929.6,2005.4,2048.8,2141.7,2175.4,2269.9,2305.9,2375.2,2418.2,2476.5,2528.6,2571.9,2690.5,2691.6,2733.1,2786.2,2869.4,2916.1,2924.9,2959.8,3039.3,3060.2,3114.8,3108.3,3164.9,3254.3,3277.7,3295.4,3236,3330.1,3289.1,3324.2,3337,3371.6,3352.9,3326.1,3289.7,3281.6,3306.5,3273.9,3300.5,3259.7,3196.6,3178.4,3170.1,3056.8,3077.1,3022.7,2926.3,2899.7,2859.3,2756.3,2702.9,2635.8,2492.7,2442.5,2374,2251.5,2151.7,2007.6,1939.6,1769.8,1679.4,1530.8,1402.4,1272.7
8.75e-07,6.78e-07,-2492.1,-2084.8,-1741.7,-1420.5,-1132.8,-850.73,-606.88,-387.2,-189.59,-15.256,141.74,280.94,400.27,510.74,609.73,679.87,744.07,813.82,859.78,874.38,930.16,936.94,949.97,938.87,937.62,936.97,920.03,899.76,880.81,883.51,830.9,802.58,770.88,738.71,706.22,679.77,642.33,606.7,568.72,523.3,493.3,456.7,412.09,371.19,337.95,309.17,279.85,247.62,213.13,186.89,157.65,132.66,110.92,92.036,71.237,56.05,40.327,28.581,18.103,10.241,4.56,1.1634,-0,1.151,4.5403,10.199,18.006,28.458,40.392,56.387,72.874,92.478,113.71,138.17,163.58,191.17,215.23,252.12,282.64,316.84,353.31,388.46,435.44,470.2,508.72,560.35,600.28,653.51,711.63,741.69,797.7,858.77,903.53,961.14,1027.2,1087.3,1137.4,1176,1222.3,1283.1,1353.5,1422.4,1474.1,1520.6,1598.3,1625.4,1678.2,1776.5,1843.7,1844.2,1925.2,1976.7,2034.8,2111.4,2116.7,2192.2,2264.3,2293,2361.8,2415.3,2485.4,2510.6,2532.5,2610.4,2641.4,2649.5,2725.3,2702,2812.1,2802.4,2786.6,2809.4,2892.7,2863.7,2873.1,2912.2,2982.7,2987.7,2964,3004.5,3000.2,2968,2942.4,2949.1,2995.9,2975.1,2926.6,2884.9,2927.2,2890.3,2851.3,2807.4,2805.1,2733.2,2642.6,2656.7,2550.8,2537.2,2427.8,2383.7,2342.5,2230.1,2122.8,2040,1989.4,1868.6,1803.1,1683.3,1555.9,1462,1355.4
9.06e-07,6.75e-07,-3664.4,-3179.8,-2829.3,-2468.1,-2116.9,-1757.9,-1483.9,-1212.7,-972.91,-773.51,-572.97,-385.01,-231.61,-86.398,39.765,150.73,248.41,339.32,411.44,469.22,531.14,574.99,604.72,634.27,651.34,659.85,672.87,680.01,672.8,671.7,648.07,637.47,621.88,601.27,571.61,551.64,532.12,498.43,468.48,439.77,410.02,380.41,354.79,326.99,294.01,270.43,240.53,215.37,188.35,162.51,143.29,119.84,99.333,81.097,65.398,50.686,37.245,26.115,16.513,9.4383,4.1599,1.0414,-0,1.0665,4.195,9.6503,17.127,26.451,37.96,51.71,67.713,86.311,107.06,128.86,151.16,177.73,208.64,234.4,268.17,304.19,337.11,374.3,416.77,448.36,489.56,537.53,583.49,626.92,669.82,719.08,773.76,826.36,873.94,925.42,1002.7,1040.3,1097.4,1162.9,1233.6,1285.3,1342.7,1389.3,1474.4,1528.5,1590,1622.4,1683.9,1736.8,1820.2,1863.9,1958.7,1988.8,2063.8,2133,2201.9,2248.8,2271.8,2332.4,2436.9,2443.3,2493.8,2556.5,2657.3,2688.2,2713.5,2809.9,2795,2852.4,2887.1,2927.8,3006.9,3020.4,3061.9,3079.8,3125.1,3150.1,3227,3272.1,3240,3317.4,3294.7,3326.8,3327.8,3365.5,3390.8,3363.9,3387.9,3373.5,3329.7,3352.7,3384,3354.3,3291,3277.2,3305.8,3206.5,3231.1,3147.6,3159.5,3089.5,3094,3053.5,2986.3,2930.3,2863.5,2774.9,2679.6,2642.1,2542.6,2494.1,2387.6
9.35e-07,7.05e-07,-3845.2,-3393.3,-2934.1,-2546.8,-2199.3,-1850.2,-1530.9,-1258.5,-1011.3,-777.57,-568,-377.33,-208.19,-56.727,77.746,197.85,301.11,394.37,472.59,535.92,599.15,640.7,675.25,710.77,726.19,741.38,747.81,747.7,747.5,744.79,723.46,707.77,687.46,667.54,650,614.82,587.75,558.46,530.4,500.4,461.11,434.35,397.4,364.26,334.88,301.68,270.47,243.57,214.01,186.73,161.01,135.51,114.21,93.429,74.365,57.238,42.319,29.823,19.207,10.739,4.8661,1.2133,-0,1.2087,4.8789,11.11,19.585,30.675,44.377,60.891,78.965,100.5,123.6,151.18,180.53,210.47,243.77,281.96,320.6,358.89,402.23,445.01,497.44,543.63,598.72,649.4,706.37,771.13,825.79,883.28,945.36,1023.7,1081.1,1146.8,1229.8,1293.7,1361.9,1455.9,1532.5,1601,1674,1761.9,1833.1,1917.3,2003.9,2086.6,2167.6,2253.1,2340.6,2422.7,2511.4,2624.6,2719.9,2798.8,2873.9,2968.9,3057.3,3159.6,3261.4,3330.9,3405.7,3505.6,3597.5,3704.6,3770.5,3909,3950.3,4072.4,4141.4,4207.1,4301.2,4419.6,4461.9,4548.3,4630.3,4732,4781.3,4911.9,4952.2,5041,5103,5148.9,5240.1,5357.9,5390.9,5434.3,5560.4,5609,5625.2,5683.5,5727.3,5803.1,5894.3,5883.2,5971.1,5987.1,6053.6,6043.7,6061.8,6095.4,6164.9,6204.3,6210.1,6187.5,6248.7,6216.2,6249.9,6258.3,6286.5,6334,6308.7
9.05e-07,6.82e-07,-3374.2,-2932.4,-2529.8,-2167,-1862.4,-1531.1,-1271.2,-992.51,-763.11,-563.79,-375.07,-201.88,-48.463,87.363,206.95,310.3,401.49,483.13,552.85,602.4,654.21,684.39,723.65,733.11,749.49,760.92,766.37,754.53,743.56,739.19,720.66,705.14,688.73,665.02,627.24,607.54,574.91,542,516.47,475.78,443.43,417.37,379.87,347.91,315.18,288.7,260.96,227.64,199.93,176.94,151.87,129.84,108.18,86.223,68.779,53.43,39.101,27.558,17.648,10.106,4.4921,1.1146,-0,1.1227,4.5163,10.255,17.911,28.453,40.98,54.702,72.276,92.005,111.93,137.76,160.91,188.03,221.41,252.03,284.6,322.38,361.06,401.88,444.82,482.7,526.82,576.52,625.78,673.91,721.77,771.89,835.47,876.72,934.49,1003.4,1045.6,1109.7,1165.1,1257,1296.4,1367.9,1444.7,1489,1557,1632.5,1699.4,1778.3,1806.8,1887.4,1973.1,2008.7,2103,2151,2247.1,2320.7,2342.7,2393.6,2466.5,2581.2,2648.7,2685.4,2758.1,2823.1,2829.2,2942.5,2970.5,3022.5,3109.8,3130.9,3237,3245.1,3288.7,3322.5,3415.1,3429.4,3431.7,3555,3516.1,3630.6,3596.9,3697.7,3676.2,3758.6,3730.4,3782.9,3747.1,3772.8,3782.3,3847.6,3853.3,3860.4,3865.2,3798.5,3827.3,3810,3792.8,3839.4,3748.5,3740.3,3742.8,3745,3678.9,3608.6,3624,3564.1,3500.8,3417.1,3414.7,3331.6,3266.4,3177.8,3163.9
8.47e-07,6.55e-07,-2609.8,-2219.4,-1850.2,-1556.1,-1260.6,-1005.7,-769.47,-571.19,-373.88,-203.01,-51.318,85.108,203.67,313.81,403.17,478.79,546.56,606.05,661.58,685.87,718.43,736.3,770.37,771.77,776.61,775.81,755.38,754.29,742.35,716.41,696.92,661.9,648.1,618.04,594.56,553.36,537.35,496.13,464,439.05,405.93,371.39,337.45,307.62,280.66,257.02,229.98,199.84,177.26,153.87,130.91,111.47,92.056,74.707,59.008,44.561,32.695,23.309,14.639,8.2338,3.7075,0.91992,-0,0.92705,3.6185,8.1538,14.59,22.413,31.999,43.738,56.66,70.966,86.729,105.95,125.76,146.45,169.65,188.87,211.61,243.73,264.43,294.76,321.57,353.39,378.79,408.45,447.4,477.36,510.2,536.83,582.8,606.71,651.81,687.87,712.98,753.9,773.03,811.28,844.1,877.97,914.01,940.99,962.89,1005.5,1034.5,1056.6,1084.2,1127.2,1150.9,1168.8,1187.4,1203.5,1220.6,1250,1270.5,1260.9,1287,1300.9,1286.4,1286.4,1327.7,1296.7,1305.4,1293.4,1306.4,1296.1,1281.5,1263,1234.8,1231.7,1185.1,1176.1,1133.3,1091.5,1067,1022.2,964.12,910.75,862.14,807.94,741.51,678.76,604.59,543.76,464.28,369.81,284.23,193.21,99.412,-1.7876,-107.46,-219.26,-335.35,-461.48,-576.41,-706.89,-851.15,-1003.4,-1138.8,-1271.8,-1445.9,-1625.4,-1791.5,-1976.3,-2149.7,-2320.9,-2492.7,-2737,-2880.8,-3156.7,-3371.1
8.37e-07,6.71e-07,-1623.1,-1249.5,-963.26,-694.99,-442.62,-215.4,-17.211,164.98,329.68,477.24,581.98,690.33,790.88,864.68,941.32,998.72,1059.1,1076,1079,1098.3,1094.7,1127,1122.3,1098.5,1098.3,1073.6,1039,1027.9,991.36,951.81,910.7,854.89,827.38,807.27,739.88,718.04,678.01,612.36,575.28,549.77,509.58,455.26,422.76,382.57,348.39,310.54,271.91,239.04,214.51,180.9,160.06,135.01,108.31,88.58,72.149,54.67,40.603,27.574,17.928,9.8715,4.4394,1.1014,-0,1.1139,4.4415,9.9002,17.139,27.335,38.975,51.331,69.255,85.816,104.21,126.43,148.63,176.11,196.94,232.5,254.85,284.35,316.97,361.01,390.51,425.16,459.99,488.87,550.79,581.39,627.61,666.72,719.93,755.87,769.65,816.97,862.41,929.79,946.46,1005.4,1034.2,1085.7,1124.8,1201.4,1233.5,1237.1,1326.5,1319.7,1373.7,1441.2,1469.4,1514.7,1496.6,1525,1605.1,1612.7,1641.8,1689.1,1668,1717.2,1782.8,1755.7,1808.3,1843.7,1847.6,1843.7,1879,1841.7,1826.7,1797.7,1806.1,1789.2,1864.5,1821.7,1769.7,1756.1,1769.3,1753.4,1663.2,1673.1,1619.7,1569.9,1563.2,1481.2,1468.7,1422.9,1298.9,1272.2,1212.8,1103,1055.1,941.63,894,792.78,686.71,575.53,481.16,368.26,243.51,123.57,-6.1381,-142.13,-275.13,-428.52,-565.71,-714.64,-880.49,-1046.8,-1212.4,-1425.1,-1611.3,-1755.5,-1999.6
8.39e-07,6.6e-07,-2122.1,-1799,-1444.7,-1172.3,-896.21,-655.67,-437.35,-244.47,-69.055,88.178,230.6,347.33,453.86,557.56,624.95,690.33,753.73,794.91,826.75,862.92,876.46,889.89,905.94,891.74,905.25,898.6,872.8,846.79,821.02,808.76,783.33,759.78,727.5,693.35,643.66,609.38,585.6,538.24,511.6,470.59,434.95,400.27,370.6,335.18,303.17,270.48,240.85,214.85,186.44,163.64,139.17,118.75,97.732,79.766,63.006,48.322,35.141,24.673,15.873,8.7405,3.9507,0.97041,-0,0.96973,3.8473,8.6739,15.601,23.918,34.5,45.994,60.138,75.753,91.559,111.78,130,151.76,178.87,203.34,226.54,256.17,281.18,311.49,342.99,368.78,406.61,442.48,466.28,503.79,546.24,570.9,613.25,646.83,687.78,714.1,743.21,798.99,832.09,871.3,883.39,925.7,951.79,998.25,1021.6,1047.1,1103.6,1133.5,1167.3,1165.4,1190.2,1220.6,1273.7,1288.5,1280.7,1315.5,1328.3,1349.9,1380,1358.7,1362.4,1373.6,1407.6,1393.4,1412.9,1408,1391.8,1375.8,1370.9,1336.9,1324.2,1313.2,1270.4,1251.5,1224.5,1192.4,1140.4,1112.8,1062.7,1026.6,977.25,918.59,848.1,794.9,706.57,635.41,559.13,482.95,385.05,301.61,203.93,99.432,-6.8038,-118.63,-237.87,-355.04,-487.52,-624.74,-760.35,-904.51,-1036.8,-1212.8,-1362.5,-1502.6,-1688.8,-1893.9,-2035.6,-2255.3,-2438.6,-2597.8,-2876.5,-3073.1,-3306.6
8.11e-07,6.28e-07,-3227.6,-2846.7,-2510.7,-2194.3,-1912.7,-1642.2,-1399.4,-1189.1,-987.4,-807.21,-647.7,-499.7,-367.52,-251.66,-147.94,-55.671,24.705,94.436,155.24,207.29,252.13,287.39,316.46,341.2,358.18,373.42,379.03,383.9,385.72,382.27,378.15,371.56,361.36,348.87,334.53,320.48,304.13,287.59,271.44,252.81,235.48,216.84,200.58,182.22,165.09,148.45,132.43,117.29,102.02,88.382,75.615,63.407,52.189,42.457,33.532,25.547,18.652,12.89,8.167,4.5727,2.0163,0.49598,-0,0.49653,1.9569,4.326,7.5554,11.727,16.612,22.204,28.566,35.558,42.923,50.961,59.074,68.154,76.898,86.306,95.425,105.58,114.47,123.84,133.46,142.47,150.39,158.96,165.5,172.82,179.1,184.18,188.35,193.04,194.72,195.68,195.92,194.63,191.83,187.09,180.51,172.34,163.05,151.9,137.39,121.18,103.75,82.943,59.476,33.906,5.7237,-25.367,-59.26,-95.96,-136.22,-179.21,-225.51,-274.56,-328.16,-384.12,-446.65,-508.05,-576.86,-649.77,-721.65,-803.09,-887.98,-975.53,-1066.2,-1164.8,-1270.1,-1370.2,-1479.9,-1601.4,-1723.7,-1842.3,-1981.9,-2120.6,-2249,-2412.5,-2568.1,-2719.4,-2887.7,-3039,-3230.9,-3404.6,-3589.4,-3785.6,-3989,-4200.8,-4396.2,-4626.4,-4851.6,-5050.8,-5310.5,-5549.9,-5782,-6028.4,-6333.5,-6600.7,-6861.3,-7164.5,-7421,-7756,-8056.6,-8355.5,-8648.3,-9025.7,-9315.5,-9725.4,-9992.2,-10344,-10741
8.52e-07,6.44e-07,-3291.3,-2859.9,-2483,-2136.6,-1862.7,-1574.2,-1325.4,-1076.2,-868.21,-681.8,-501.23,-347.44,-206.39,-84.137,26.308,121.83,206.48,279.28,346.44,394.67,443.03,476.15,503.44,527.82,540.1,549.5,554.07,553.54,554.69,544.98,541.22,528.05,510.63,494.77,472.83,448.35,431.61,402.26,379.91,356.39,328.94,307.72,284.91,259.95,234.95,214.15,191.68,168.58,147.31,127.53,110.92,93.184,77.855,62.658,50.242,38.467,28.09,19.709,12.41,7.0453,3.1079,0.77642,-0,0.78393,3.1062,6.8891,12.325,19.101,27.301,37.109,48.823,60.345,75.129,90.129,104.79,123.2,140.92,161.38,181.89,201.4,227.37,247.85,272.99,296.69,319.58,347.99,372.82,403.2,427.78,447.8,481.7,503.77,538.29,558.47,580.9,609.75,639.81,663.05,695.54,718.87,728.54,752.47,775.51,809.5,813.54,833.95,847.57,877.47,879.25,891.51,907.52,929.87,929.93,944.55,945.25,952.84,935.98,932.01,926.68,920.75,922.44,908.15,899.46,867.25,855.73,833.2,798.52,776.2,748.14,713.28,668.63,621.65,575.84,528.97,477.26,427.13,360.58,297.73,230.5,154.23,79.468,-2.0109,-86.882,-177.57,-271.09,-372.21,-473.54,-577.73,-700.74,-806.45,-929.38,-1056.4,-1184.8,-1346.4,-1471,-1624.8,-1795.3,-1915.8,-2114,-2248.4,-2449.4,-2604.2,-2820.8,-2973.5,-3189.5,-3419,-3614.8,-3801.5,-4024.8,-4265.3,-4505
8.52e-07,6.33e-07,-3841,-3419.6,-3024.6,-2671.3,-2354.4,-2047.4,-1783.4,-1539.2,-1302.7,-1100.4,-914.16,-733.79,-585.64,-445.16,-320.72,-208.77,-111.11,-24.122,52.38,117.69,174.6,224.97,264.96,301.35,328.29,347.99,362.11,373.22,385.64,386.8,384.56,381.26,371.95,367.28,354.69,341.15,329.15,313.55,296.85,277.92,261.46,240.02,224.25,204.19,187.39,168.92,151.47,135.91,119.18,104.01,88.71,75.233,62.093,50.699,40.457,31.173,22.896,15.904,10.182,5.7177,2.5197,0.63244,-0,0.62988,2.5034,5.6123,9.8963,15.498,22.118,29.902,39.097,48.433,59.676,71.996,84.943,98.486,112.93,128.24,143.29,159.67,176.65,195.26,213.87,232.06,252.17,268.99,287.58,309.28,326.36,346.28,365.49,385.87,403.98,419.83,433.55,453.6,469.41,486.12,497.46,515.01,529.28,534.76,544.26,556.52,563.33,571.73,578.78,575.82,576.4,580.24,581.39,572.06,566.64,563.43,547.47,535.1,523.27,506.4,479.86,461.95,436.59,406.9,371.21,337.31,299.14,260.43,215.96,167.41,117.91,62.425,4.6121,-56.863,-122.65,-191.56,-266.82,-343.8,-421.92,-513,-595.48,-693.58,-794.58,-890.34,-1001.2,-1115.1,-1239.8,-1348.3,-1492.1,-1600.5,-1756.1,-1886.4,-2033.4,-2192.3,-2355.8,-2523.2,-2695.8,-2838.7,-3011.4,-3230.9,-3421.3,-3595.5,-3790.9,-3985.7,-4220.3,-4410.9,-4706.6,-4894.5,-5149.8,-5366.3,-5664.2,-5931.6,-6169.7
9.13e-07,6.39e-07,-5478.5,-4921.9,-4434,-4029.2,-3635,-3270.9,-2926,-2597.1,-2292.6,-2035.1,-1791,-1568.7,-1351,-1154.6,-986.8,-833.72,-696.12,-562.72,-447.23,-346.41,-256.39,-174.02,-99.989,-37.463,17.386,64.908,105.17,140.24,168.92,191.4,209.16,220.27,233.12,237.42,241.3,241.82,236.76,234.18,227.45,217.49,205.79,196.98,184.03,171.8,160.43,145.81,132.31,118.55,105.99,92.881,80.73,68.906,58.247,48.243,38.448,29.817,22.089,15.61,10.002,5.6709,2.5544,0.64167,-0,0.63614,2.5622,5.883,10.508,16.318,23.579,32.219,42.313,52.866,65.998,79.338,93.569,110.8,127.77,145.29,164.55,187.48,206.67,230.06,251.48,277.84,300.55,328.61,354.65,381.49,410.68,438.84,470.1,499.3,528.8,560.09,584.5,615.31,655.16,682.77,717.67,737.68,777.79,807.67,829.07,869.2,897.68,915.73,958.31,971.12,1006.3,1024.5,1060.7,1086.1,1094.9,1128.3,1150.6,1173.2,1194.6,1202.7,1210.3,1231.2,1253.4,1245.8,1271.1,1280.2,1266.3,1278.9,1282.3,1281.8,1279.2,1265.3,1264.7,1262.4,1234.6,1213.4,1197.7,1175.1,1163.1,1144.9,1115.5,1065,1032.8,1004.7,952.57,911.68,869.92,816.35,763.02,696.83,636.95,576.95,505.49,432.64,350.63,269.13,186.28,96.133,3.341,-94.955,-196.69,-302.78,-414.2,-524.09,-648.94,-769.94,-890.57,-1027,-1172.2,-1300.9,-1456.9,-1596.9,-1775.9
9.09e-07,6.44e-07,-5042.4,-4573.3,-4097.2,-3709.5,-3325.3,-2922.9,-2595.3,-2301.4,-2020.2,-1755.1,-1525.5,-1310,-1126.7,-936.83,-775.54,-630.68,-507.56,-385.53,-279.15,-183.93,-99.903,-26.652,38.128,93.931,142.03,180.3,214.9,240.61,262.51,283.17,292.52,301.95,305.35,304.32,302.73,300.88,291.44,280.66,271.79,257.89,243.61,231.26,214.51,200.35,183.42,168.16,152.21,136.5,122.01,107.04,92.38,79.076,65.132,53.812,43.181,33.43,24.636,17.176,11.23,6.3477,2.85,0.70596,-0,0.70669,2.8404,6.4021,11.573,18.034,26.241,35.629,46.181,58.674,72.098,87.74,104.26,121.69,140.81,161.25,180.97,206.29,229.53,254.39,280.56,307.63,336.04,364.91,392.78,421.47,453.71,483.43,513.53,555.25,578.62,622.62,654.13,684.22,712.71,749.43,787.88,816.33,859.27,896.23,932.32,953.26,991.26,1020.2,1063.2,1102.7,1132.4,1165.9,1181.8,1217.8,1233.5,1274.5,1303.3,1325.4,1331.9,1371.3,1386.5,1413.7,1434.9,1451.8,1461.4,1453.5,1469.3,1477.5,1495.1,1508.4,1515.9,1512.5,1504.6,1502.4,1489.1,1493,1459.5,1463.3,1432.6,1426.4,1402.2,1377.1,1325,1296.2,1279.3,1226.5,1200.1,1146.8,1101.4,1042.3,983.32,925.24,863.57,805.62,729.64,653.87,577.18,496.19,407.18,314.72,224.53,122.96,20.317,-87.433,-199.66,-316.88,-438.29,-560.96,-696.67,-827.03,-961.09,-1121.2,-1259.9
