8.34e-07,6.37e-07,609.01,575.49,535.66,462.01,414.76,393.41,368.67,328.37,318.2,255.15,224.82,230.66,160.24,171.82,146.18,138.97,94.036,85.395,63.142,71.162,48.258,21.586,11.671,29.486,-15.041,-18.179,-24.894,9.2004,1.7625,-14.65,-34.448,12.614,15.52,20.488,-6.4717,24.882,32.287,42.547,27.793,70.238,51.282,94.131,99.717,105.06,131.33,120.52,119.33,139.97,169.47,175.36,214.48,226.99,258.86,270.51,282.06,308.74,350.14,377.22,390.08,390.34,400.46,440.3,473,497.8,492.25,553,581.04,569.35,590.31,610.52,637.17,686.32,719.58,707.23,748.8,778.83,780.11,788.96,836.73,861.01,900.73,909.53,921.08,917.01,950.09,996.33,977.53,985.36,1029.9,1023.4,1053.6,1094.5,1106.2,1081.5,1114,1122,1133.6,1162.9,1139.4,1150.4,1182.8,1181.5,1164.1,1192.6,1182.7,1201.1,1193.6,1171.9,1206.6,1188,1161.9,1182.9,1172.1,1145.8,1138.1,1116.8,1097,1078.2,1072.4,1070.7,1065.2,1021.8,1022.2,994.7,928.99,932.69,884.66,874.87,850.42,779.17,759.93,707.74,682.88,617.32,592.31,544.12,465.31,413.13,367.22,330.77,274.93,185.34,134.27,51.742,12.96,-92.22,-137.29,-206.32,-284.86,-401.17,-471.18,-558.39,-658.32,-723.25,-797.74,-914.46,-994.78,-1099.7,-1219,-1324.9,-1447.2,-1575.9,-1653,-1781.6,-1903.3,-2047.8,-2152.5,-2305.1,-2418,-2562.5,-2730.7
9.3e-07,6.51e-07,-1799.1,-1702.2,-1687.5,-1622.6,-1584,-1509.7,-1488,-1431.6,-1382.4,-1323.6,-1295,-1252,-1220.1,-1183.8,-1139.1,-1060.1,-1056.9,-1008.5,-972.44,-917.55,-855.44,-851.82,-788.08,-771.99,-695.24,-677.71,-644.67,-598.73,-554.86,-535.3,-511.94,-451.93,-406.56,-395.65,-351.83,-295.4,-277.09,-239.38,-222.15,-153.28,-142.33,-122.17,-96.195,-64.809,-33.346,16.381,34.553,61.855,134.51,123.96,196.6,186.53,237.45,262.07,314.23,327.64,346.07,372.59,419.68,429.46,480.55,494.68,538.98,565.21,598.16,591.82,639.78,664.66,714.08,726.02,772.48,776.4,823.27,822.4,850.09,909.55,942.58,961.19,988.84,979.16,1045.8,1042,1062.8,1100.8,1132.6,1188.7,1214.8,1242.8,1241.3,1278.9,1308.5,1334.3,1363.8,1361,1388.8,1428.2,1489.7,1488,1502.5,1574.2,1593.3,1607.8,1632.9,1665.6,1683.4,1722.5,1777.1,1762.7,1801.3,1853.7,1857.3,1890.2,1923.6,1963.2,2018.5,2036.8,2067.5,2080.1,2126.6,2166.2,2190.5,2214,2232,2273.7,2317.5,2352,2381.9,2403.4,2459.2,2463.8,2518.4,2577.1,2592.2,2611,2692,2708.6,2744.2,2798.1,2842.3,2880.7,2875.9,2952,2967.5,3000.3,3074.7,3101.3,3148,3185.2,3215.3,3257.3,3310.4,3349.3,3388.2,3420.6,3474.4,3525,3596.1,3637.1,3677.3,3705.6,3759.5,3802.9,3855.2,3905.6,3965,4016.5,4054.5,4132.6,4190.8,4243.8,4262.3
9.39e-07,6.73e-07,-1303.2,-1269,-1228.6,-1197.5,-1153.1,-1123,-1070.1,-1041,-1023.7,-972.95,-953.58,-912.4,-887.7,-847.62,-835.5,-792.32,-740.81,-735.31,-725.17,-650.59,-633.78,-615.89,-599.13,-546.94,-524.83,-515.88,-483.38,-420.86,-396.05,-392.02,-332.03,-331.75,-285.62,-287.09,-258.29,-230.18,-202.32,-167.98,-147.9,-110.42,-68.164,-70.146,-14.163,-12.623,27.259,60.615,96.971,137.39,136.32,173.24,197.58,205.38,256.22,270.52,311.77,313.59,362.14,415.6,414.1,468.25,482.66,518.78,553.24,577.33,590.69,632.97,666.58,689.13,726.99,746.31,781.99,799.02,832.06,858.05,914.59,926.34,991.27,1002.7,1051,1049.9,1125.9,1137.5,1180.6,1225.7,1237.4,1271.8,1315.4,1351.2,1366.7,1414.4,1488.5,1491.3,1549.3,1564.1,1612.7,1671.2,1704,1765.4,1792,1837,1863.8,1934.8,1987.6,2023.6,2068.5,2126.9,2146.3,2195.2,2239.6,2295.5,2330.3,2413.7,2449.7,2524.5,2554.4,2618.1,2650.1,2732.9,2766.2,2834.9,2871.9,2938.8,3012.3,3078.9,3108.2,3166.3,3241.1,3318.8,3361.8,3415.9,3493.2,3592.5,3623.8,3732.6,3760.4,3829.2,3900,3967.5,4049.8,4134,4203.7,4299.3,4370,4458.7,4510.4,4621.3,4701.8,4773.7,4832.6,4946.3,5037.9,5088.8,5185.1,5303.4,5362.3,5472.9,5538.2,5666.8,5759.7,5820,5965.3,6041.3,6145.1,6264.7,6362.3,6451,6563.6,6676.2,6755.8,6852.4,6991.2
8.48e-07,6.37e-07,252.01,242.51,168.79,166.04,121.32,131.63,93.881,55.464,37.227,40.938,-5.8106,-24.393,-24.467,-43.141,-53.677,-64.787,-87.307,-79.016,-87.959,-105.72,-90.429,-104.65,-100.47,-106.75,-83.869,-102.09,-99.193,-100.16,-109.07,-95.127,-96.215,-64.328,-85.985,-75.367,-60.911,-25.869,-13.591,6.3629,5.1744,-9.1851,32.722,30.866,60.349,71.392,111.3,115.73,144.66,168.87,190.31,163.43,192.65,208.02,263.56,286.97,315.41,326.69,361.4,352.55,387.19,406.22,410.25,432.07,471.15,517.16,505.72,558.71,576.36,573.55,632.64,641.76,667.68,676.92,723.62,732.38,765.29,785,798.85,818.89,831.15,859.07,896.18,921.75,961.78,971.04,1007.5,1025.9,1005.8,1042.3,1036.9,1066,1080.3,1110,1147.2,1135.7,1154.5,1187.8,1170.2,1215.3,1206,1221.8,1239,1231.1,1231.8,1273.6,1267.9,1253.4,1283.5,1262.8,1269.1,1288.5,1303.5,1293.9,1266.4,1302.4,1281.1,1270.7,1257.9,1245.9,1243.4,1234.4,1237.5,1214.3,1217.9,1170.2,1194.2,1175.5,1119.7,1123.5,1067.4,1039.2,1042.1,994,991.7,949.96,932.87,888.37,858.3,802.87,758.21,748.05,687.59,624.58,594.42,550.46,486.94,445.72,381.77,344.63,253.82,180.52,130.48,56.355,-20.504,-59.778,-133.61,-208.29,-304.68,-343.13,-434.83,-528.04,-635.12,-715.17,-814.79,-889.42,-982.89,-1085.4,-1183.5,-1278.1,-1409.9,-1506.8,-1588.5
8.48e-07,6.8e-07,2078.6,1983.9,1911.7,1828,1753.9,1664.8,1571.2,1525.9,1420.5,1380.9,1277.7,1246.7,1158.2,1117.9,1024,984.1,938.06,877.67,851.17,782.23,732.8,671.86,652.62,637.73,570.91,548.87,496.82,493.19,439.03,426.61,402.2,388.69,371.38,344.6,316.39,282.99,279.51,299.06,257.44,278.27,252.88,246.51,229.46,249.56,256.93,239.1,232.23,236.92,243.41,280.62,254.4,303.21,297.05,328.61,298.81,339.45,360.64,346.73,412.39,421.44,439.46,439.85,459.09,526.95,505.72,573.18,604.93,611.27,624.2,694.45,704.64,709.89,781.45,809.61,824.83,884.03,931.94,954.19,971.07,1010.9,1082.9,1121.8,1117.9,1191.1,1224,1250.3,1285.3,1333,1372,1423.2,1495,1525.2,1587.9,1616.4,1685,1731,1750.9,1808.8,1834.5,1893.4,1955.6,1999.7,2017.4,2062.6,2112.9,2158.9,2207.5,2245.7,2328.2,2368.8,2398.8,2467.7,2500.8,2559.1,2591.4,2622.7,2668.1,2734,2768.4,2808.3,2864.8,2904.2,2924.7,3003.5,3051.7,3072.8,3122.3,3143.2,3211,3254.7,3288.5,3309.7,3369.3,3398.4,3399.9,3442.9,3503.4,3531.7,3580,3586,3640.4,3658.8,3685,3705,3724.1,3745.5,3805.2,3822.7,3857.1,3871.4,3902.5,3894.8,3938.3,3928.8,3961.8,3973.3,3988.3,3972.6,4005,4034.2,4048.9,4029.8,4046.8,4046.6,4025.4,4022,4069.1,4053.8,4025.1,4046.4,4015
8.18e-07,6.47e-07,1475.6,1409,1324.4,1244.5,1183.7,1119.7,1072.6,1017.4,955.6,851.02,810.77,776.29,740.01,656.86,623.34,576.22,540.93,498.65,444.99,450.56,408.67,384.84,339.98,317.45,294.63,258.8,232.18,260.05,233.06,222.38,193.81,204.55,155.81,158.43,163.16,147.6,127.11,153.85,164.82,136.61,131.78,130.08,168.71,164.97,150.92,184.2,192.48,217.41,208.93,214.45,245.02,270.47,255.25,267.18,298.26,292.36,312.57,343.16,352.45,406.42,417.6,437.73,470.44,487.04,520.21,530.07,538.81,581,615.86,603.67,630.04,669.61,685.77,703.25,736.54,762.26,786.12,803.63,846,886.25,912.23,896.89,921.59,943.15,987.13,1004.3,1048.7,1065.5,1086.7,1102.7,1125,1124.2,1130.6,1179.2,1164.7,1198.8,1202.7,1214.7,1245,1249.6,1239.3,1254.3,1272.3,1304.8,1313.3,1304.4,1333.7,1292.3,1328.8,1332,1315.8,1327.8,1317,1284.3,1311.8,1271.6,1267.1,1275.8,1242.6,1241.9,1248.2,1198.2,1213.3,1171,1131.3,1112.9,1089.4,1066,1044.5,1010.4,983.97,929.42,911.92,843.46,820.49,745.74,712.93,678.86,601.23,525.63,465.28,428.23,343.72,298.51,212.12,156.29,86.374,20.534,-92.859,-168.76,-269.41,-366.12,-426.58,-541.55,-623.46,-705.96,-857.86,-963.72,-1038.7,-1185.7,-1303.7,-1422.1,-1529.9,-1657.4,-1810.4,-1929,-2063.6,-2219.3,-2368.6,-2513.3,-2634.4
9.3e-07,6.85e-07,-595.93,-573.02,-557.72,-561.36,-527.74,-521.37,-515.51,-481.01,-475.32,-472.93,-441.18,-445.13,-430.98,-405.57,-428.35,-371.8,-367.67,-380.37,-368.01,-316.01,-339.2,-304.16,-280.63,-297.65,-266.77,-273.93,-231.54,-245.56,-224.67,-183.73,-188.93,-178.47,-126.74,-111.97,-80.985,-83.79,-78.184,-71.774,-34.075,-35.188,2.1677,20.722,59.743,84.929,74.169,105.6,107.91,164.52,175.75,208.01,209.82,235.61,247.85,268.31,323.86,329.82,369.25,377.2,428.21,454.95,467.38,509.58,522.29,571.7,579.73,639.06,652.42,705.07,692.98,732.32,754.78,787.49,819.43,893.26,896.99,924.14,977.08,1002,1081,1085,1119,1148.7,1193,1237.1,1269.9,1337.6,1375.6,1410.9,1444.1,1499.4,1537.4,1610.7,1645.1,1712.2,1730.4,1768.2,1835.8,1887.9,1927.6,1982.9,2042.2,2115.3,2138.6,2204.5,2253.3,2318.1,2357.1,2442,2510,2537.6,2611.6,2666.8,2726.7,2786.2,2840.8,2910.3,2968.6,3032.9,3129.6,3190.5,3265.2,3306.9,3373.5,3451.9,3543.6,3632.4,3683.7,3766.6,3821.2,3913.5,4014.2,4081.6,4148,4212.5,4294.9,4405.2,4493.2,4557.8,4671.6,4730.5,4850.6,4897.3,5000.5,5084.8,5206.5,5308.5,5402.9,5461.8,5579.3,5689.9,5771.6,5895.9,5949.8,6063.3,6164.3,6260.1,6384,6480.9,6604,6725.5,6836.1,6952.6,7039.6,7158.3,7289.9,7403.7,7521.1,7622.9,7757.8,7866.9,7992.9
8.24e-07,6.89e-07,3063.8,2927.4,2802.6,2667.1,2559.3,2442.2,2330.1,2249.2,2137.7,2057.7,1914.8,1868.2,1776.2,1645.6,1561.9,1517,1400.5,1367.7,1295.1,1202.9,1119.8,1079.3,1025.5,980.42,920.01,831.25,791.11,747.06,724.87,682.45,626.65,603.61,527.75,496.36,468.36,435.62,437.87,433.55,404.39,357.64,340.05,326.34,346.25,291.56,299.5,324.03,313.42,289.45,297.57,279.69,304.77,322.09,288.55,320.99,302.71,331.41,360.29,368.33,397.72,422.94,433.53,431.21,442.24,500.27,513.14,556.99,584.09,577.46,627.63,644.64,658.86,700.69,732.72,773.21,845.87,849.28,896.27,938.01,974.18,1015.8,1068.7,1085,1129.1,1201.8,1211.8,1243.9,1297.1,1339.3,1402.9,1440.3,1481.8,1526.9,1609.6,1634.4,1688.4,1731.1,1786.7,1831.3,1895.4,1950.8,1968.6,2029.2,2058,2125.7,2175.9,2197.5,2252.3,2306.8,2358.7,2384.7,2443.2,2505.3,2525.2,2585.5,2636.6,2698.9,2740.4,2747.6,2828.6,2880,2906.2,2936.4,2982.2,3018.9,3051.8,3107.4,3109.6,3163.5,3198.3,3236.3,3287.8,3322.6,3350.9,3347.3,3378.7,3396.5,3429.8,3457.9,3490.4,3530.3,3545.2,3583.9,3588.9,3572.8,3602.3,3614.7,3649.9,3644.4,3677.8,3670.5,3665.6,3647.1,3677,3675.4,3659.4,3645.6,3647,3644.1,3645,3614.8,3601,3587.6,3601.6,3542.8,3532.2,3538.2,3475.4,3447.7,3452.2,3417.1,3385
9.06e-07,6.65e-07,-368.98,-345.47,-366.56,-369.69,-351.41,-380.21,-339.11,-338.76,-370.01,-361.7,-359.57,-331.55,-325.33,-306.08,-300.33,-285.81,-311.97,-295.01,-280.59,-280.14,-281.57,-244.53,-266.88,-228.03,-246.85,-217.32,-195.58,-195.84,-158.27,-149.29,-164.28,-130.51,-104.62,-132.46,-103.05,-99.772,-56.142,-37.406,-8.6893,-25.631,25.576,53.083,47.232,48.102,93.304,116.9,107.51,136.32,165.65,183.64,236.56,259.81,254.79,289.44,308.31,345.61,372.21,359.23,429.16,439.16,454.61,499.08,511.22,524,568.69,597.93,647.59,662.05,687.48,729.67,753.32,793.63,814.63,852.57,885.66,879.25,941.17,961.01,989.3,1048.1,1070.9,1104.7,1108,1177.5,1210.3,1217.9,1288.6,1287.1,1364.4,1357.8,1438.5,1438.9,1474.8,1523.4,1548.7,1582.1,1641.6,1673.8,1742.6,1779,1797.4,1846.9,1859.7,1917.6,1944.3,2017.6,2041.9,2100.5,2118.2,2145.1,2214.1,2273.1,2317,2347.3,2401.4,2446.6,2454.5,2495.5,2551,2615.1,2664.5,2671.8,2716.3,2790.5,2819.5,2871.9,2938.7,2973.2,3023,3076.1,3093.5,3146.1,3191.7,3239.1,3288.2,3344,3422.8,3473.7,3500.6,3532.8,3594.5,3625.9,3699.9,3749.3,3804.3,3824.4,3913.4,3944.6,4008.6,4040.1,4106.7,4135.3,4192.1,4275.3,4312.4,4349.1,4388,4456.6,4493.8,4589.1,4641.7,4685.6,4746.8,4778.3,4856.3,4879.4,4925.2,5003.2,5041.5,5086.9,5131.3
8.28e-07,6.29e-07,309.97,284.78,248.94,187.28,201.78,144.24,118.08,111.21,54.62,31.067,14.2,3.7597,-31.848,-36.562,-64.322,-71.171,-74.628,-73.441,-75.898,-77.859,-108.64,-94.599,-93.403,-134.54,-121.85,-138.51,-113.5,-97.766,-107.52,-120.37,-88.723,-106.63,-96.751,-48.905,-36.975,-63.828,-22.348,-6.4956,-4.6687,22.098,31.116,15.9,49.6,56.77,95.685,102.53,103.96,121.17,160.95,186.33,175.43,233.37,233.17,248.2,262.78,294.8,305.69,333.76,357.47,398.93,429.94,432.38,455.71,479.94,525.54,552.15,544.31,572.55,593.61,622.07,653.45,659.33,660.79,702.4,743.31,744.52,782.89,760.69,788.62,797,807.48,821.27,863.05,883.81,863.36,920.07,929.77,938.85,932.79,956.4,974.04,954.9,966.49,982.09,993.21,972.84,986.54,962.4,965.99,965.97,987.56,950.03,961.7,981.51,972.27,951.58,925.86,893.6,903.89,868.56,845.04,850.73,817.05,780.77,777.36,751.05,731.76,716.68,668.5,639.28,569.09,551.15,505.24,459.68,442.31,369.32,320.09,292.95,235.56,184.08,125.25,69.864,2.2533,-82.807,-141.37,-230.22,-302.85,-367.15,-451.34,-527.49,-610.74,-704.84,-771.73,-858.02,-980.48,-1028.3,-1164.3,-1245.3,-1354.4,-1475.7,-1599.6,-1690.6,-1795,-1918.8,-2053.6,-2200.6,-2330.8,-2454.2,-2560.5,-2704.9,-2886.9,-3022.2,-3146.6,-3306.3,-3486.3,-3646.1,-3778.4,-3948.9,-4135.2,-4307,-4469.6
7.99e-07,6.43e-07,1657.8,1586.4,1502.5,1403.6,1315.8,1246,1158.2,1123.1,1056,970.15,894.82,827.72,818.98,723.97,690.26,647.88,579.36,557.65,536.13,474.38,434.44,394.66,353.04,350.55,301.71,281.65,281.85,230.93,246.67,216.07,193.09,187.74,199.18,151.45,183.4,150.98,148.38,134.05,165.47,134.33,136.84,171.12,165.78,180.97,169.24,181.07,194.38,181.66,194.81,206.26,210.65,233.61,251.49,255.3,298.43,328.44,325.99,368.81,378.09,381.8,388.19,447.14,432.37,458.09,487.19,505.02,516.73,561.9,561.04,591.93,622.67,663.57,673.79,670.16,698.7,742.52,735.73,753.88,790.75,822.11,808.43,859.39,883.36,903.2,911.74,933.63,938.65,929.73,942.84,978.36,998.87,986.72,986.2,1006.6,1041.6,1020.1,1040.7,1018.4,1053.2,1040.7,1067.1,1021.7,1059.6,1051,1014.6,1025.6,1028.3,1003.7,970.83,960.62,951.56,965,947,877.02,896.8,835.35,845.76,789.42,758.1,726.02,678.54,632.64,584.16,535.41,495.15,471.45,427.16,370.7,271.43,226.48,176.38,126.26,11.977,-51.611,-91.567,-202.57,-296.1,-345.47,-430.08,-522.23,-648.69,-750.45,-847.42,-928.52,-1056,-1166.4,-1275.4,-1383.1,-1490.2,-1645.4,-1775.3,-1872.3,-2049.3,-2157.3,-2299,-2464,-2639.7,-2781.6,-2925.5,-3118.5,-3247,-3449.9,-3598,-3810.7,-3978.5,-4196.3,-4382.2,-4585.7,-4791.1,-5004.3,-5216.9
8.31e-07,7.11e-07,3536.4,3396.7,3238.2,3114.1,2979.9,2887.2,2755.2,2643.9,2513.3,2406.9,2292,2185.4,2105.6,1971.7,1891.7,1801.8,1710.2,1606,1519.3,1450.1,1386,1280.2,1217.6,1152.5,1117.6,1019.1,965.76,922.07,855.84,814.57,761.08,696.54,695.38,627.44,620.09,572.06,511.8,475.46,485.85,458.56,427.39,386.16,404.98,344.05,331.7,324.55,333.58,329.24,311.3,306.42,312.46,331.81,338.51,313.72,355.72,327.87,359.08,378.59,394.19,388.16,403.53,468.51,464.58,505.03,514.33,554.75,563.36,598.9,656.32,685.95,700,756.62,773.28,795.66,870.36,877.82,925.31,991.37,1048.3,1069.9,1107.5,1180.9,1225.3,1288.8,1353.5,1366.6,1446.8,1497.3,1577.7,1634.2,1662.9,1750.3,1803,1823.3,1892,1957.5,2019.1,2116.9,2174.8,2202.5,2283.6,2336.8,2434,2490.2,2550.3,2616.9,2704.3,2729.8,2817.3,2904.9,2961.1,3031.5,3079.5,3185,3248.9,3318.9,3378.8,3454.5,3525.7,3558.4,3644,3713.3,3782.8,3840.5,3925.6,3973.1,4044.5,4113.9,4178.8,4246.1,4315.7,4379.7,4464.9,4523.5,4589.5,4622.2,4717.5,4787.7,4829.8,4892.7,4956.2,5005.9,5081.7,5110.8,5172.7,5236.4,5315.2,5370.4,5399.9,5474,5484.5,5537.5,5589.7,5647,5712.6,5755.6,5796.4,5849.4,5859.7,5894.5,5932.6,5970.5,6049,6078,6081.3,6108.6,6158.1,6184.1,6191.2,6252.6,6253.1
7.7e-07,6.36e-07,1610.4,1513.9,1435.2,1342.3,1271,1204,1142.8,1052.9,969.04,901.34,848.36,798.39,726.32,685.26,645.46,569.27,531.17,485.51,458.35,431.44,367.88,334.67,293,302.54,273.89,231.4,218.14,184.2,185.41,151.7,151.25,158.95,111.6,100.26,120.34,99.654,89.955,102.32,117.21,97.628,127.23,128.2,124.55,139.57,165.09,144.88,155.48,154.54,169.63,196.74,208.69,221.44,253.45,255.57,281.56,277.58,301.46,338.35,355.83,386.61,406.98,415.76,414.04,467.97,442.82,488.68,521.02,527.27,531.13,541.76,564.18,563.73,598.6,600.13,632.48,667.4,651.54,662.9,692.78,719.81,705.3,730.8,743.24,728.26,751.68,741.37,762.56,746.41,720.08,718.66,716.77,713.36,721.97,709.96,713.96,705.1,663.89,634.47,645.27,636.87,608.31,558.39,541.28,521.23,485.24,444.79,395.02,387.32,335.49,282.46,250.53,158.34,127,53.677,16.345,-61.266,-109.42,-211.73,-247.58,-356.93,-408.98,-505.5,-585.54,-664.16,-748.33,-850.8,-957.27,-1069.6,-1175.1,-1287.8,-1415.2,-1551.9,-1675.3,-1814.9,-1931.9,-2042.4,-2178.9,-2347.1,-2496.3,-2669.9,-2795.5,-2991.5,-3170.8,-3330.8,-3505.7,-3662.1,-3882.8,-4085.6,-4249.1,-4458.7,-4685.4,-4908.8,-5103.2,-5330.2,-5587.7,-5825.3,-6041.6,-6313.9,-6568.9,-6825.8,-7060.6,-7322.2,-7625.8,-7872.2,-8191.7,-8455,-8779.8,-9104.2,-9377.1,-9732,-10028
9.38e-07,6.74e-07,-1233.4,-1206.6,-1189,-1152.9,-1102.4,-1049.8,-1047.2,-1023.8,-995.3,-949.06,-908.52,-884.08,-833.86,-819.44,-796.46,-752.85,-711.25,-682.19,-681.29,-640.7,-611.71,-564.5,-563.28,-544.27,-504.42,-469.92,-444.43,-417.9,-413.17,-358.91,-359.17,-328.13,-300.45,-235.23,-240.86,-206.12,-189.37,-133.46,-129.68,-115.64,-71.488,-33.342,-5.7607,-13.037,60.137,75.559,114.16,125.45,147.77,148.09,194.11,244.96,276.38,271.96,326.59,360.92,387.2,396.88,430.43,459.13,487.57,530.96,524.66,546.41,584.02,643.85,646.42,694.38,712.59,720.34,787.39,814.67,825.41,851.16,899.75,917.34,985.06,1019.1,1045.5,1093.9,1103.8,1146.2,1172.8,1212.8,1234.8,1274.6,1329.5,1377.7,1391.1,1435.9,1466.3,1501.3,1568.8,1603.1,1631.7,1682.9,1695.1,1780.9,1784.9,1824.4,1890.8,1914.9,1969.9,2018.5,2096.4,2123.8,2169.7,2207.2,2284,2326.2,2394.4,2416.1,2491.4,2550.4,2601.5,2652.5,2701.3,2732.9,2823.3,2849.1,2926.9,2974.6,3048.2,3107.9,3138.9,3204,3294.7,3328.6,3425.8,3458.7,3525.4,3618,3693.8,3741,3837,3896.1,3979.8,4051.5,4127.4,4216.1,4264,4341,4412.8,4503.5,4568.1,4659.6,4737.9,4852.8,4918.8,5015.1,5069.1,5198.2,5283.8,5376.9,5423.1,5533.4,5646.1,5703.9,5812.7,5913.1,6002.6,6109.4,6215.5,6317.2,6435.5,6547.8,6616.8,6753.7,6863.6,6932.8,7052.2
9.41e-07,7.19e-07,-165.63,-131.66,-136.53,-158.4,-146.22,-124.17,-129.7,-136.61,-153.51,-125.61,-147.38,-126.26,-125.99,-143.51,-143.22,-139.3,-123.59,-98.207,-91.088,-127.39,-114.54,-85.351,-111.43,-80.979,-73.709,-82.371,-64.234,-50.886,-68.165,-22.369,-57.157,-42.68,4.5226,7.9996,-13.888,32.189,45.034,51.419,43.332,54.312,53.618,90.23,107.87,120.62,127.6,175.37,171.41,191.41,204.24,234.2,241.14,285.66,267.52,286.93,336.33,362.91,356.11,414.45,405.94,435.59,484.76,529.76,564.59,591.12,618.42,646.59,655.79,702.98,732.5,755.3,817.7,821.11,892.57,896.04,936.79,986.66,1059,1084.8,1129.1,1189.3,1243.7,1256.7,1306.3,1375.4,1436,1463.1,1507,1596.9,1650.4,1682.3,1755.6,1816.6,1864.2,1940,2010.9,2057.1,2132.2,2190.9,2269.8,2307,2381.1,2464.4,2518.9,2587.9,2673.9,2741.7,2852.3,2919.6,2998,3075.8,3153,3254.9,3331.1,3395.3,3490.7,3578.9,3699,3788.6,3859.8,3998,4085.2,4158.4,4270.5,4382,4472,4608.4,4679.6,4814.9,4921,5042.6,5146.7,5264.4,5392.4,5519.8,5617.9,5760.6,5887,5985.5,6109.5,6244.5,6371.8,6520.9,6653,6799.7,6940.7,7058.2,7221.7,7377.7,7526.4,7655.5,7800,7977.2,8141.2,8281.5,8423.3,8594.7,8730.7,8895.7,9079.8,9272.1,9439.2,9585.6,9775,9930.7,10114,10299,10498,10682,10838,11040,11247
8.65e-07,6.28e-07,-671.29,-688.4,-673.08,-691.53,-671.44,-645.24,-647.89,-661.24,-658.25,-660.59,-627.16,-614.26,-622.19,-607.78,-563.51,-578.46,-565.6,-518.86,-502.96,-488.05,-514.38,-489.19,-470.47,-418.67,-420.91,-396.79,-409.18,-358.11,-346.52,-337.1,-322.68,-270.02,-234.22,-231.62,-198.12,-199.13,-190.05,-123.8,-129.19,-89.701,-59.528,-23.892,-37.385,2.5213,44.183,44.104,62.381,111.84,153.83,136.75,177.33,231.86,215.37,251.9,277.11,322.72,354.93,350.71,384.21,422.3,422.98,443.6,468.04,522.17,557.16,580.94,597.87,601.02,650.73,631.72,671.66,682.08,714.21,747.81,755.29,798.3,821.98,824.44,844.71,877.87,874.11,904.01,901.13,953.73,942.54,949.94,963.09,978.99,1009.3,1037.6,1028.9,1043.1,1056.2,1086.3,1073.2,1082.5,1104,1099.2,1104.1,1109.2,1128.3,1120.7,1121.7,1159,1125.5,1131.2,1142.4,1150.2,1121.9,1145.4,1121.9,1095.2,1105.9,1102.2,1078.2,1070.1,1046.8,1072,1038.1,1020.3,1025.4,988.24,988.57,956.96,914.88,897.08,910.51,863.14,860.37,821.8,777.65,733.94,690.7,661.75,628.27,610.03,569.26,515.8,468.2,461.34,419.51,378.6,284.43,259.72,223.65,142.47,81.691,57.395,-28.108,-82.133,-118.57,-196.08,-242.9,-356.46,-422.97,-458.87,-557.51,-640.78,-711.74,-776.28,-836.88,-922.49,-1023,-1084.6,-1179.5,-1296,-1376.4,-1497.3,-1574.8,-1656.7,-1757
7.97e-07,6.31e-07,1042.4,932.88,876.91,817.95,746.06,727.74,638.63,589.2,540.42,524.65,480.64,410.15,389.53,358.41,304.42,263.74,242.75,209.88,181.35,174.73,163.84,145,110.6,120.15,91.269,95.039,86.177,41.431,46.465,55.614,34.886,47.9,13.607,17.072,57.42,52.155,50.073,41.294,54.541,64.713,51.289,78.535,102.12,86.206,118.45,155.44,141.35,176.41,190.41,179.21,189.35,238.97,239.71,278.21,301.18,324.26,309.56,352.82,338.9,361.63,381.13,421.88,442.48,467.1,467.06,489.47,544.43,555.11,557.42,561.26,584.85,599.57,629.81,645.96,694.74,680.3,702.76,744.42,747.13,729.77,763.92,785.12,813.31,812.29,822.9,831.99,827.02,854.94,829.14,847.91,846.53,841.96,838.68,860.14,843.39,819.69,813.37,815.33,817.96,810.69,803.47,753.65,728.32,754.35,726.39,668.7,679.75,624.37,625.92,550.31,563.78,528.25,454.54,413.74,407.38,343.31,281.89,257.12,199.2,113.67,50.196,24.193,-73.136,-137.93,-174.15,-254.43,-342.87,-423.04,-490.72,-594.38,-651.92,-768.62,-858.68,-937.1,-1082.3,-1145,-1266.9,-1371,-1479.4,-1631.2,-1719.1,-1887,-2010.5,-2154.5,-2283.2,-2408.7,-2577.8,-2691.4,-2884.2,-3038.1,-3194,-3339.3,-3530.4,-3677.8,-3886.4,-4033.4,-4221.5,-4437,-4634,-4833.7,-5039.3,-5274,-5477.2,-5712,-5900.8,-6130.6,-6354.2,-6603.6,-6848.5,-7137.8,-7357.8
8.21e-07,7.16e-07,3945.6,3777.5,3634.2,3489,3329.7,3188,3087.1,2957.4,2801.3,2680.5,2578.5,2447.5,2338.9,2228.2,2102.8,2017.7,1897.5,1806.5,1736.8,1624.6,1531.4,1465.5,1381.1,1325.9,1250.2,1149.1,1082.1,1016.7,994.76,937.32,859.53,791.54,763.42,725.51,672.94,630.83,585.6,569.64,516.53,508.78,473.72,447.74,435.92,403.14,380.84,360.17,365.91,323.77,348.25,311.64,322.48,317.22,351.7,321.89,341.03,337.69,366.55,390.34,408.25,389.78,437.43,431.67,448.62,468.35,496.83,542.15,555.05,580.01,653.04,645.64,702.29,712.58,774.53,817.57,831.26,922.14,937.2,995.36,1009.9,1085.2,1147.8,1167.4,1232.3,1289.7,1331.2,1409,1459.4,1497.6,1563.3,1603.8,1677.5,1719.2,1800.7,1851.5,1922.9,2003.8,2052.8,2112.4,2169.3,2266.4,2317,2353.8,2452.9,2498.9,2573.4,2653.7,2699.1,2790.4,2837.3,2912.3,2983,3073.5,3139.9,3169.5,3266.6,3308.2,3402.8,3446.6,3528.9,3621.9,3659,3746.5,3816,3888.5,3932.6,4035.9,4085,4122.8,4202.7,4251.4,4329.4,4404.4,4485.4,4536.7,4603.7,4659.9,4734,4754.3,4831.1,4892.6,4952.3,4986.6,5073.1,5091.1,5150.1,5221.7,5261,5323.2,5357.7,5393.1,5434.6,5500.1,5538.1,5575.1,5598.8,5676.6,5697.5,5751.7,5749.9,5821.4,5806.4,5843.8,5875.9,5908,5944.4,5951,5969.6,6021.3,6036.5,6013.9,6049.4
9.14e-07,6.21e-07,-2594.2,-2559.1,-2457,-2389.2,-2322.5,-2256.8,-2180.9,-2093.5,-2056.1,-1967.1,-1905.1,-1841.8,-1770.6,-1732.6,-1664.6,-1592.4,-1500.3,-1479.7,-1422.7,-1320.2,-1282.9,-1234.1,-1177,-1100.6,-1028.5,-973.13,-964.4,-872.06,-811.78,-796.91,-709.42,-699.9,-639.37,-605.37,-526.1,-510.18,-456.67,-412.19,-357.98,-308.2,-282.16,-199.58,-177.17,-128.08,-71.484,-55.346,-15.744,48.341,52.29,97.542,117.81,188.28,221.88,219.18,289.13,323.09,362.38,373.57,422.72,427.46,441.45,502.18,539.5,549.66,577.73,618.15,606.1,667.35,695.06,710.69,700.35,755.88,755.2,785.92,817.04,795.69,817.61,857.37,858.13,884.36,912.04,920.51,923.24,962.25,935.62,966.11,1002.2,1010.2,1005.2,1024.9,1023.7,1044.3,1037.7,1046.4,1039.3,1075.5,1082.3,1053,1094.5,1094.5,1096.5,1084.7,1094.1,1103.7,1080.1,1071.4,1088.8,1078.3,1080.5,1064,1064.4,1049.7,1078.3,1046.4,1061.1,1054.9,1028.3,1031.8,1037.4,1016.3,975.02,989.66,962.25,970,941.86,914.11,939.36,889.69,890.01,895.04,874.26,846.49,835.25,788.24,789.99,797.67,775.21,756.15,709.93,694.11,677.46,641.23,630.46,620.54,576.39,571.9,550.56,526.66,462.6,448.42,404.33,383.9,348.91,339.78,300.51,300.01,229.43,213.98,195.65,153.93,109.79,91.025,46.68,17.69,-26.645,-35.27,-79.988,-98.523,-161.55,-182.55,-256.09
8.8e-07,6.29e-07,-1101.2,-1037.8,-1036.3,-1008.4,-996.13,-1001.5,-985.58,-945.04,-947.32,-893.86,-867.09,-868.41,-835.73,-799.32,-794.51,-771.96,-729.39,-695.73,-690.68,-695.02,-641.12,-609.46,-616.51,-578.94,-564,-525.09,-500.56,-463.26,-455.63,-391.97,-390.35,-379.02,-349.88,-302.41,-253.4,-221.17,-208.27,-186.54,-180.44,-127.41,-100.37,-90.132,-26.191,-22.984,-17.125,59.256,43.853,91.248,105.64,135.93,160.45,188.59,228.23,253.3,297,306.13,351.77,347.36,404.77,405.26,423.02,482.17,509.4,545.09,568.83,579.97,610.02,612.92,643.18,665.26,703.3,715.29,744.32,755.85,782.92,805.67,842.57,837.41,891.37,865.75,914.24,945.12,934.11,956.72,961.46,995.18,1019.5,1005.2,1067.4,1071.3,1079.9,1063.9,1114.2,1121.9,1104.9,1149.7,1136.6,1152.1,1171.6,1154.5,1178.1,1183.7,1220.2,1209.2,1224.8,1209.4,1195.4,1221,1228.3,1199.9,1230.7,1215.1,1206.3,1215.3,1223.4,1200.1,1209.4,1219.9,1169.2,1171.1,1157.8,1175.8,1136.1,1159.9,1157.5,1118.4,1116.4,1084.8,1076.3,1040.9,1038.2,1011.9,998.41,953.78,975.6,929.36,924.17,874.68,871.92,836.82,782.39,750.98,704.68,685.78,682.03,632.18,564.21,528.62,522.24,484.35,426.95,383.71,344.32,301.49,226.84,180.35,162.99,90.577,20.87,4.7552,-54.715,-153.07,-177.23,-249.73,-319.87,-358.65,-443.46,-526.53,-555.9,-617.82,-722.98
8.96e-07,6.6e-07,-198.5,-182.77,-229.56,-194.71,-210.57,-210.67,-231.08,-237.88,-258.59,-260.31,-264.56,-233.5,-236.7,-258.28,-252.04,-242.24,-241.1,-223.06,-226.22,-198,-206.17,-219.43,-199.76,-215.61,-182.92,-172.74,-158.78,-134.62,-159.38,-153.51,-141.7,-134.53,-83.258,-96.824,-85.973,-79.012,-39.938,-51.775,-17.743,-19.027,8.7667,39.418,57.751,88.513,88.404,128.17,115.36,150.63,182.25,194.65,220.28,218.43,283.48,270.58,303.78,344.2,374.51,390.45,413.42,416.62,462.61,456.47,504.91,531.78,541.39,610.56,615.17,638.75,667.26,711.17,726.53,758.36,811.34,816.52,846.98,861.9,903.92,926.22,954.54,1017.9,1017.9,1068.4,1106.6,1141.8,1151.3,1187.5,1228.8,1249.2,1299.9,1359.7,1397.8,1407.6,1428.5,1489.5,1502.4,1568.1,1594.3,1629.4,1655.8,1673.7,1729.3,1753.4,1807.5,1825.1,1849.2,1891.5,1919.9,1954.4,2022.4,2027.6,2093.3,2111.4,2146.1,2193,2226,2261.8,2314.5,2360.5,2406.4,2426.7,2450.7,2490.5,2524,2553.4,2622.5,2660.8,2662.3,2697.8,2775.2,2779.4,2812.3,2883.2,2909.1,2959.9,2965.9,2991.3,3031.7,3092,3106.7,3136.3,3207.2,3219.2,3252.3,3279.7,3349.6,3394,3404.7,3444.8,3457.6,3486.4,3540,3590.7,3609.7,3653.9,3679.3,3713.5,3740.3,3777.6,3808.6,3859,3851.5,3916.8,3937.2,3985.5,3975.3,4038.1,4066.6,4078.5,4129.3,4169.5,4170.7
8.79e-07,6.46e-07,-245.91,-219.4,-224.58,-274.52,-245.45,-251.09,-281.36,-276.29,-279.59,-262.02,-301.42,-307.12,-274.93,-297.73,-290.36,-303.41,-280.51,-263.93,-264.59,-284.84,-262.38,-259.21,-237.08,-251.91,-206.4,-224,-185.03,-187.56,-205.04,-150.87,-135.8,-126.64,-123.58,-92.339,-97.994,-94.306,-91.84,-42.451,-54.226,-6.2147,-5.0521,42.638,56.721,35.162,63.961,98.975,105.93,122.91,147.37,192,183.07,210.71,234.57,282.17,298.58,336.3,355.59,380.71,392.11,428.53,445.74,462.29,514.03,524.89,566.19,551.42,619.05,613.08,639.67,698.93,703.46,754.69,764.07,785.27,836.33,863.07,879.58,869.53,925.56,954.88,979.29,989.64,1039,1037.8,1096.9,1121.5,1157.7,1148.8,1189.5,1197.8,1221.9,1244.7,1297.2,1324.1,1337.5,1385.5,1386.1,1411.9,1423.2,1461.1,1463.1,1500.9,1508.7,1571.2,1596.2,1614.5,1604.1,1656.9,1661.3,1672.4,1682.4,1697.7,1748.8,1743.1,1762,1779.6,1788.2,1840.5,1850.7,1835.4,1863.6,1896.9,1892.4,1901,1900.9,1956.3,1952.9,1932.4,1988.8,1990.6,1970.2,1978.3,2013.6,1995.9,1986.3,2019.7,2006.4,2022.3,2002,2042.2,2006.1,2019.5,2017,2005.4,1999.8,2012.7,1993.2,1996.8,1982.6,1980.5,1987.6,1991,1969.5,1935.4,1938.8,1940.5,1910.3,1894.7,1905.9,1855.7,1857.7,1836.4,1790.5,1801.2,1772.8,1740.2,1720.7,1667.7,1671.4,1620,1600.5
8.59e-07,6.63e-07,1114.2,1065.3,1018.5,937.5,899.29,841.78,785.19,743.39,689.63,684.88,640.61,583.06,565.95,492.83,475.27,471.53,401.63,389.6,379.2,319.73,306.25,280.34,282.49,275.38,233.04,231.24,224.91,180.9,175.04,162.93,165.64,140.32,128.23,169.25,145.16,162.16,146.75,131.88,133.42,152.62,170.96,164.69,170.65,156.23,171.59,206.66,195.24,212.26,195.46,214.85,233.95,247.42,285.64,286.81,317.79,306.39,357.35,390.74,396.53,435.72,411.23,455.96,484.06,527.54,510.68,561.17,563.86,619.69,666.9,683.95,680.35,723.8,737.13,787.42,822.71,864.97,885.82,905.52,930.37,982.94,1012.1,1070.5,1071.9,1097.4,1137.2,1196.2,1199.9,1264.9,1268.6,1345.2,1376.4,1383.1,1424.8,1477.3,1505.8,1546.2,1570.9,1610.8,1668,1680.6,1694.5,1765.1,1798.9,1800.5,1849.1,1867.1,1909.3,1935.3,2003.3,2008.5,2079.7,2075.3,2121.7,2164.3,2169.6,2212,2250.5,2260.9,2318.7,2318.8,2388.4,2371.4,2402.3,2432.8,2500.4,2485.3,2540.9,2552,2581.5,2591.5,2613.5,2626.8,2643.3,2688,2686.7,2742.3,2725.8,2771.1,2767.4,2766.3,2788.1,2829.5,2839.5,2849.9,2826.2,2872.5,2872.2,2861.4,2865.1,2865.3,2889.7,2896.8,2902.1,2900.2,2896,2891.6,2864.6,2853.4,2873.6,2844.7,2840.9,2826.3,2815.5,2822.9,2803.9,2788.2,2749.3,2716.6,2690.7,2672.9,2677.4
8.09e-07,7.11e-07,4096.5,3965.8,3774.5,3644.3,3508.6,3341.9,3174.2,3051.3,2942.8,2783.6,2656.9,2536,2399.3,2304.5,2198.6,2095.5,1984.2,1866,1800.1,1710.1,1617.5,1514.1,1404.4,1358.6,1259.5,1216.3,1120.1,1045.7,1021.2,927.44,904.54,822.53,774,744.86,704.37,628.23,580.6,545.71,512.02,516.31,495.02,457.28,419.64,402.71,384.32,394.96,364.56,365.98,331,325.28,335.21,333.41,350.04,356.44,358.37,328.21,358.75,346.31,390.05,409.49,395.91,441.31,430.61,481.69,488.45,548.73,559.19,588.69,628.03,665.17,706.82,732.19,739.98,787.57,811.81,851.22,935.2,946.75,1001.8,1073,1076.2,1151.5,1188.3,1262.4,1309.2,1323.9,1416.8,1443.9,1496.9,1532.4,1609.9,1676.6,1747,1758.2,1836.3,1871.9,1964.3,2010.1,2088.8,2144.9,2206.4,2227.7,2320.3,2358.3,2440.8,2491.9,2543.7,2626.6,2692,2718.5,2772.8,2875.2,2911.1,2972.1,3043,3087.2,3129.6,3204.5,3248.2,3331.5,3356.9,3409.6,3463,3529.7,3575.8,3636.4,3698.6,3765.9,3807.8,3838.9,3902.6,3925.6,3996.9,4022.9,4055.3,4144.6,4156.8,4184,4258.9,4296.6,4303.7,4334.3,4372.1,4423.5,4461.7,4476,4487.5,4520.7,4574.5,4582.6,4593.8,4631.9,4648.3,4635.8,4644.6,4672.6,4663.3,4682.1,4676.3,4679.6,4684.9,4706.3,4690.8,4676.3,4673.9,4684.2,4641.8,4614.4,4625.2,4611.3,4552
8.99e-07,6.39e-07,-1219.2,-1191.7,-1131.2,-1140.9,-1106.5,-1056.8,-1061,-1022.8,-1007.9,-981.84,-948.97,-889.33,-865.39,-841.44,-834.51,-813.29,-765.65,-755.24,-721.87,-695.44,-659.37,-641.34,-630.55,-602.66,-573.28,-512.1,-481.99,-479.18,-438.67,-393.64,-392.98,-343.73,-333.52,-302.93,-280.89,-221.21,-229.08,-178.61,-164.28,-149.84,-97.793,-78.728,-54.638,-25.195,-3.7527,22.671,66.848,75.006,126.81,155.47,168.58,223.67,255.63,276.52,275.12,311.85,358.35,383.02,378.96,409.41,470.81,505.04,516.22,543.25,554.14,596.12,623.29,649.05,682.43,671.42,700.17,750.53,753.96,785.99,804.79,860.17,861.09,909.18,909.95,949.64,968.09,986.23,1027.8,1057.1,1057.6,1089.5,1097.6,1140.6,1130.2,1187.8,1205.4,1220.8,1218.4,1267.9,1258,1271.6,1291.8,1326.9,1338.8,1369.1,1415,1415.7,1432.1,1457,1454,1486.2,1506.2,1487.7,1505.3,1555.8,1574.1,1561.6,1583.6,1618.4,1605.7,1608.8,1634,1630.8,1660.4,1696.2,1665.6,1696.2,1721.2,1717,1752.9,1723.9,1766.9,1748.4,1753.9,1775.3,1771,1791.7,1810.8,1806,1788.6,1814.7,1792.3,1839.8,1842.4,1832.1,1806.9,1825.7,1818.2,1814.6,1814.8,1844.6,1820.2,1851.5,1805.2,1802.9,1829.3,1813.2,1797.5,1831.1,1798.8,1818.3,1787.5,1794.8,1773,1751.7,1747.6,1758.1,1746.7,1710,1734.2,1697.2,1703.2,1663.5,1648.8,1642.9,1640.6
8.87e-07,6.35e-07,-992.55,-991.34,-951.7,-928.36,-930.08,-894.38,-896.02,-897.82,-856.04,-856.42,-810.89,-784.16,-775.81,-730.69,-721.83,-689.02,-700.48,-675.06,-663.13,-634.87,-608.22,-565.5,-539.95,-500.76,-493.87,-469.58,-473.27,-412.92,-424.02,-386.19,-371.57,-300.52,-274.65,-272.84,-265,-212.67,-190.89,-171.64,-139.52,-116.68,-78.627,-43.716,-39.618,-26.474,23.267,60.769,59.037,90.955,112.5,141.59,182.58,196.2,218.39,273.06,314.06,317.84,322.36,348.77,418.02,421.36,436.65,460.44,506.97,512.44,574.22,568.91,612.93,626.36,662.13,702.31,713.04,732.34,741.52,758.27,813.7,813.2,851.39,855.6,904.98,941.94,924.57,979.64,973.81,990.04,1013.4,1048.3,1082.4,1072.9,1101,1117.6,1137.9,1180.5,1183.3,1216.1,1230.6,1238.1,1245.2,1248.8,1275.7,1285.5,1292.8,1296.4,1316,1351.2,1340.5,1382.3,1364.4,1367.5,1415.6,1393.3,1419.7,1448.1,1429.9,1441.5,1469.1,1441.2,1478.6,1482.4,1469,1483.7,1491.4,1493.6,1494.5,1499.2,1493.5,1470.3,1478.6,1487.7,1462.7,1476.3,1436.3,1478.7,1461.1,1432.2,1439,1421.4,1411.7,1416.4,1370.4,1381.5,1369.5,1334,1341.9,1310,1300.1,1306.4,1288,1227,1220.1,1231.2,1209.9,1141.3,1138,1119.3,1066.9,1080.8,1023.9,1015.7,976.23,950.82,910.61,861.76,850.61,820.51,751.96,707.66,680.04,634.54,596.77,562.09,523.14
8.24e-07,7.07e-07,3603.7,3473.8,3346.5,3180.1,3073.1,2916,2811.6,2701.4,2558.4,2437.5,2328.6,2232.6,2131,2017.5,1910.9,1834.5,1730.9,1646.9,1580.5,1501.8,1412,1298.2,1229.9,1180.5,1098.8,1052.7,968.14,928.53,876.44,809.25,771.38,745.61,707.75,644.34,583.35,551.8,544.64,493.97,453.45,456.64,440.83,421.68,378.36,350.7,350.63,333.09,327.38,341.7,303.76,341.14,316.85,324.04,310.21,307.61,317.74,367.86,344.33,356.07,402.41,380.23,432.26,430.48,476.73,505.12,510.4,561.32,583.34,610.71,646.72,642.72,687.97,749.21,792.78,826.74,858.25,888.12,928.76,979.98,1033.1,1048.6,1097.7,1139.8,1194.3,1240.8,1284.3,1365.5,1433.6,1448.5,1499.3,1570,1632.5,1668.8,1719.5,1804.9,1857.7,1907.8,1980,2036.3,2101.2,2154.3,2196,2278,2333.8,2409.2,2446.9,2515.9,2589.6,2641.9,2704.9,2779.4,2855.9,2892,2952.2,3030,3068.4,3156.9,3202.5,3246.4,3313.3,3417.3,3476.1,3529.2,3596,3621.9,3704.1,3769.9,3790.5,3863.1,3914.2,3977.4,4025.3,4074.2,4147.8,4201.1,4243.1,4316.3,4364.4,4433.2,4476.2,4523.3,4573.3,4610.1,4624.9,4706,4711.2,4790.3,4836.9,4834.3,4909.8,4925,4945.6,5016.7,5035.5,5091.6,5083.2,5144.8,5168.6,5201.7,5224.7,5210,5225.4,5284.8,5266.2,5306.4,5312.7,5332.6,5313.3,5317.6,5318.8,5326.4,5364.4
8.75e-07,6.78e-07,1149.1,1105.9,1061.3,1019,974.32,919.22,840,791.73,761.15,740.22,709.65,633.21,607.66,557.87,534.9,535.98,489.31,467.1,401.57,389.05,374.38,344.57,305.82,290.75,282.18,253.43,239.06,243.48,248.47,205.37,228.3,216.28,173.58,183.63,164.55,153.45,172.57,160.43,154.78,143.33,181.06,170.39,155.4,197.47,212.46,188.85,226.36,195,247.65,218.77,261.16,288.98,307.29,292.44,301.61,329.26,351.42,399.81,378.14,441.64,423.17,492.38,476.81,519.82,563.93,588.08,603.1,649.55,677.37,688.33,709.6,780.92,809.51,827.4,861.89,915.29,932.49,980.66,995.67,1028.4,1098.2,1097.5,1139.1,1199.1,1262.4,1300.4,1308.3,1385.1,1406,1475.1,1520.7,1523.4,1614,1647.8,1687.7,1709.2,1783.1,1816.4,1891.8,1906.9,1949.1,2011.9,2062.6,2102.8,2144.9,2218.6,2258.3,2291.6,2358.4,2412.4,2458.4,2500,2542.1,2603.2,2692.9,2729.2,2761.3,2804.8,2859.4,2919,2984.5,3010.6,3082.4,3136,3211.4,3241.3,3309.3,3362.7,3414.7,3455.2,3502.7,3555.7,3606.8,3674.9,3716.8,3739.1,3826.4,3840,3890,3943.7,3983,4066.8,4123.3,4153.6,4223.7,4248,4314.7,4340.8,4381.5,4437.7,4477.8,4522.4,4572.3,4626.3,4659,4704,4780.4,4804.3,4843.8,4864.5,4947.2,4961.1,5009.2,5070.2,5095.2,5108.6,5179.8,5192.5,5257,5284.1,5330.6
9.06e-07,6.75e-07,-19.371,-39.723,-41.884,-30.494,-51.945,-41.326,-53.846,-78.434,-87.66,-69.25,-95.95,-98.253,-121.48,-103.68,-80.156,-108.92,-111.28,-92.496,-94.366,-86.365,-111.13,-128.26,-104.92,-100.24,-100.22,-75.022,-71.072,-74.821,-49.42,-57.225,-79.522,-33.065,-27.442,-46.793,-42.32,14.488,21.848,27.413,23.314,57.985,35.989,72.677,60.504,88.662,138.61,130.51,138.7,173.89,186.71,190.76,245.56,247.2,293.59,291.81,290.45,313.93,338.67,403.01,413.28,422.33,472.76,475.05,536.86,547.77,548.38,601.85,604.04,639.45,677.43,708.82,747.77,788.71,809.43,857.78,861.83,903.23,953.83,1000.4,1028.9,1041.9,1084.3,1144.2,1162.8,1196.2,1227.2,1296,1346.5,1353.2,1410.2,1456.2,1507.1,1515.4,1568.5,1613.5,1662.5,1701.8,1749.9,1794.7,1854.8,1883.9,1943.7,1986.5,2031.5,2104.6,2146.9,2166.9,2208.8,2273.5,2340.8,2377.1,2439.6,2475.1,2556.4,2606.4,2657,2698.9,2734.3,2784.9,2845.1,2893.7,2986.5,3011.4,3066.5,3133.7,3200.8,3253.9,3300.5,3376.7,3422.9,3509.6,3554,3594.3,3687.8,3750.6,3801.2,3848,3924.8,3978.1,4066.4,4122.8,4189,4226.5,4315.7,4378.1,4431.9,4494.2,4582,4612.5,4723.9,4790.7,4815.6,4918.8,4998.1,5025.9,5107.5,5186.3,5273,5346.8,5402.4,5468.6,5530.7,5590.4,5689.6,5732.8,5806.2,5909.6,5991.2,6061.5,6117,6180.8,6247.3
9.35e-07,7.05e-07,-239,-205.51,-206.77,-210.61,-205.8,-243.57,-237.95,-235.34,-226.45,-217.36,-188.31,-207.76,-189.08,-203.42,-201.44,-203.01,-175.8,-183.57,-186.05,-163.06,-174.76,-157.63,-147.56,-138.39,-119.32,-93.18,-97.572,-116.09,-69.865,-104.6,-71.689,-67.406,-40.64,-52.19,-34.954,-15.403,10.132,8.9295,16.084,57.914,54.707,81.252,83.312,113.02,116.07,138.48,165.89,162.78,171.34,205.87,225.9,235.24,278.53,322.57,309.68,367.52,356.99,422.88,431.59,448.24,468.03,485.83,529.84,546.22,610.02,603.34,651.22,682.96,708.76,764.83,814,813.77,860.03,880.59,927.18,1001.1,1004.6,1046.3,1080,1134.3,1200.1,1221.1,1285.9,1308,1353.7,1404.8,1453.3,1536.6,1569,1627.4,1657.9,1714.6,1777.3,1841.7,1909.8,1962.3,2006.4,2094.8,2148.7,2187.1,2272.9,2314.9,2380,2459.5,2499.8,2592.1,2660.7,2726.9,2790,2874.3,2979,3047.8,3120.2,3189.5,3255.7,3339.2,3434.2,3520.5,3583.3,3704.1,3751,3869.8,3961.3,4045.9,4131.8,4203.5,4302.6,4395.5,4491.3,4623.6,4702.2,4802.7,4898.6,5022.9,5143.3,5219.9,5350.8,5459.3,5579.9,5699.1,5785.8,5887.3,6036.4,6144.5,6271.4,6407.3,6505.8,6644.9,6772.3,6903.4,7042,7156.9,7269.4,7431.6,7579.7,7678.2,7815.6,7979.6,8117.7,8262.7,8403.2,8563.4,8699.3,8877.8,9022.2,9167.7,9338.4,9460.8,9657.6,9810.8,9981.6
9.05e-07,6.82e-07,258.42,236.82,224.94,178.32,181.26,147.5,134.87,120.73,110.52,93.979,100.34,105.38,65.586,52.533,65.786,25.119,20.993,13.153,43.238,11.142,-0.70338,-11.253,15.145,-9.9869,25.718,9.0598,-15.846,-4.2423,18.349,-9.3559,28.74,22.282,17.036,36.295,36.35,51.153,71.096,75.36,68.966,76.701,103.73,113.24,95.686,141.87,151.29,135.01,162.92,186.71,189.24,228.56,257.04,259.26,257.22,319.98,332.18,351.04,374.6,378.44,391.37,415.49,469.54,499.57,513.54,535.85,564.12,603.57,637.94,651.94,701.48,725.14,751.79,771.25,823.08,859.04,906.99,902.17,971.99,994.03,1037.4,1058.1,1139.4,1151.7,1182.5,1226.6,1267.5,1312,1354.2,1411.9,1428,1500.9,1565.1,1575.9,1637.1,1699,1746,1772.5,1817.8,1868.9,1922.1,1996.1,2046.9,2093.9,2145.1,2212.6,2259,2275.1,2330.3,2423.8,2445.3,2498.8,2577.2,2631.1,2674.1,2744.3,2823.6,2862,2921.5,2974.7,3054.9,3101.8,3167.7,3231.1,3326.5,3369.6,3438,3516.4,3559.3,3662.2,3705.5,3784.9,3868.3,3896,3967.8,4045.2,4110.5,4187.9,4263.7,4317.9,4420.9,4473.5,4538.4,4617.7,4728.7,4786.2,4859,4910.6,5025.6,5093.2,5150,5233.5,5330.4,5403.3,5485.8,5572.9,5655.1,5733,5820.3,5867.2,5972.8,6066.6,6146.8,6219.1,6271.4,6381.2,6482,6572,6612,6719.6,6822.3,6900.5,6992.3
8.47e-07,6.55e-07,1115.9,1070.4,1004,941.84,911.92,845.75,809.58,772.99,685.69,652.16,639.3,576.17,542.91,491.04,479.35,448.99,420.51,387.79,355.98,327.26,279.9,279.61,233.69,244.28,244.61,208.37,200.36,166.84,153.34,136.41,132.95,150.71,138.46,147.66,124.65,107.3,113.96,108.7,143.68,123.67,148.17,138.62,165.53,145.38,170.75,187.7,208.33,179.19,187.35,203.37,245.85,275.28,288.66,262.9,317.15,334,338.25,360.65,368.04,388.55,438.03,459.7,470.46,488.55,546.44,547.42,587.53,581,649.73,649.35,702.32,733.85,741.48,788.92,776.22,838.6,866.79,885.25,890.95,944.23,977.2,980.88,1053.6,1040.8,1104.1,1128.7,1156,1166.1,1214.8,1236,1272.8,1313.6,1335,1376.9,1381.2,1401.1,1446.4,1459.9,1506.8,1511.2,1559.6,1577.2,1618.6,1605.6,1644.1,1655.2,1715.4,1723.8,1753.9,1787.3,1781.1,1794.1,1804.7,1826.9,1856.2,1885.5,1896.9,1908.7,1907.2,1952.8,1963.9,1948.8,1987.4,1964.8,2005.4,1998.5,2015,2036.3,2022.2,2026.2,2025.7,2034.6,2049.1,2033.8,2017.9,2001.2,2015.4,2024.9,2015.4,1969.3,1975.2,1975,1953.9,1954.3,1931.2,1913.5,1877.6,1866,1832,1794.4,1803.3,1758.9,1710.7,1712.8,1638.1,1615.1,1600.4,1558.1,1502.1,1446.1,1405.8,1386.4,1321.6,1269.4,1189.4,1166,1079.1,1054.6,965.4,906.86,842.14
8.37e-07,6.71e-07,2069.9,1961.4,1868.5,1803.4,1684.3,1613.2,1567.5,1465.4,1407.6,1350.3,1257.7,1210.2,1117.3,1090.6,1016.6,956.97,879.69,843.57,789.06,772.2,716.92,685.69,610.73,587.74,540.49,499.18,498.13,477.18,447.74,403.21,392.94,352.18,332.15,341.58,309.67,288.35,299.62,258.85,269.45,259.29,228.88,229.36,258.33,218.42,228.13,213.15,215.34,237.46,238.82,278.04,263.29,273.39,312.78,308.6,336.12,327.17,342.43,387.62,403.18,403.92,421.47,430.39,494.63,495.39,538.48,554.88,589.66,610.49,626.88,656.23,691.72,737.55,739.2,782.43,833.16,820.5,863.62,933.78,931.23,973.86,990.69,1064.3,1108.8,1104.6,1171.5,1190.6,1241.1,1287.8,1309.4,1362.8,1397.2,1416.6,1457.9,1481.6,1513.8,1599.7,1591.9,1660.7,1693.7,1708.2,1755.3,1827.1,1855.9,1902.6,1939.4,1957.8,1976.5,2033.2,2071.7,2105.4,2134.7,2153,2190,2221.7,2261.4,2275,2334.2,2365.4,2381.6,2402.3,2419.6,2490.5,2472.1,2503,2563.6,2551.2,2567.3,2618.9,2650.8,2662.4,2687.7,2667.5,2698.1,2703,2744.9,2758.7,2755.6,2791.7,2799.7,2775.6,2806.6,2796.4,2787.7,2815,2790.4,2819.1,2821.5,2775.5,2766,2795.3,2796.1,2760.8,2742.6,2723.3,2696.5,2720,2656.3,2664.9,2628.5,2609.4,2576.1,2556.5,2500,2475.4,2428.6,2420.8,2388.2,2315.1,2273.8,2223,2210
8.39e-07,6.6e-07,1563.2,1475.8,1434.7,1322,1250.1,1226.4,1167.5,1093.2,1029.6,945.17,933.56,865.83,793.08,754.68,694.97,655.95,626.96,572.91,569.51,539.7,494.5,468.22,410.06,381.71,355.29,331.8,305.21,275.53,271.23,241.88,227.18,240.4,200.11,225.7,204.95,176.09,175.22,204.56,168.6,201.13,199.67,164.75,174.69,192.86,182.47,223.77,199.08,209.98,223.28,258.34,265.24,255.93,259.29,314.1,319.01,347.6,355.43,385.19,378.3,388.1,422.09,455.2,458.31,483.18,515.59,548.5,572.09,577.5,597.87,642.27,682.88,730.73,739.26,784.46,809.48,821.25,863.26,891.65,918.68,925.67,962.74,990.73,1041.5,1080.1,1116.5,1121.7,1178.1,1216.9,1232.5,1254.4,1294.8,1325.8,1334.2,1403.9,1413.9,1427.1,1457.4,1494,1544.7,1568.3,1625,1631.8,1672.7,1679.7,1734.2,1761.1,1747.6,1786.9,1797.1,1825.4,1881.4,1874.5,1904.5,1908.9,1943.1,1965.8,1987.7,2008.5,2012.9,2028.5,2059.5,2047.9,2106.5,2073.2,2101.5,2105,2110.7,2150.7,2125.2,2129.5,2161.4,2173.8,2137.8,2133.8,2130.5,2137.7,2168.6,2142.8,2157.4,2145,2137.7,2095.6,2112.3,2047.8,2042.1,2018.6,2033.5,1980.4,1955.5,1948,1894.7,1868.7,1866.1,1841.1,1792.4,1738.7,1701.2,1642.9,1619.2,1590,1510,1469.5,1434.8,1349.9,1292.6,1263.1,1212.6,1124.3,1054.5,994.41,902.89
8.11e-07,6.28e-07,614.05,556.34,508.62,442.2,443.08,389.74,346.38,282.24,255.9,214.98,204.35,190.2,133.78,93.876,70.641,76.309,43.913,41.82,4.6462,16.173,-9.3697,-17.484,-35.06,-18.89,-29.19,-51.861,-39.588,-27.143,-31.534,-28.52,-56.671,-20.475,-26.685,-30.937,-13.968,-19.055,-25.246,4.96,-4.0321,22.605,41.242,60.235,74.285,93.624,115.51,99.187,140.84,140.72,145.99,189.9,198.38,220.48,216.62,271.59,283.29,285.39,319.97,325.25,366.19,407.39,427.85,449.5,467.03,477.98,497.01,527.43,524.42,558.08,573.54,603.98,593.8,655.75,644.24,678.34,701.58,706.4,741.81,733.35,753.36,773.61,785.53,790.53,817.39,807.62,823.13,847.89,861.71,854.58,883.63,888.44,867.37,873.58,861.7,859.16,870.36,891.39,889.48,860.88,865.87,862.09,834.69,836.8,810.67,813.27,780.62,742.8,756.27,698.48,707.64,654.64,639.5,627.98,554.12,560.9,497.35,473.59,420.17,376.36,350.8,298.29,214.18,189.59,102.17,48.358,-7.4773,-64.364,-129.47,-170.23,-286.79,-349.42,-399.05,-500.36,-582.79,-648.93,-752.36,-863.97,-963.05,-1029.8,-1134.6,-1272.7,-1350.9,-1446.5,-1580.9,-1681.3,-1804.4,-1956.9,-2061.4,-2204.8,-2320.8,-2496.4,-2642.6,-2746.1,-2911.1,-3091.7,-3229.9,-3375.7,-3548.1,-3731.1,-3912.6,-4099.3,-4269.2,-4429.9,-4641,-4852.1,-5050,-5215.3,-5453.1,-5635.9,-5884.1,-6091.9,-6334.2
8.52e-07,6.44e-07,484.55,467.85,416.06,371.44,324.93,323.39,281.19,241.07,245.34,210.43,153.06,129.33,150.26,113.42,107.89,80.492,44.081,30.638,23.357,19.905,-5.5652,0.45465,-23.562,-2.9745,-0.16863,-28.598,-20.263,-34.694,-39.765,-17.4,-30.183,-19.233,8.4041,-21.911,2.6102,-12.397,4.6655,40.395,41.916,68.995,50.587,86.025,80.157,93.359,99.894,141.15,123.31,187.3,202.9,193.27,226.2,238.89,261.54,291.33,282.9,325.05,361.2,339.28,393.34,396.67,430.21,460.7,501.56,491.02,548.37,551.7,558.36,625.65,622.25,652.07,674.62,710.12,724.38,744.93,805.97,782.55,836.57,882.87,876.46,903.63,925.04,947.82,1005.9,1019.3,1037.7,1078.8,1071,1111.7,1125.2,1177.9,1168.7,1216,1243.5,1239.6,1259.4,1284.5,1315.2,1317.9,1356.5,1374.1,1388.2,1371.9,1406.8,1450.9,1422.9,1451.4,1492.3,1458.8,1496.6,1487.6,1541.7,1525.3,1523,1556.9,1569.6,1559.2,1539.8,1555.2,1573.7,1555.9,1558,1580.6,1546.7,1571.6,1577.9,1569,1568.4,1521.8,1544.7,1498.7,1521.9,1481.8,1505,1465.9,1473.8,1409.3,1419.2,1406.7,1366.2,1364.6,1312.9,1311.3,1267.4,1242.8,1218.6,1168.2,1123.8,1065.7,1059.4,998.91,946.08,902.91,862.54,816.99,784.82,711.97,688.68,583.86,559.74,482.91,433.36,363.75,272.87,249.85,159.9,57.384,-17.667,-72.061,-137.91,-239.76,-305.03
8.52e-07,6.33e-07,-43.597,-67.651,-93.82,-113.07,-126.38,-136.51,-184.78,-157.94,-194.2,-216.76,-195.77,-194.2,-200.74,-217.24,-252.24,-216.5,-218.48,-257.25,-245.43,-217.2,-249.5,-254.5,-222.71,-227.96,-225.11,-182,-219.81,-187.37,-202.02,-163.53,-134.23,-124.82,-111.24,-140.15,-91.486,-113.16,-93.77,-41.451,-48.346,-41.926,-28.53,-3.3178,49.162,67.32,84.798,92.27,105.6,114.2,152.04,164.64,216.53,199.29,265.1,247.66,302.27,332.6,324.07,343.78,392.03,416.58,424.54,474.69,478.15,508.31,507.07,533.41,596.48,616.92,623.23,625.31,665.46,716.85,724.47,752.29,775.32,781.58,799.18,803.99,857.97,884.76,899.61,899.33,951.85,930.29,944.67,965.29,1015.5,1025,1009.3,1025.3,1042.4,1093.8,1085.9,1096.8,1125.4,1134.1,1149.3,1159.2,1161,1153.4,1180.9,1188.3,1184.7,1168.6,1209.3,1184.5,1212,1198.8,1198.8,1216.2,1172.7,1214,1174,1183,1175.3,1187.8,1141.8,1153.7,1118.7,1115.8,1123.2,1108.6,1070.6,1061.7,1022,1009.1,989.29,954.48,917.65,895.18,876.65,854.86,814.43,755.92,737.17,717.28,675.56,603.29,559.47,502.91,475.99,418.73,383.65,335.63,278.73,225.13,159.56,82.681,19.253,-36.386,-116.83,-195.16,-233.93,-308.12,-371.98,-483.06,-525.54,-613.51,-718.63,-794.69,-895.63,-1000.5,-1101.1,-1160.3,-1271.8,-1364.3,-1491.4,-1570,-1675.3,-1802.7,-1890.9
9.13e-07,6.39e-07,-1677.8,-1644.2,-1578.5,-1574,-1519.6,-1474.7,-1421,-1361.8,-1334.7,-1310.4,-1239.5,-1194.1,-1152.2,-1120,-1108.5,-1078.2,-1031.3,-1001.5,-942.42,-878.19,-838.72,-815.56,-809.24,-764.36,-687.59,-651.62,-635.08,-611.26,-547.92,-542.01,-485.92,-431.39,-419.45,-402.89,-352.1,-295.62,-275.84,-246.92,-237.14,-189.51,-135.77,-97.097,-85.146,-25.878,-5.0296,31.107,68.489,65.826,126.34,131.4,160.97,199.72,224.71,252.66,304.42,294.7,360.54,378.22,396.13,428.69,482.5,512.98,517.71,538.34,556.8,580.93,623.21,665.66,701.67,682.08,719.96,738.54,785.45,816.05,820.7,873.51,873,915.82,944.77,950.37,984.42,988.27,1022.4,1047.2,1051.3,1070.3,1104.7,1122.6,1141.6,1172.7,1219.3,1198.6,1222.7,1259,1301.1,1315,1316.6,1344.5,1338.1,1379.3,1399.8,1401.6,1413.9,1465.4,1475.4,1483.6,1480.3,1532.3,1553.2,1532.3,1596.3,1608.3,1607.3,1643.7,1652.8,1636.4,1658.5,1693.5,1682.9,1724.9,1748.7,1758.7,1776.6,1757.6,1802.3,1791.9,1824.9,1850.5,1841.9,1849,1887.5,1900.3,1883.1,1906.9,1907.5,1911.3,1914.5,1962.1,1936.6,1962.7,1964.3,2005.5,1991.5,2008.7,2027.2,2018,2016.3,2071.7,2057.6,2044.4,2074.9,2079,2097,2090.4,2123.9,2117.5,2141,2134,2157.3,2127.5,2157.9,2165,2152.5,2192.1,2158.3,2206.9,2186.9,2219.7,2207.8,2202.5,2231.7
9.09e-07,6.44e-07,-1333,-1309.4,-1247.8,-1244.7,-1206.9,-1174.6,-1146.1,-1109.9,-1067.2,-1022.4,-1026.9,-993.36,-949.7,-902.1,-859.7,-872.94,-824.61,-807.25,-776.24,-729.64,-681.86,-680.07,-650.9,-610.77,-565.54,-556.93,-520.88,-500.32,-480.29,-420.98,-412.02,-366.88,-363.22,-301.63,-271.07,-233.41,-248.24,-212.94,-178.22,-124.69,-109.69,-94.183,-26.328,-11.669,-5.0799,23.507,75.792,104.42,140.44,171.74,179.71,196.51,226,243.06,285.97,322.22,360.32,355.92,400.35,428.03,470.94,503.1,497.58,530.98,550.39,580.88,600.17,657.09,685.52,724.39,735.38,761.06,806,802.91,854.49,868.13,906.87,909.3,951.09,980.5,984.7,1027.9,1054,1047.3,1068.3,1100.9,1137.8,1179.9,1189.2,1232.2,1247.5,1264.1,1311.6,1317,1314.9,1385.9,1379.8,1427.9,1429.1,1432.2,1499.6,1490.8,1534.6,1542,1579.9,1597.6,1614.1,1629.8,1676.2,1674,1701.2,1728.7,1734.3,1754.6,1769.8,1803.9,1810.8,1860.8,1885.2,1889.5,1923.4,1919.1,1943.4,1973.5,1968.6,2016.4,2034.6,2029.1,2080.3,2082.7,2094.9,2103.7,2125.7,2182.3,2163.5,2212.4,2206.1,2253.6,2248.4,2254.3,2265.7,2303.7,2334.7,2333.3,2345.8,2383.4,2395.8,2409.5,2402,2430.5,2440.7,2479,2487.9,2506.1,2503.6,2496.3,2522.4,2547.8,2573.4,2600.2,2566.1,2607.1,2633.5,2650.2,2657.5,2636.8,2671.5,2675.7,2684.1,2701.2,2714.7
