8.34e-07,6.37e-07,-2399.1,-2334.1,-2277.1,-2255.6,-2209.4,-2139,-2073.7,-2025.6,-1949,-1927,-1874,-1786.4,-1776.8,-1686.9,-1635.8,-1568,-1539.6,-1476.6,-1428.8,-1352.4,-1308.6,-1270.2,-1216.7,-1137.2,-1121.6,-1066.3,-1016.2,-926.97,-880.91,-845.46,-815.04,-719.4,-669.55,-619.27,-602.56,-529.17,-481.36,-432.32,-409.93,-331.96,-317.02,-241.89,-205.65,-171.27,-117.59,-102.6,-79.595,-36.383,14.083,39.33,96.202,124.85,171.26,195.84,218.74,255.15,304.69,338.31,356.12,359.74,371.63,411.65,442.95,464.76,454.63,509.23,529.53,508.53,518.59,526.33,538.94,572.49,588.56,557.46,578.71,586.87,564.7,548.54,569.75,565.91,575.95,553.51,532.29,493.87,491.07,499.87,442.09,409.4,411.84,361.75,346.84,341.04,304.55,230.05,211.3,166.43,123.72,97.184,16.289,-31.693,-59.765,-123.03,-203.9,-240.35,-316.75,-366.37,-443.43,-536.19,-574.04,-666.78,-768.39,-824.44,-913.88,-1020.3,-1109.6,-1213.9,-1318.3,-1423.1,-1516.5,-1607.2,-1703.3,-1838.6,-1931.7,-2054.2,-2216.4,-2310.6,-2458.1,-2568.8,-2695.6,-2870.7,-2995.2,-3154.2,-3287.3,-3462.6,-3598.8,-3759.6,-3952.5,-4120.3,-4283.2,-4438.1,-4613.9,-4824.9,-4998.8,-5205.6,-5370.1,-5602.5,-5776.1,-5975.2,-6185.3,-6434.5,-6638.9,-6861.9,-7099.1,-7302.7,-7517.3,-7775.6,-7998.8,-8248.1,-8513.3,-8766.4,-9037.3,-9316.1,-9544.7,-9826.1,-10102,-10402,-10664,-10975,-11248,-11554,-11885
9.3e-07,6.51e-07,-3553.3,-3401.1,-3332,-3213.5,-3122.3,-2996.1,-2923.3,-2816.7,-2718.2,-2610.9,-2534.8,-2445,-2367.2,-2286,-2197.1,-2074.9,-2029.3,-1939.4,-1862.8,-1768.2,-1667.3,-1625.8,-1525.1,-1472.9,-1360.9,-1309.1,-1242.7,-1164.4,-1089,-1038.8,-985.82,-897.09,-823.93,-786.17,-716.45,-635.06,-592.73,-531.96,-492.63,-402.61,-371.47,-332.1,-287.88,-239.22,-191.46,-126.41,-93.9,-53.247,31.773,32.587,115.6,114.9,174.19,206.18,264.7,283.45,306.2,336.03,385.4,396.44,447.75,461.08,503.53,526.88,555.91,544.6,586.54,604.35,645.64,648.39,684.6,677.2,711.68,697.35,710.5,754.35,770.67,771.5,780.27,750.61,796.24,770.21,767.8,781.38,787.74,817.23,815.61,814.69,783.23,789.77,787.13,779.65,774.65,736.24,727.2,728.75,751.15,709.19,682.35,711.53,686.91,656.5,635.58,621.06,590.47,580.07,583.85,517.56,503.05,501.08,449.18,425.37,400.83,381.26,376.21,333.02,300.89,249.56,230.85,204.01,160.6,115.2,63.003,33.309,4.5108,-34.871,-80.12,-134.99,-156.86,-231.17,-256.7,-279.38,-346.99,-412.18,-416.45,-486.34,-538.57,-573.78,-619.97,-673.31,-771.06,-789.25,-869.39,-933.44,-957.25,-1030.2,-1084.3,-1149.4,-1222.7,-1285.5,-1338.6,-1407.2,-1477,-1554.9,-1612.6,-1674.9,-1717.9,-1792.5,-1869.2,-1959.2,-2024.9,-2102.5,-2172.6,-2246,-2311.7,-2386.7,-2476.6,-2527.8,-2600.3,-2679.4,-2794.3
9.39e-07,6.73e-07,-2793.3,-2713,-2627.1,-2551.1,-2462.6,-2389,-2293.3,-2222.1,-2163.3,-2071.8,-2012.3,-1931.7,-1868.4,-1790.3,-1740.9,-1661.2,-1573.8,-1533.2,-1488.6,-1380.4,-1330.7,-1280.6,-1232.4,-1149.5,-1097.4,-1059.3,-998.38,-908.21,-856.51,-826.38,-741.06,-716.23,-646.35,-624.85,-573.89,-524.42,-476,-421.91,-382.91,-327.32,-267.77,-253.3,-181.69,-165.37,-111.54,-65.086,-16.484,35.323,44.794,91.38,124.52,140.24,198.13,218.6,265.13,271.34,323.38,379.44,379.63,434.56,448.84,483.91,516.41,537.6,547.14,584.65,612.56,628.47,658.74,669.51,695.69,702.25,723.86,737.45,780.62,778.01,827.6,822.71,853.68,834.3,890.97,882.23,904.01,926.69,915.11,925.05,943.28,952.6,940.64,959.81,1004.3,976.44,1002.8,984.8,999.67,1023.3,1020.1,1044.5,1033,1038.8,1025.3,1054.9,1065.3,1057.7,1057.9,1070.5,1043,1043.9,1039.1,1044.7,1028.1,1059,1041.2,1061.1,1035,1041.6,1015.3,1038.6,1011.2,1018,992.01,994.73,1002.9,1002.9,964.45,953.59,958.21,964.43,934.85,915.11,917.45,940.4,894.21,924.23,872.04,859.63,848.02,831.79,829.04,826.99,809.16,815.96,796.65,793.94,753.06,770.05,755.33,730.66,691.75,706.35,697.45,646.63,639.8,653.7,606.96,610.4,567.38,586.16,567.98,515.82,547.38,508.17,495.5,497.14,475.55,443.54,434.13,423.26,378.11,348.52,359.72
8.48e-07,6.37e-07,-2564.1,-2481.8,-2465.2,-2379.2,-2336.8,-2240.8,-2194.5,-2150.4,-2087.7,-2004.5,-1973.4,-1915.7,-1841,-1786.4,-1725.3,-1666.2,-1620.2,-1544.8,-1488.2,-1442,-1364.3,-1317.6,-1254.1,-1202.6,-1123.4,-1086.9,-1030.8,-980.05,-938.82,-876.26,-830.27,-752.84,-730.47,-677.37,-621.95,-547.47,-497.28,-440.94,-407.27,-388.29,-314.57,-286.13,-227.88,-189.58,-123.95,-95.299,-43.672,1.7279,42.825,34.1,79.958,110.46,179.61,215.12,254.16,274.52,316.79,314.02,353.22,375.3,380.88,402.74,440.37,483.41,467.51,514.55,524.73,512.96,561.59,558.76,571.23,565.52,595.78,586.61,600.09,598.88,590.32,586.46,573.33,574.37,583.13,578.85,587.54,563.98,566.11,548.72,491.35,489.13,443.46,430.93,401.98,387.05,378.13,318.93,288.72,271.43,201.8,193.4,129.08,88.415,47.759,-19.63,-79.715,-100.23,-169.74,-249.49,-286.19,-374.98,-438.39,-490.1,-547.68,-631.25,-734.26,-775.21,-874.96,-965.24,-1059.3,-1154.1,-1240.8,-1335.5,-1419.5,-1531.3,-1617.8,-1756.9,-1825.9,-1938.9,-2090.6,-2184,-2338.9,-2467.2,-2565.9,-2717,-2823.8,-2971.5,-3096,-3249.3,-3389.6,-3556.7,-3714.4,-3839.2,-4015.6,-4196,-4345,-4509.3,-4694.5,-4858.9,-5047.4,-5210.6,-5428.8,-5630.9,-5811.3,-6017.1,-6227.1,-6400.9,-6610.7,-6822.8,-7058,-7236.7,-7470,-7706.3,-7957.9,-8183.8,-8430.8,-8654.1,-8897.8,-9151.8,-9402.9,-9651.9,-9939.4,-10194,-10434
8.48e-07,6.8e-07,-340.16,-356.95,-352.4,-360.68,-360.67,-376.92,-398.98,-373.94,-410.37,-382.2,-419,-384.77,-409.37,-387.15,-419.68,-399.57,-386.87,-389.81,-360.15,-374.23,-370.08,-378.73,-346.98,-312.18,-330.61,-305.55,-311.79,-270.92,-281.87,-252.39,-236.21,-210.42,-189.73,-179.82,-172.66,-171.98,-142.69,-91.689,-103.16,-53.494,-51.358,-31.516,-23.671,20.01,49.643,52.761,65.523,88.523,112.01,164.89,153.02,214.85,220.39,262.33,241.58,289.94,317.53,308.69,378.08,389.54,408.63,408.77,426.42,491.34,465.85,527.71,552.52,550.58,553.89,613.19,611.08,602.68,659.25,671.08,668.62,708.79,736.33,736.85,730.66,746.1,792.3,804.08,771.73,815.08,816.74,810.52,811.58,824.04,826.42,839.63,872.08,861.54,882.19,867.28,891.01,890.87,863.2,872.22,847.6,854.91,864.04,853.79,815.65,803.69,795.53,781.58,768.93,744.46,762.98,738.12,701.35,702.09,665.64,652.98,612.88,570.48,540.75,530.21,486.67,447.27,423.11,380.45,317.51,311.47,273.45,206.87,167.35,97.807,73.779,24.214,-36.592,-111.52,-149.35,-219.05,-317.88,-376.49,-419.06,-495.22,-552.84,-654.15,-708.52,-800.25,-885.52,-978.53,-1073.8,-1168.2,-1225.6,-1326.8,-1412.4,-1519.6,-1611.4,-1743.4,-1825.7,-1962.3,-2057.9,-2176.4,-2292.9,-2441.4,-2543.3,-2649.8,-2772.3,-2929.9,-3053,-3194.7,-3358.8,-3506.6,-3605.2,-3767.7,-3945.1,-4073.8,-4256.7
8.18e-07,6.47e-07,-1662.8,-1626.4,-1609.8,-1590.2,-1553.4,-1521.5,-1474.4,-1437.2,-1408.4,-1424.1,-1377.3,-1326.4,-1279.1,-1280.5,-1233.9,-1202.7,-1161.4,-1128.9,-1109.4,-1032.5,-1004.8,-960.75,-939.47,-897.59,-857.72,-832.59,-799.98,-714.61,-685.8,-642.41,-618.62,-557.24,-557.05,-507.21,-456.97,-428.71,-407.09,-339.94,-290.26,-281.46,-250.97,-219.04,-148.46,-121.95,-107.43,-47.259,-13.773,34.679,48.054,73.76,122.83,165.13,165.08,190.51,233.44,237.72,266.46,303.92,318.43,375.96,389.06,409.46,440.79,454.37,482.88,486.46,487.26,519.89,543.55,518.53,530.45,553.93,552.4,550.55,562.9,566.06,565.76,557.49,572.46,583.72,579.09,531.55,522.45,508.6,515.58,494.15,498.33,473.4,451.25,422.28,398.05,349.19,305.84,303.25,235.88,215.58,163.51,117.89,89.102,33.076,-39.455,-88.294,-135.6,-170,-229.99,-308.93,-351.17,-465.64,-503.84,-576.78,-670.68,-737.93,-829.59,-944.57,-1000.9,-1126.5,-1218,-1297.6,-1420.8,-1513,-1599.6,-1744.1,-1825,-1964.9,-2103.6,-2222.5,-2348,-2475,-2601.5,-2742.1,-2876.6,-3040.7,-3169.2,-3350.1,-3487.1,-3677.3,-3827,-3979.5,-4177,-4374,-4557.2,-4718.6,-4928.9,-5101.3,-5316.4,-5502.4,-5704,-5902.9,-6150.8,-6362.7,-6600.8,-6836.4,-7037.2,-7293.9,-7519.1,-7746.2,-8044.2,-8297.6,-8521.6,-8818.9,-9088.8,-9360.4,-9622.9,-9906.4,-10217,-10495,-10789,-11107,-11419,-11729,-12016
9.3e-07,6.85e-07,-2077.4,-2008.7,-1948.2,-1907.3,-1829.9,-1780.3,-1731.9,-1655.6,-1608.7,-1565.8,-1494.2,-1459,-1406.4,-1343.3,-1329,-1236.1,-1196.4,-1174.2,-1127.6,-1042.2,-1032.6,-965.59,-910.79,-897.29,-836.64,-814.78,-744.13,-730.64,-683.01,-616.11,-596.1,-561.23,-485.87,-448.26,-395.22,-376.77,-350.71,-324.65,-268.12,-251.21,-196.65,-161.72,-107.15,-67.246,-64.129,-19.664,-5.1668,62.785,84.498,126.37,136.94,170.62,189.87,216.46,277.26,287.59,330.49,341.01,393.69,421.2,433.48,474.62,485.36,531.87,536.07,590.64,598.3,644.3,624.62,655.42,668.39,690.64,711.15,772.6,762.96,775.77,813.39,821.99,883.66,869.38,884.11,893.53,916.51,938.27,947.69,991.02,1003.6,1012.5,1018.2,1045,1053.4,1096.1,1098.9,1133.2,1117.7,1120.6,1152.3,1167.4,1169,1185.1,1204.1,1235.8,1216.6,1239,1243.1,1262.1,1254.2,1291.1,1309.8,1287.2,1309.8,1312.4,1318.6,1323.2,1321.7,1334.1,1334,1338.8,1374.8,1373.8,1385.5,1363,1364.1,1375.9,1399.7,1419.5,1400.5,1412,1393.9,1412.3,1437.9,1428.9,1417.7,1403.4,1405.7,1434.8,1440.1,1420.8,1449.6,1422.1,1454.5,1412.3,1425.3,1418.1,1447.1,1454.9,1454,1416.2,1435.7,1446.9,1428.1,1450.4,1401,1410,1405,1393.5,1408.8,1395.7,1407.4,1416.2,1412.8,1413.9,1384.1,1384.6,1396.7,1389.5,1384.6,1362.6,1372.5,1355.1,1353.1
8.24e-07,6.89e-07,401.88,351.86,311.93,259.91,234.09,197.66,164.71,161.47,126.29,121.13,51.593,76.899,55.424,-6.1016,-22.147,-0.89661,-52.678,-22.078,-32.897,-64.586,-88.76,-71.71,-69.411,-59.785,-66.964,-103.94,-93.733,-88.877,-63.595,-59.987,-71.204,-51.099,-85.25,-76.377,-65.557,-60.913,-22.72,7.4671,11.367,-3.7606,8.826,23.859,71.067,42.236,74.596,122.1,133.04,129.16,155.94,155.27,196.13,227.78,207.13,251.02,242.75,280.02,316.03,329.77,363.4,391.43,403.38,400.99,410.5,465.57,474.04,512.05,531.87,516.52,556.52,561.93,563.11,590.45,606.55,629.68,683.52,666.68,691.97,710.58,722.18,737.77,763.24,750.63,764.39,805.28,782.12,779.53,796.58,801.22,825.87,822.79,822.47,824.21,862.15,840.79,847.16,840.75,845.89,838.44,849.14,849.73,811.23,814.12,783.76,790.88,778.93,737.09,726.97,715.01,699.18,655.83,643.69,633.62,579.89,565.14,539.78,524.19,486.31,412.76,411.51,379.23,320.29,263.94,221.68,168.91,111,74.224,-17.387,-58.671,-120.59,-180.61,-228.67,-294.92,-369.06,-476.48,-550.39,-639.34,-714.26,-795.85,-874.47,-947.03,-1046.2,-1122.9,-1234.7,-1369.1,-1459.4,-1568.2,-1655.6,-1785.1,-1877.3,-2011.5,-2144.8,-2293.1,-2394.5,-2528.8,-2679,-2828.4,-2964.1,-3105.5,-3244.6,-3416.1,-3572.7,-3730.4,-3862.1,-4068.1,-4227.3,-4371.3,-4585.6,-4766.3,-4916.1,-5107.1,-5296.3
9.06e-07,6.65e-07,-2245.7,-2162.8,-2125.5,-2071,-1996.1,-1969.2,-1873.4,-1819.2,-1797.5,-1737.2,-1684,-1605.9,-1550.5,-1483,-1430,-1369.1,-1349.9,-1288.6,-1230.7,-1187.8,-1147.7,-1070.1,-1052.9,-975.4,-956.6,-890.42,-833.02,-798.62,-727.37,-685.7,-669,-604.55,-548.97,-548.13,-491.04,-461.11,-391.84,-348.47,-296.15,-290.51,-217.75,-169.71,-156.07,-136.74,-74.122,-34.154,-28.208,14.881,57.454,87.614,151.66,184.98,188.95,231.54,257.28,300.37,331.68,322.35,394.83,406.31,422.15,465.92,476.26,486.16,526.85,551.01,594.48,601.62,618.65,651.3,664.31,692.85,700.96,724.89,742.84,720.16,764.66,765.96,774.55,812.56,813.3,824.01,803,847.07,853.29,833.16,874.88,843.27,889.31,850.27,897.35,863.04,862.86,874.33,861.27,855.1,873.92,864.15,889.87,881.84,854.7,857.45,822.31,830.99,807.27,828.98,800.37,804.86,767.3,737.66,748.87,748.85,732.43,701.26,692.53,673.76,616.33,590.84,578.51,573.61,552.67,488.37,459.96,460.05,413.6,389.34,378.11,333.31,302.58,273.8,208.06,176.18,136.03,96.326,57.069,23.086,10.959,-30.56,-97.28,-160.08,-194.67,-260.87,-285.89,-336.72,-383.42,-466.3,-481.57,-556.06,-599.09,-675.96,-719.11,-801.69,-857.3,-888,-966.07,-1045.9,-1125,-1175.8,-1259.3,-1286,-1356.9,-1437.9,-1503,-1599.1,-1650.2,-1757.5,-1843.6,-1898.9,-1995.3,-2086,-2179.1
8.28e-07,6.29e-07,-2867.2,-2787.9,-2721.1,-2682,-2568.5,-2528.8,-2459.5,-2372.8,-2337.5,-2271.1,-2199.7,-2123.7,-2074.6,-1996.4,-1943.1,-1870.6,-1796.5,-1719.5,-1648,-1577.7,-1538,-1455.2,-1387.1,-1363,-1286.9,-1241.9,-1156.9,-1083,-1036.3,-994.4,-909.78,-876.45,-817.07,-721.46,-663.49,-646.03,-561.96,-505.24,-464.27,-400.07,-355.33,-336.55,-270.55,-232.8,-165,-130.97,-104.06,-63.066,-1.1956,44.585,52.396,127.36,142.5,171.18,197.75,240.07,259.58,294.6,323.6,368.68,401.64,404.38,426.35,447.56,488.47,508.76,492.95,511.56,521.35,536.9,553.73,543.43,527.08,549.23,569.07,547.57,561.6,513.45,513.82,493.01,472.69,454.07,461.83,446.97,389.28,407.16,376.43,343.49,293.8,272.2,243.04,175.51,137.13,101.18,59.171,-15.908,-58.487,-140.47,-196.31,-257.31,-298.27,-399.92,-453.91,-501.33,-579.35,-670.37,-767.97,-873.65,-938.34,-1050.2,-1151.7,-1225.6,-1340.4,-1459.4,-1546.9,-1659,-1765.5,-1869.3,-2007.7,-2128.8,-2292.2,-2405,-2547.2,-2690.6,-2807.3,-2981.1,-3132.6,-3263.6,-3426.3,-3584.6,-3751.7,-3916.9,-4095.7,-4293.5,-4466.3,-4670.9,-4860.7,-5043.6,-5247.9,-5445.6,-5651.9,-5870.5,-6063.3,-6277,-6528.4,-6706.5,-6974.2,-7188.4,-7432.2,-7689.6,-7951,-8181,-8425.8,-8691.4,-8969.5,-9261.1,-9537.5,-9808.4,-10064,-10358,-10692,-10981,-11260,-11575,-11913,-12231,-12524,-12856,-13205,-13541,-13870
7.99e-07,6.43e-07,-1816,-1772.7,-1743.9,-1732.1,-1711.1,-1674.2,-1657.3,-1589.7,-1556.1,-1543.2,-1521.8,-1494.1,-1410.1,-1414.3,-1359.1,-1314.7,-1298.3,-1237,-1177.5,-1160.3,-1123.1,-1087.7,-1056.1,-987.36,-966.86,-919.5,-853.82,-841.17,-763.78,-734.65,-699.8,-649.24,-583.78,-579.39,-497.22,-481.31,-437.46,-407.24,-333.14,-323.47,-282.04,-210.69,-180.83,-132.31,-112.56,-71.097,-30.013,-16.807,20.435,54.132,78.946,120.49,155.13,173.88,230.11,271.43,278.47,328.96,344.12,351.91,360.58,420.02,403.94,426.57,450.8,461.99,465.28,500.25,487.43,504.61,519.86,543.53,534.77,510.4,516.46,536.07,503.32,493.78,501.24,501.46,454.92,471.3,458.98,440.82,409.65,390.13,352.05,298.32,264.94,252.28,222.92,159.23,105.49,70.966,49.397,-30.317,-69.517,-153.45,-181.78,-259.12,-299.19,-412.76,-444.6,-524.68,-634.03,-697.75,-771.33,-873.76,-986.19,-1077.5,-1169.3,-1240.2,-1344.2,-1501.7,-1571,-1723.2,-1805.1,-1955.3,-2082.1,-2211.2,-2357.3,-2503.4,-2653.6,-2805.6,-2950.7,-3080.8,-3233.1,-3399,-3609.3,-3766.8,-3931,-4096.7,-4328.2,-4510.4,-4670.6,-4903.3,-5120,-5294.1,-5504.9,-5724.8,-5980.5,-6212.9,-6442.1,-6656.8,-6919.4,-7166.5,-7413.6,-7660.8,-7909,-8206.6,-8480.5,-8722.9,-9046.7,-9303.1,-9594.4,-9910.6,-10239,-10535,-10834,-11184,-11471,-11834,-12143,-12518,-12850,-13233,-13585,-13957,-14332,-14716,-15101
8.31e-07,7.11e-07,1149.8,1086.9,1004,954.11,893.01,872.05,810.65,768.65,706.06,666.45,617.09,574.75,557.88,485.77,466.22,435.52,401.83,354.29,322.99,307.95,296.67,242.48,230.23,214.17,227,175.03,166.88,167.12,143.53,143.63,130.22,104.48,140.83,109.11,136.69,122.32,94.411,89.143,129.3,130.49,126.5,111.16,154.57,116.93,126.57,140.11,168.53,182.28,181.11,191.7,211.91,244.11,262.36,247.81,298.74,278.49,316,340.49,359.76,356.07,372.47,437.15,431.61,469.12,474.15,508.99,510.68,537.98,585.83,604.55,606.37,649.42,651.19,657.33,714.47,703.02,730.26,774.74,808.7,806.07,818.08,864.51,880.56,914.48,948.12,928.95,975.43,990.87,1034.9,1053.6,1043.2,1090.2,1101,1078.1,1102.2,1121.8,1136.2,1185.3,1193.3,1169.6,1198,1197.1,1238.8,1238.2,1240,1247,1273.5,1236.7,1260.5,1283,1272.7,1275.2,1254,1288.9,1280.8,1277.4,1262.5,1262,1255.7,1209.4,1214.7,1202.3,1188.7,1161.8,1161,1121.2,1104,1083.2,1056.6,1031,1006.3,974.55,962.64,922.78,888.85,820.15,812.7,778.69,715.25,671.19,626.21,566.05,530.63,447.06,394.92,343.09,304.9,241.82,151.47,104.46,-7.7169,-78.818,-152.05,-221.69,-284.44,-371.22,-461.7,-541.34,-665.1,-765.92,-864.75,-965.26,-1026.7,-1138.9,-1278.4,-1395.3,-1491.4,-1612.5,-1754,-1842.5,-1993.4
7.7e-07,6.36e-07,-2438.5,-2399.9,-2346,-2308.8,-2252.2,-2194,-2132.2,-2101.6,-2067.3,-2019.3,-1958.9,-1897.8,-1861.3,-1796.1,-1731.9,-1706.6,-1645.4,-1594.2,-1526.8,-1461.5,-1435.1,-1380.7,-1337,-1244.4,-1192.3,-1156.3,-1093.4,-1053.4,-980.54,-944.84,-878.12,-805.5,-790.15,-741.03,-662.69,-627.35,-583.22,-519.23,-454.91,-427.25,-352.58,-308.72,-271.65,-218.06,-156.13,-142.08,-99.358,-70.301,-27.348,25.498,61.076,95.345,146.78,166.22,207.45,216.64,251.6,297.51,321.95,357.64,380.86,390.46,387.52,438.21,407.8,446.38,469.43,464.39,454.98,450.34,455.51,435.85,449.52,427.9,435.16,443.02,398.17,378.62,375.64,367.9,316.7,303.61,275.56,218.19,197.33,140.88,114.04,47.984,-30.102,-85.133,-142.48,-203.19,-253.71,-326.68,-385.46,-458.91,-566.53,-664.15,-723.35,-803.53,-905.66,-1030.9,-1125.1,-1224.1,-1340.7,-1463.5,-1597.4,-1690.9,-1830.3,-1972.6,-2095.6,-2280.5,-2406.2,-2575.6,-2710.8,-2887.9,-3037.2,-3242.3,-3382.6,-3598.1,-3757.9,-3963.9,-4155,-4346.3,-4544.7,-4763.1,-4987.1,-5218.6,-5444.8,-5679.8,-5931.1,-6193.2,-6443.7,-6711.9,-6959,-7201.2,-7471,-7773.9,-8059.4,-8370.8,-8635.7,-8972.6,-9294.2,-9598.1,-9918.3,-10221,-10590,-10943,-11258,-11620,-12001,-12380,-12731,-13117,-13534,-13933,-14312,-14748,-15168,-15592,-15995,-16426,-16901,-17320,-17813,-18251,-18752,-19254,-19706,-20242,-20719
9.38e-07,6.74e-07,-2725,-2651.9,-2588.8,-2507.9,-2413.1,-2317,-2271.6,-2206,-2136,-2048.9,-1968.2,-1904.4,-1815.4,-1763,-1702.7,-1622.5,-1545,-1480.8,-1445.5,-1371.2,-1309.2,-1229.8,-1197.1,-1147.4,-1077.6,-1013.8,-959.91,-905.69,-874.05,-793.66,-768.57,-712.97,-661.5,-573.31,-556.74,-500.63,-463.3,-387.62,-364.9,-332.73,-271.28,-216.66,-173.44,-165.91,-78.78,-50.247,0.61187,23.301,56.168,66.167,121,179.78,218.26,220.01,279.93,318.66,348.43,360.71,395.95,425.44,453.75,496.1,487.83,506.69,540.46,595.53,592.4,633.71,644.32,643.52,701.06,717.87,717.17,730.52,765.72,768.95,821.31,839.04,848.05,878.18,868.69,890.79,895.99,913.7,912.25,927.65,957.14,978.84,964.74,981.01,981.82,986.12,1021.9,1023.5,1018.3,1034.5,1010.8,1059.6,1025.4,1025.6,1051.8,1034.4,1046.9,1052,1085.1,1066.7,1065.6,1055.1,1082.7,1074.6,1091.3,1060.4,1081.9,1086,1081.1,1074.9,1065.3,1037.4,1067,1031,1045.7,1029.2,1037.4,1030.5,993.6,989.69,1010.1,972.56,997.14,956.2,947.82,964.07,962.28,930.65,946.69,924.42,925.66,913.51,904.4,906.72,867.07,855.25,836.93,836.16,808.1,805.59,788.6,806.88,774.99,772.13,725.57,752.85,735.3,723.97,664.35,667.45,671.68,619.73,617.32,605.24,580.83,572.37,561.86,545.62,544.47,536.13,482.94,496.35,481.41,424.23,416.02
9.41e-07,7.19e-07,-1308,-1239.9,-1210.9,-1199.5,-1154.4,-1099.8,-1073.3,-1048.7,-1034.4,-975.85,-967.42,-916.57,-887.05,-875.81,-847.25,-815.56,-772.57,-720.42,-687.05,-697.63,-659.57,-605.71,-607.65,-553.61,-523.3,-509.48,-469.41,-434.71,-431.2,-365.2,-380.36,-346.85,-281.21,-259.9,-264.56,-201.87,-173.03,-151.28,-144.63,-119.55,-106.78,-57.362,-27.564,-3.3256,14.49,72.418,77.929,106.73,127.66,165.03,178.68,229.21,216.36,240.33,293.59,323.28,318.86,378.84,371.22,401.01,449.55,493.17,525.84,549.44,573.01,596.67,600.58,641.66,664.27,679.35,733.21,727.26,788.53,780.97,809.85,847.01,905.74,917.13,946.13,990.19,1027.6,1022.6,1053.4,1102.9,1142.8,1148.5,1169.9,1236.5,1265.7,1272.5,1319.6,1353.5,1373.1,1420,1461,1476.2,1519.5,1545.4,1590.5,1592.9,1631.2,1677.8,1694.4,1724.6,1770.8,1797.8,1866.5,1890.9,1925.4,1958.1,1989.3,2044.1,2072.2,2087.2,2132.2,2169,2236.7,2272.7,2289.3,2371.7,2402,2417.2,2470.2,2521.5,2550.1,2624,2631.6,2702,2742.1,2796.7,2832.4,2880.6,2938.1,2993.6,3018.7,3087.2,3138.2,3160,3206.1,3262.1,3309.1,3376.7,3426,3488.7,3544.4,3575.4,3651.1,3718.1,3776.5,3814,3865.6,3948.7,4017.2,4060.7,4104.4,4176.5,4211.7,4274.7,4355.5,4443,4504,4543.1,4623.7,4669.3,4741.5,4813.6,4897.8,4966,5005.4,5088.9,5176.1
8.65e-07,6.28e-07,-3357.3,-3287,-3185.7,-3119.8,-3016.7,-2909,-2831.6,-2766.4,-2686.3,-2613,-2505.4,-2419.7,-2356.4,-2272.2,-2159.7,-2107.8,-2029.5,-1918.9,-1840.5,-1764.6,-1731.4,-1648.1,-1572.8,-1465.8,-1414.4,-1338,-1299.7,-1199.3,-1139.8,-1084,-1024.7,-928.51,-850.68,-807.51,-734.91,-698.27,-652.99,-551.99,-524.09,-452.76,-392.21,-327.65,-313.66,-247.73,-181.5,-158.46,-118.51,-48.838,11.918,12.158,68.603,137.55,134.03,182.08,217.37,271.6,310.99,312.51,350.29,391.22,393.3,413.86,436.82,488,518.61,536.57,546.23,540.66,580.22,549.61,576.52,572.46,588.68,604.92,593.61,616.38,618.38,597.73,593.45,600.62,569.44,570.48,537.3,558.16,513.8,486.6,463.71,442.14,433.52,421.51,371.01,342.04,310.53,294.51,233.89,194.28,165.42,108.82,60.549,10.97,-25.987,-91.168,-149.1,-172.17,-267.44,-324.92,-378.33,-436.65,-532.45,-577.82,-671.68,-770.12,-832.64,-911,-1011.1,-1096.6,-1198.8,-1253.8,-1369.5,-1470.4,-1549.9,-1673,-1760.1,-1880.6,-2012.9,-2122.3,-2202,-2343.9,-2442.5,-2578.4,-2721.3,-2865.2,-3010,-3142,-3279.9,-3403.9,-3551.9,-3714,-3871.7,-3990,-4144.8,-4300,-4509.8,-4651.7,-4806.3,-5007.4,-5189.5,-5336.6,-5546.3,-5725.9,-5889.3,-6095.2,-6271.8,-6516.6,-6715.7,-6885.6,-7119.7,-7339.8,-7549,-7753.2,-7954.8,-8182.8,-8427.2,-8634.1,-8875.6,-9140.2,-9370.1,-9641.7,-9871.5,-10107,-10362
7.97e-07,6.31e-07,-2593.2,-2582.3,-2519.9,-2462.7,-2420.5,-2326.8,-2306.1,-2247.8,-2190.9,-2103.2,-2045.7,-2016.9,-1940.2,-1876.2,-1837.1,-1786.8,-1718.8,-1664.8,-1608.5,-1532.4,-1462.6,-1402.7,-1360.5,-1276.4,-1232.7,-1158.4,-1098.8,-1077,-1007.5,-935.94,-896.22,-824.75,-802.59,-744.67,-651.84,-606.61,-560.18,-522.42,-464.6,-411.81,-384.58,-318.64,-258.3,-239.42,-174.31,-106.4,-91.488,-29.359,9.7839,21.811,53.269,122.3,140.54,194.65,231.33,266.23,261.47,312.78,305.05,332.09,354.04,395.37,414.69,436.18,431.16,446.75,493.06,493.25,483.24,472.93,480.56,477.49,488.14,482.89,508.47,469.04,464.7,477.79,450.14,400.63,400.87,386.39,377.13,336.9,306.55,272.92,223.5,205.21,131.48,100.58,47.796,-9.8871,-68.012,-103.11,-178.12,-261.78,-329.77,-391.18,-453.59,-527.6,-603.24,-723.16,-820.26,-867.67,-970.73,-1105.2,-1172.5,-1308,-1388.1,-1547.1,-1618.6,-1740.7,-1902.7,-2033.3,-2131.2,-2288.3,-2444.4,-2565.5,-2721.3,-2906.3,-3070.9,-3199.5,-3401.1,-3571.7,-3715.3,-3904.6,-4103.5,-4295.7,-4477,-4695.9,-4870.1,-5105.1,-5314.9,-5514.6,-5782.7,-5969.7,-6217.5,-6449,-6686.2,-6968.4,-7188.2,-7489.5,-7747.8,-8028.2,-8294.7,-8559.5,-8869.4,-9125.2,-9461.7,-9760.7,-10063,-10357,-10697,-10995,-11356,-11657,-12000,-12373,-12728,-13087,-13453,-13850,-14217,-14617,-14972,-15370,-15762,-16182,-16599,-17062,-17456
8.21e-07,7.16e-07,1462.8,1374.8,1310.3,1242.7,1159.6,1092.7,1065.4,1007.9,922.71,871.51,837.69,773.73,730.71,684.26,621.85,598.4,538.47,506.5,494.48,438.57,400.42,388.19,356.1,351.93,325.86,273.05,253.11,233.33,255.76,241.32,205.18,177.51,188.37,188.1,171.82,164.67,153.05,169.36,147.17,169.01,162.18,163.08,176.8,168.21,168.75,169.58,195.45,172.1,214.02,193.49,219.06,227.17,273.67,254.52,282.96,287.57,323.01,352.03,373.8,357.84,406.63,400.65,416.02,432.8,456.96,496.61,502.46,519,582.24,563.69,607.81,604.21,650.89,677.29,672.97,744.46,738.75,774.78,765.84,816.21,852.49,844.51,880.34,907.34,917.03,961.63,977.55,979.77,1008.1,1010,1043.5,1043.7,1082.4,1088.9,1114.7,1148.5,1149,1158.8,1164.4,1209,1205.6,1186.9,1229.2,1217.1,1232,1251.3,1234.3,1261.8,1243.5,1251.8,1254.6,1275.6,1271.2,1228.7,1252.1,1218.7,1236.9,1202.8,1205.8,1218.2,1173.2,1177.2,1161.9,1148.1,1104.3,1118.5,1077.1,1022.9,1009.4,963.35,945.13,922.44,904.31,855.14,820.3,773.15,742.46,656.59,625.74,578.22,527.49,449.9,423.11,326.31,269.18,223.08,143.41,85.098,-2.3269,-90.274,-173.53,-234.19,-323.91,-415.93,-522.8,-576.99,-689.46,-770.16,-908.23,-974.48,-1128.6,-1231.9,-1341.8,-1453.2,-1561.8,-1701.6,-1830.8,-1928.4,-2064,-2238.8,-2356.9
9.14e-07,6.21e-07,-4783.1,-4677.6,-4506.3,-4370.6,-4236.9,-4105.5,-3965.1,-3814.2,-3714.5,-3564.3,-3442.2,-3320.1,-3191.2,-3096.6,-2973.1,-2846.7,-2701.5,-2628.9,-2521.1,-2369,-2283.2,-2187.1,-2083.8,-1962.4,-1846.6,-1748.6,-1698.4,-1565.7,-1466.3,-1413.5,-1289.3,-1244.1,-1149.2,-1082,-970.65,-923.86,-840.67,-767.7,-686.19,-610.29,-559.33,-453.02,-408.07,-337.64,-260.9,-225.82,-168.47,-87.846,-68.558,-9.1715,24.026,106.21,150.32,156.93,234.97,275.81,320.75,336.39,388.77,395.51,410.29,470.58,506.25,513.52,537.48,572.56,553.94,607.39,626.06,631.43,609.59,652.38,637.72,653.23,667.89,628.84,631.81,651.37,630.7,634.24,637.98,621.27,597.55,608.87,553.28,553.56,558.15,533.43,494.47,478.88,441.2,424.04,378.37,346.72,297.97,291.35,253.97,179.31,174.09,126.09,78.889,16.517,-25.861,-69.359,-147.38,-211.68,-251.26,-319.98,-377.39,-454.69,-516.4,-594.54,-630.63,-728.6,-781.26,-856.02,-952.58,-1020.3,-1087.2,-1182.2,-1298.6,-1360.4,-1465.6,-1536.9,-1645.5,-1754.9,-1812.7,-1946.8,-2032.1,-2114.1,-2223.2,-2340.6,-2442.8,-2582.1,-2674,-2761.3,-2880,-2996.7,-3141.9,-3258,-3376.3,-3515.5,-3630.6,-3746.2,-3897.4,-4010.2,-4141.3,-4276.2,-4452.7,-4580.6,-4739.8,-4876.7,-5029.5,-5157.8,-5317.6,-5440,-5633.8,-5773.9,-5918.2,-6087.3,-6260.1,-6409,-6584.8,-6746.6,-6925.1,-7069.3,-7251,-7407.9,-7610.6,-7772.7,-7988.7
8.8e-07,6.29e-07,-3593.5,-3449.4,-3368.5,-3262.7,-3173.7,-3103.7,-3013.8,-2900.6,-2831.6,-2708.1,-2612.7,-2546.7,-2448.1,-2347.1,-2279,-2194.5,-2091.3,-1998.4,-1935.4,-1883.2,-1774.1,-1688.6,-1643.1,-1554.3,-1489.5,-1402.1,-1330.4,-1247.3,-1195.2,-1088.5,-1045.1,-993.35,-925.14,-839.94,-754.56,-687.32,-640.74,-586.69,-549.62,-466.97,-411.66,-374.51,-285,-257.58,-228.86,-130.98,-126.23,-60.032,-28.192,18.182,57.438,98.954,150.63,186.36,239.37,256.46,308.69,309.52,370.81,373.82,392.75,451.71,477.38,510.15,529.62,535.12,558.17,552.72,573.26,584.25,609.85,608.03,621.89,616.88,626.06,629.54,645.81,618.66,649.26,598.92,621.31,624.73,584.9,577.32,550.5,551.29,541.31,491.31,516.5,482.04,450.83,393.63,401.5,365.31,303,301.22,240.05,206.23,175,105.7,75.793,26.541,6.7858,-61.76,-105.2,-180.93,-256.72,-294.29,-351.43,-445.72,-482.15,-566.41,-645.24,-707.61,-772.34,-869.8,-936.01,-1002.4,-1131.4,-1209.2,-1303.5,-1368,-1491.5,-1552.9,-1641.8,-1768.9,-1860.3,-1982.6,-2083.2,-2212.1,-2309.8,-2432.3,-2543.4,-2687.1,-2765.7,-2913.8,-3022.2,-3176.3,-3285,-3427.5,-3590.7,-3732.3,-3890.1,-4021.9,-4140,-4305.6,-4490.6,-4644.7,-4771,-4930.2,-5110.2,-5277.5,-5442.4,-5612.1,-5815,-5991.1,-6139.5,-6344.3,-6547.9,-6699.2,-6895.3,-7131.7,-7295.2,-7508.5,-7720.9,-7903.3,-8133.1,-8362.6,-8539.8,-8750.9,-9006.7
8.96e-07,6.6e-07,-2223.7,-2143.5,-2126.9,-2029.6,-1984,-1923.7,-1884.7,-1833.1,-1796.5,-1741.9,-1690.9,-1605.6,-1555.6,-1525,-1467.6,-1407.8,-1357.6,-1291.6,-1247.8,-1173.7,-1137,-1106.5,-1044.1,-1018.4,-945.09,-895.41,-843.02,-781.5,-769.97,-728.89,-682.96,-642.74,-559.51,-542.21,-501.58,-465.93,-399.26,-384.6,-325.18,-302.17,-251.19,-198.45,-159.15,-108.53,-89.896,-32.506,-28.801,21.847,67.729,93.272,130.9,139.93,214.72,210.42,251.09,297.83,333.33,353.3,379.15,384.09,430.66,423.95,470.66,494.64,500.19,564.14,562.36,578.39,598.16,632.16,636.44,656.01,695.54,686.09,700.73,698.65,722.46,725.37,733.1,774.68,751.66,777.97,790.73,799.39,781.01,788.18,799.27,788.18,806.18,832.04,834.97,808.47,791.76,813.9,786.68,811.16,794.81,786.03,767.39,739.02,747.14,722.37,726.43,692.79,664.29,652.75,626.11,604.18,614.58,560.9,566.37,523.05,495.08,477.88,445.68,414.89,399.69,376.51,351.96,300.55,251.46,216.92,174.78,127.17,117.98,76.703,-2.7246,-49.434,-55.557,-136.19,-189.41,-206.03,-269.03,-308.34,-393.84,-461.25,-515.06,-550.26,-632.41,-700.95,-729.63,-818.49,-887.57,-963.86,-998.91,-1060.8,-1157.8,-1226.7,-1324.2,-1407.2,-1466.9,-1530.6,-1627.5,-1700.6,-1793.8,-1879.7,-1974.3,-2059.8,-2153,-2228.2,-2362.7,-2425.8,-2535.2,-2618.1,-2760.9,-2832.1,-2939,-3063.9,-3151.4,-3250.8,-3390.7
8.79e-07,6.46e-07,-2587.8,-2485.9,-2416.9,-2393.8,-2293,-2228.2,-2189.2,-2116.1,-2052.6,-1969.5,-1944.6,-1887.2,-1793.2,-1755.4,-1688.7,-1643.6,-1563.9,-1491.7,-1438,-1405.1,-1330.8,-1277,-1205.5,-1172.2,-1079.8,-1051.8,-968.5,-927.93,-903.57,-808.83,-754.45,-707.23,-667.39,-600.62,-572.01,-535.33,-501.13,-421.28,-403.87,-327.93,-300.12,-227.06,-188.87,-187.6,-137.25,-81.966,-56.012,-21.321,19.579,79.358,84.298,124.53,159.69,217.31,242.45,287.6,313.05,343.03,357.99,396.69,414.89,431.12,481.26,489.2,526.3,506.03,566.85,552.78,569.95,618.5,611.01,648.92,643.67,648.92,682.73,690.92,687.55,656.31,689.84,695.35,694.63,678.53,700.15,669.84,698.56,691.41,694.54,651.28,656.24,627.55,613.28,596.39,607.91,592.44,562.21,565.22,519.48,497.51,459.88,447.39,397.7,382.46,335.93,342.72,310.6,270.5,200.39,192.11,134.05,81.424,26.233,-24.961,-41.692,-116.59,-168.27,-222.55,-287.22,-309.46,-375.31,-467.93,-518.38,-565.14,-651.05,-725.25,-809.48,-839.62,-929.94,-1038.6,-1071.9,-1161,-1273.8,-1359.4,-1419.3,-1533.5,-1640.9,-1706.8,-1820.7,-1906.8,-2030.5,-2095.1,-2237.3,-2331.4,-2442.8,-2564.7,-2682,-2782.2,-2916.1,-3028.5,-3159.8,-3280.6,-3393.6,-3511.6,-3655.9,-3814.3,-3936.5,-4061.8,-4220.5,-4365.8,-4485.9,-4668.7,-4800.8,-4957.5,-5140.3,-5267.8,-5435.9,-5609.6,-5771.6,-5968.5,-6110.2,-6308.2,-6475.9
8.59e-07,6.63e-07,-1314.5,-1285.1,-1254.8,-1260,-1223.7,-1208,-1192.7,-1163.9,-1148.3,-1085,-1062.5,-1054.6,-1007.6,-1017.8,-973.78,-917.23,-928.14,-882.47,-836.48,-840.85,-800.53,-773.94,-720.59,-677.81,-671.56,-626.07,-586.42,-585.75,-548.24,-518.29,-474.83,-460.71,-434.66,-356.82,-345.4,-294.2,-276.73,-260.02,-228.24,-180.1,-134.14,-114.11,-83.161,-73.917,-36.218,19.867,28.147,63.541,63.789,98.908,132.4,158.95,208.91,220.49,260.56,256.91,314.29,352.77,362.32,403.93,380.53,425.01,451.52,492.08,470.96,515.86,511.61,559.15,596.75,602.83,586.92,616.71,615.04,648.99,666.59,689.81,690.26,688.22,689.98,718.11,721.46,752.77,725.65,721.3,729.86,756.32,726.05,755.78,722.8,761.43,753.27,719.23,718.81,727.9,711.58,705.72,682.9,673.91,680.81,641.76,602.62,618.76,596.77,541.3,531.37,489.49,470.36,433.76,437.66,377.46,381.96,309.42,286.22,257.91,190.93,159.64,123.07,57.013,36.931,-42.146,-53.175,-152.24,-204.68,-259,-277.59,-380.24,-413.62,-492.84,-555.16,-638.26,-710.84,-793.49,-874.28,-928.37,-1029.8,-1075.8,-1195.1,-1254.2,-1363.6,-1471.9,-1558.6,-1627.2,-1728.6,-1831,-1968.8,-2038.2,-2155.5,-2284.7,-2400.9,-2521.8,-2620.2,-2737.2,-2857.3,-2986.1,-3118.6,-3252.8,-3411,-3554.7,-3668.6,-3832.8,-3973.5,-4126.4,-4276.8,-4410.6,-4572.2,-4731.9,-4916.2,-5095.7,-5269.8,-5437.3,-5583.9
8.09e-07,7.11e-07,1404.4,1361.1,1255.7,1210,1157.2,1072.1,984.52,940.18,908.86,825.43,772.94,724.87,659.47,634.55,597,560.92,515.04,460.95,457.63,428.71,395.77,350.58,297.66,307.1,261.82,271,225.75,200.74,224.31,177.05,199.24,160.85,154.48,166.05,164.82,126.47,115.18,115.17,114.91,151.18,160.39,151.71,141.66,150.88,157.18,191.04,182.42,204.16,188.04,199.73,225.6,238.29,267.96,285.94,298,276.51,314.28,307.59,355.64,377.93,365.74,411.08,398.87,446.98,449.32,503.71,506.85,527.56,556.66,582.09,610.6,621.36,613.09,643.17,648.44,667.43,729.53,717.75,748.06,793.01,768.51,814.66,820.83,862.9,876.25,855.93,912.45,901.64,915.36,910.06,945.42,968.39,993.65,958.25,988.4,974.46,1015.9,1009.3,1034.2,1035,1039.8,1002.9,1035.9,1012.7,1032.7,1019.8,1006.1,1022.1,1019.2,975.84,958.93,988.6,950.35,935.74,929.59,895.31,857.75,851.2,812.07,810.98,750.66,716.15,680.93,657.45,612.04,579.56,547.35,518.7,463.25,395.49,359.02,280.27,248.39,169.77,96.166,77.959,-18.8,-102.04,-139,-214.58,-322.24,-407.86,-487.68,-555.4,-637.71,-745.43,-857.43,-949.11,-1021.6,-1141.3,-1259.3,-1351.9,-1467.6,-1613.7,-1740,-1848.4,-1995.7,-2116.3,-2262.9,-2401.8,-2540.2,-2664,-2826.1,-2988.7,-3140.5,-3281.2,-3476,-3657.2,-3801.7,-3972.3,-4189.8
8.99e-07,6.39e-07,-3399.1,-3301.8,-3172.5,-3114.5,-3013.7,-2898.6,-2838.5,-2737.2,-2660.3,-2573.4,-2480.8,-2362.6,-2281.2,-2200.9,-2138.9,-2063.6,-1963.1,-1901,-1817,-1741.2,-1656.9,-1591.7,-1535,-1462.3,-1389.2,-1285.6,-1214.2,-1171.2,-1091.7,-1008.9,-971.56,-886.82,-842.32,-778.59,-724.6,-634.14,-612.42,-533.53,-491.98,-451.49,-374.58,-331.84,-285.27,-234.54,-193,-147.67,-85.788,-61.121,5.9894,48.757,74.772,141.56,184.01,214.19,220.86,264.46,316.6,345.71,344.87,377.31,439.5,473.28,482.8,506.93,513.7,550.34,570.93,588.88,613.23,591.94,609.17,646.78,636.22,653.02,655.34,692.99,674.94,702.81,682.11,699.09,693.56,686.46,701.51,703.08,674.61,676.23,652.82,663.02,618.56,640.84,621.84,599.28,557.74,566.87,515.28,485.86,461.8,451.39,416.39,398.58,395.06,345.09,309.55,281.16,223.6,199.93,162.78,85.787,43.66,33.059,-10.959,-87.163,-130.13,-161.6,-241.93,-307.78,-352.8,-427.53,-470.8,-509.15,-615.23,-661.5,-714.62,-798.32,-843.21,-954.34,-994.83,-1098.1,-1178.8,-1244.8,-1337.9,-1407.4,-1479.7,-1577.4,-1688.9,-1758.3,-1877.7,-1928.4,-2025.3,-2136.5,-2264,-2348.9,-2461.3,-2571.2,-2678.8,-2758.1,-2892.9,-2973.4,-3132.8,-3249.7,-3339.3,-3472.6,-3607,-3693.5,-3847.2,-3950.5,-4105.4,-4223.7,-4372.5,-4522,-4655.9,-4776.5,-4920.4,-5091,-5202.1,-5375.8,-5507.8,-5687.1,-5842.6,-5990.8,-6136.8
8.87e-07,6.35e-07,-3344.8,-3267.8,-3153.6,-3056.9,-2986.5,-2879.9,-2811.9,-2745.4,-2636.5,-2571,-2460.8,-2370.7,-2300.2,-2194.2,-2125.7,-2034.5,-1988.8,-1907.5,-1841,-1759.4,-1680.6,-1587,-1511.9,-1424.4,-1370.4,-1300.3,-1259.5,-1155.9,-1125,-1046.4,-992.31,-883.05,-820.24,-782.77,-740.53,-655.08,-601.46,-551.63,-490.21,-439.34,-374.55,-314.17,-285.88,-249.83,-178.46,-120.62,-103.29,-53.59,-15.551,28.741,83.651,109.9,143.44,208.15,257.91,269.16,279.86,311.15,383.99,389.62,405.9,429.39,474.32,476.88,534.46,523.64,560.86,566.17,592.53,621.98,620.68,626.65,621.17,621.97,660.14,641.06,659.35,642.37,669.22,682.35,639.83,668.43,634.81,621.93,614.88,617.99,619.08,575.11,567.54,547.05,529.03,531.87,493.73,484.17,454.93,417.41,378.17,334.05,312.01,271.36,226.97,177.58,142.86,122.29,54.523,37.943,-39.681,-97.629,-111.94,-197.98,-236.68,-274.75,-360.8,-418.28,-461.18,-561,-596.79,-667.51,-756.87,-819.43,-890.37,-968.16,-1048.5,-1126.6,-1216.3,-1325,-1403.4,-1482.4,-1597,-1674.2,-1806.4,-1857.6,-1970.2,-2095.5,-2186.4,-2303.1,-2413.2,-2510.4,-2659.6,-2753,-2871,-3013.8,-3114.6,-3256.6,-3377.9,-3484.5,-3617.2,-3793.7,-3917.7,-4024.9,-4165.9,-4355.7,-4481.5,-4624.2,-4801.9,-4914.7,-5099.7,-5237.4,-5407.7,-5565.4,-5739.3,-5923.2,-6070.8,-6238.8,-6446.6,-6631.5,-6801.2,-6990.2,-7172.8,-7353.8,-7540.4
8.24e-07,7.07e-07,1090.9,1042.2,994.73,906.88,877,795.77,765.77,728.78,657.54,607.11,567.32,539.13,503.89,455.5,412.66,398.65,356.18,331.8,323.85,302.09,268,208.5,193.22,195.39,163.91,166.73,129.78,136.38,129.15,105.46,109.74,124.76,126.33,101,76.732,80.549,107.38,89.36,80.118,113.23,125.99,134.03,116.55,113.35,136.39,140.6,155.26,188.58,168.28,221.93,212.55,233.28,231.61,239.8,259.37,317.53,300.68,317.72,368,348.38,401.59,399.62,444.29,469.74,470.69,515.9,530.84,549.74,575.9,560.68,593.32,640.56,668.76,685.97,699.33,709.67,729.4,758.31,787.74,778.12,800.82,815.06,840.31,856.17,867.66,915.45,948.66,927.42,940.58,972.3,994.36,988.94,996.42,1037.3,1044,1046.8,1070.2,1076.3,1089.6,1089.7,1077.1,1103.3,1101.9,1118.7,1096.4,1104,1114.9,1102.9,1100.3,1107.7,1115.8,1082.1,1071,1076.1,1040.4,1053.4,1022.1,987.67,974.76,997.6,973.88,942.98,924.36,863.4,857.37,833.45,762.97,743.12,700.29,668.11,619.23,569.98,543.9,496.14,435.73,404.98,347.82,309.88,244.62,182.1,121.1,45.483,-53.695,-87.853,-199.4,-238.53,-311.58,-435.2,-482.27,-591,-695.76,-751.42,-860.89,-934.48,-1074,-1145,-1255.2,-1357.5,-1471.4,-1624.5,-1748.8,-1830.6,-1991.9,-2095.8,-2235,-2362.1,-2529.9,-2675.5,-2825.6,-2970.8,-3087
8.75e-07,6.78e-07,-958.91,-934.87,-913.28,-890.42,-871.02,-863.14,-880.44,-867.87,-838.68,-800.93,-773.9,-793.81,-763.94,-759.38,-729.1,-675.86,-671.46,-643.71,-660.37,-625.13,-593.13,-577.39,-571.69,-543.43,-509.77,-497.42,-471.8,-428.5,-385.77,-392.24,-333.82,-311.46,-320.92,-278.77,-266.88,-248.13,-200.32,-184.91,-164.15,-150.33,-88.492,-76.195,-69.371,-6.6383,27.845,22.577,77.267,61.921,129.43,114.22,169.12,208.28,236.76,230.9,247.87,282.15,309.75,362.4,343.8,409.18,391.39,460.1,442.82,482.93,522.93,541.77,550.27,589,607.89,608.7,618.61,677.35,692.14,695.02,713.26,749.2,747.7,775.95,769.8,780.1,826.34,800.73,816.22,848.87,883.55,891.78,868.53,912.96,900.28,934.51,944.05,909.32,961.28,955.2,953.93,932.95,963.2,951.47,980.61,948.13,941.53,954.18,953.54,941.05,929.18,947.57,930.79,906.2,913.87,907.38,891.6,870.15,847.87,843.34,865.98,834,796.47,769.07,751.36,737.39,727.99,677.84,672.12,646.82,642,590.31,575.33,544.55,510.92,464.46,423.71,387.1,347.15,322.92,271.21,198.44,189.29,105.12,55.96,9.201,-53.369,-72.871,-120.98,-196.67,-233.99,-318.37,-361.81,-447.33,-519.48,-577.55,-653.22,-725.65,-794.25,-860.15,-948.7,-1026.4,-1074.1,-1175.7,-1263.1,-1370.7,-1417.7,-1535,-1619.4,-1692.5,-1802.8,-1926.3,-1993.3,-2120.3,-2196.9,-2312.4,-2409.9
9.06e-07,6.75e-07,-1814.2,-1778,-1724.5,-1658.3,-1625.8,-1562,-1522.3,-1495.6,-1454.3,-1386.3,-1364.3,-1318.8,-1295.1,-1231.2,-1162.6,-1147.1,-1106.1,-1044.9,-1005.2,-956.61,-941.68,-920.03,-858.84,-817.23,-781.21,-720.95,-682.87,-653.43,-595.79,-572.3,-564.24,-488.39,-454.33,-446.21,-415.22,-332.86,-300.93,-271.76,-253.23,-196.92,-198.25,-141.89,-135.38,-89.531,-22.895,-15.301,7.5825,56.451,81.939,97.647,163.09,174.34,229.33,235.12,240.29,269.27,298.47,366.24,378.89,389.27,439.98,441.49,501.47,509.49,506.14,554.59,550.67,578.91,608.64,630.7,659.24,688.68,696.8,731.46,720.72,746.23,779.84,808.32,817.56,810.27,831.25,868.54,863.41,872.07,877.09,918.82,941.08,918.38,944.91,959.23,977.3,951.59,969.58,978.34,989.87,990.55,998.77,1002.7,1020.6,1006.3,1021.7,1018.7,1016.9,1041.8,1034.9,1004.3,994.57,1006.3,1019.5,1000.4,1006.4,984.08,1006.4,996.2,985.32,964.44,935.91,921.34,915.06,896.03,919.89,874.62,858.21,852.74,845.86,823.71,793.78,792.17,759.27,765.63,728.3,685.7,694.95,672.21,635.98,594.62,582.06,544.56,540.81,503.82,475.28,416.76,408.61,372.37,326.16,287.11,272.18,198.62,204.69,164.73,81.513,75.251,43.805,-40.579,-72.493,-108.66,-138.19,-182.08,-245.56,-299.76,-359.48,-422.99,-448.4,-531.09,-585.17,-610.5,-659.12,-720.43,-797.96,-868.69,-937.99
9.35e-07,7.05e-07,-1529.5,-1456.8,-1419.3,-1384.9,-1342.4,-1343,-1300.8,-1262.1,-1217.7,-1173.7,-1110.2,-1095.8,-1043.9,-1025.6,-991.47,-961.53,-903.41,-880.85,-853.62,-801.52,-784.72,-739.72,-702.4,-666.62,-621.56,-570.08,-549.78,-544.26,-474.64,-486.65,-431.68,-406.01,-358.53,-350.06,-313.48,-275.29,-231.81,-215.77,-192.08,-134.43,-122.55,-81.628,-65.926,-23.313,-8.0984,25.728,63.803,70.61,88.31,131.22,158.86,175.03,224.36,273.66,265.23,326.74,319.07,387.01,396.95,414.02,433.39,449.95,491.88,505.35,565.38,554.08,596.49,621.88,640.48,688.46,728.68,718.61,754.13,763.07,797.13,857.58,846.78,873.19,890.71,927.98,975.68,977.75,1022.6,1023.9,1047.8,1076.1,1100.9,1159.4,1166.2,1197.9,1200.8,1228.9,1261.9,1295.8,1332.2,1352.1,1362.5,1416.3,1434.5,1436.2,1484.2,1487.3,1512.6,1551.2,1549.5,1598.8,1623.3,1644.3,1661.2,1698.1,1754.4,1773.7,1795.5,1813.1,1826.4,1856,1895.9,1926,1931.5,1993.8,1981.1,2039.2,2068.7,2090.2,2111.9,2118.1,2150.7,2175.8,2202.7,2264.9,2272.1,2300.1,2322.3,2371.6,2415.9,2415.1,2467.4,2496,2535.5,2572.4,2575.5,2592.2,2655.2,2675.9,2714.3,2760.3,2767.6,2814.2,2847.9,2883.9,2926.2,2943.5,2957,3018.9,3065.4,3061,3094.1,3152.5,3183.6,3220.4,3251.2,3300.4,3324,3388.7,3418.1,3447,3499.8,3503,3579.1,3610.2,3657.6
9.05e-07,6.82e-07,-1491,-1457.6,-1415.4,-1408.7,-1353.3,-1335.4,-1297.2,-1261.4,-1222.5,-1190.8,-1137,-1085.4,-1079.5,-1047.7,-990.48,-988.05,-949.95,-916.45,-845.9,-838.42,-811.58,-784.33,-721.03,-710.16,-639.36,-621.83,-613.45,-569.48,-515.44,-512.61,-444.91,-422.69,-400.19,-354.12,-328.19,-288.46,-244.53,-217.23,-201.54,-172.68,-125.49,-96.773,-96.088,-32.644,-6.9296,-7.892,34.347,71.489,86.369,137.06,175.91,187.5,193.83,263.95,282.5,306.7,334.59,341.73,356.94,382.31,436.57,465.79,477.91,497.32,521.64,556.11,584.43,591.33,632.71,647.14,663.51,671.61,711.01,733.45,766.81,746.31,799.36,803.54,827.93,828.56,888.76,878.83,886.21,905.86,921.17,938.91,953.29,981.99,968.02,1009.6,1041.4,1018.8,1045.3,1071.4,1081.4,1069.8,1075.8,1086.5,1098.1,1129.3,1136.1,1138,1142.8,1162.9,1160.6,1126.8,1130.9,1172.1,1140.2,1139,1161.5,1158.3,1143,1153.7,1172.1,1148.5,1144.8,1133.6,1148.1,1128.1,1125.8,1119.8,1144.5,1115.7,1110.9,1114.8,1082,1107.9,1072.9,1072.7,1075.4,1020.9,1009.3,1002,981.28,971.45,958.6,922.89,934.79,894.83,865.86,850.07,864.59,824.21,797.93,749,762.21,726.69,679.01,656.61,646.33,610.66,583.27,559.08,528.67,492.61,464.51,394.65,382.07,356.34,315.66,265.63,194.3,178.98,153.31,115.37,26.01,2.9585,-26.577,-81.912,-125.05
8.47e-07,6.55e-07,-1539.4,-1498.7,-1480.3,-1459.2,-1407.2,-1393,-1350.1,-1309.2,-1320.4,-1279.2,-1218.8,-1210.2,-1173.1,-1156,-1100.2,-1064.5,-1028.4,-997.97,-968.07,-936.5,-925.01,-867.9,-857.85,-792.72,-739.3,-723.89,-681.69,-666.43,-632.6,-603.62,-562.62,-501.84,-472.51,-423.16,-407.46,-387.54,-345.04,-315.9,-247.96,-236.45,-181.86,-162.76,-108.64,-103.01,-53.302,-13.457,28.639,19.533,46.281,79.46,137.66,181.37,207.6,193.26,257.48,282.87,294.22,322.28,333.91,357.22,408.06,429.66,438.91,454.05,507.56,502.74,535.6,520.38,578.99,567.06,607.04,624.15,615.93,646.08,614.65,656.87,663.47,658.9,640.14,667.53,673.18,648.1,690.64,646.22,676.46,666.53,657.88,630.69,640.6,621.57,616.67,614.41,591.21,587.24,544.13,515.18,510.23,472.05,465.8,415.71,408.06,368.33,350.85,277.56,254.33,202.27,197.92,140.38,103.06,67.543,-8.944,-67.661,-130.21,-182.64,-229.37,-277.45,-344.94,-413.48,-496.76,-534.24,-607.83,-708.96,-757.74,-869.24,-918.99,-1017.6,-1094.3,-1167.6,-1277.7,-1371.3,-1470.7,-1562,-1649.3,-1767.8,-1888.3,-2011,-2104.3,-2203.8,-2323.5,-2481.4,-2588.7,-2703.5,-2840.6,-2957.7,-3099.7,-3237.7,-3395.3,-3530.1,-3688.8,-3852.4,-3970.9,-4144.2,-4322.8,-4452.4,-4660.3,-4817.9,-4968.6,-5148.4,-5343.3,-5539.6,-5721.6,-5884.1,-6093.6,-6291.7,-6519.1,-6691.4,-6928.6,-7104.9,-7347.2,-7560.3,-7781
8.37e-07,6.71e-07,-571.74,-594.59,-603.22,-585.47,-623.26,-614.33,-581.55,-606.47,-588.59,-571.7,-591.45,-567.53,-590.51,-548.67,-555.47,-549.45,-562.49,-535.77,-528.88,-485.78,-482.52,-456.65,-475.92,-444.66,-439.09,-429,-380.09,-352.5,-334.83,-333.68,-299.71,-297.65,-276.29,-226.9,-220.28,-204.5,-157.56,-164.09,-120.68,-99.46,-99.916,-70.914,-14.851,-29.105,4.844,12.657,36.223,78.278,98.154,154.45,155.35,179.67,231.85,239.03,276.48,276.02,298.36,349.18,368.95,372.46,391.36,400.2,462.92,460.73,499.43,510.03,537.56,549.72,556.01,573.83,596.35,627.78,613.61,639.58,671.62,638.83,660.39,707.57,680.6,697.38,686.93,731.84,746.2,710.38,744.34,728.97,743.56,752.98,735.82,749.04,741.86,718.24,715.06,692.91,677.7,714.85,656.86,674.08,653.98,614.02,605.14,619.59,589.59,576.12,551.23,506.58,460.73,451.45,422.6,387.45,346.52,293.13,257.01,214.09,177.81,113.99,94.33,45.312,-20.253,-82.654,-149.99,-165.11,-270.97,-328.99,-358.71,-462.79,-539.92,-582.92,-647.1,-732.97,-806.63,-927.21,-998.38,-1096.7,-1159.5,-1251.8,-1362.4,-1435.3,-1537.7,-1673.7,-1755.9,-1880.8,-2005.6,-2096,-2239.5,-2331.3,-2450.8,-2620.1,-2754.3,-2851.2,-2978,-3142.4,-3291,-3442.4,-3602.5,-3713.7,-3913.7,-4042.8,-4218.3,-4377.9,-4553.2,-4716.2,-4917.5,-5088.4,-5282.9,-5439.9,-5623,-5848.2,-6043,-6248.7,-6418
8.39e-07,6.6e-07,-1151.9,-1151.2,-1105.5,-1132.8,-1120.9,-1062.3,-1040.3,-1035.3,-1020.9,-1029,-965.64,-959.9,-960.67,-928.56,-919.23,-890.7,-853.61,-843.05,-783.33,-751.49,-736.51,-704.09,-705.01,-677.61,-649.75,-620.43,-595.69,-575.51,-531.41,-513.85,-483.11,-425.91,-423.7,-357.07,-338.27,-329.03,-293.28,-228.79,-231.08,-166.33,-137.05,-142.69,-104.95,-60.442,-45.963,18.742,15.987,47.363,79.661,132.26,155.23,160.53,177.03,243.52,258.64,295.98,311.09,346.68,344.15,356.84,392.26,425.34,426.97,448.87,476.87,503.91,520.16,516.77,526.89,559.57,587,620.22,612.66,640.3,646.31,637.61,657.69,662.7,664.89,645.59,654.9,653.68,673.75,680.28,683.07,653.22,673.21,674.03,650.27,631.27,629.35,616.59,579.78,602.87,564.75,528.37,507.65,491.83,488.59,456.87,456.68,405.29,386.44,332.25,324.12,287.03,208.01,180.34,122.15,80.607,65.294,-14.356,-58.56,-129.8,-172.66,-228.49,-286.6,-347.21,-425.74,-494.43,-549.19,-647.98,-677.97,-801.38,-864.65,-954.1,-1042.8,-1098.7,-1221.5,-1315.9,-1384.2,-1473.4,-1612.4,-1721,-1830.2,-1930.3,-2008.3,-2144.3,-2241.4,-2366.9,-2488.8,-2646.9,-2747.7,-2931.1,-3057.1,-3202.3,-3310.6,-3488.3,-3639.3,-3774.2,-3956.5,-4112.9,-4247.3,-4405.5,-4588.8,-4778.6,-4953.7,-5150.9,-5315,-5486.1,-5709.3,-5894.5,-6075.4,-6307.8,-6514,-6694,-6896.3,-7137.8,-7362.3,-7578.6,-7827.7
8.11e-07,6.28e-07,-2830.1,-2774,-2710,-2666.6,-2557.9,-2505.5,-2445,-2407.3,-2333.8,-2276.8,-2191.5,-2111.7,-2076.1,-2026,-1961.2,-1869.4,-1817.6,-1737.4,-1694.3,-1604.4,-1553.5,-1487.1,-1432.1,-1345.3,-1286.8,-1242.7,-1165.5,-1090,-1033.3,-971.03,-941.85,-850.22,-802.88,-755.46,-688.7,-645.88,-606.03,-531.65,-498.33,-431.24,-374.01,-318.28,-269.34,-216.96,-163.87,-150.83,-81.642,-56.064,-26.924,39.033,67.746,108.26,121.01,190.77,215.46,228.75,272.72,285.61,332.36,377.58,400.28,422.4,438.62,446.49,460.67,484.48,473.1,496.64,500.22,517.03,491.48,536.32,505.96,519.48,520.4,501.19,510.84,474.9,465.72,455.07,434.38,405.07,395.91,348.43,324.54,308.21,279.25,227.67,210.59,167.6,97.047,52.116,-12.567,-69.571,-114.48,-151.22,-212.55,-302.21,-359.92,-428.03,-521.4,-586.88,-682.23,-750.48,-855.59,-967.48,-1029.7,-1164.8,-1234.5,-1368,-1465.2,-1560.4,-1719.5,-1799.6,-1951.6,-2065.3,-2210.3,-2347.3,-2467.6,-2616.3,-2798.3,-2922.2,-3110.6,-3266.9,-3426.7,-3589.2,-3761.4,-3910.8,-4137.5,-4311.8,-4474.6,-4690.7,-4889.3,-5073.2,-5295.9,-5528.2,-5749.5,-5940,-6170,-6434.8,-6641.2,-6866.5,-7132.1,-7365.1,-7622.2,-7910.3,-8151.8,-8433.7,-8689.6,-9006.6,-9295.6,-9543.4,-9854,-10182,-10469,-10764,-11088,-11424,-11760,-12102,-12429,-12748,-13119,-13491,-13852,-14181,-14585,-14934,-15351,-15728,-16141
8.52e-07,6.44e-07,-2210.1,-2139.1,-2104.8,-2064.8,-2028.1,-1947.9,-1909.8,-1871.2,-1789.6,-1748.7,-1731.6,-1682.5,-1590.1,-1556.9,-1494,-1454.3,-1425.1,-1374.5,-1319.1,-1261.3,-1227.1,-1162.8,-1130,-1054.1,-997.44,-973.47,-914.19,-879.14,-836.19,-767.27,-734.96,-680.37,-610.56,-600.16,-536.39,-513.6,-460.2,-389.59,-354.66,-295.62,-283.52,-219.04,-197.32,-157.99,-126.79,-62.315,-58.399,25.9,60.351,68.116,116.98,144.15,179.84,221.21,222.89,273.72,317.08,300.92,359.29,365.49,400.43,430.88,470.24,456.76,509.71,507.2,506.57,565.11,551.52,569.7,579.15,600.12,598.39,601.51,643.66,599.92,632.16,655.24,624.17,625.22,619.08,612.86,640.44,621.96,607.05,613.41,569.4,572.39,546.8,558.93,507.71,511.65,494.23,444.08,416.08,392,372.04,322.64,307.79,270.4,228.06,153.94,129.59,113.04,22.835,-12.24,-36.381,-136.28,-166.38,-244.74,-261.4,-349.95,-425.96,-467.04,-530.9,-619.24,-717.99,-783.43,-847.13,-948.58,-1031.6,-1095.6,-1217.4,-1281.9,-1366.4,-1467.6,-1561.9,-1703.6,-1777.2,-1921.3,-1997.4,-2138.4,-2217.4,-2360.2,-2457.4,-2628.5,-2726.5,-2848.5,-2999.8,-3113.6,-3279.1,-3395.7,-3556.1,-3698.7,-3842.3,-4013.5,-4180.2,-4361.9,-4493.3,-4680.2,-4861,-5033.5,-5204.6,-5382.4,-5548.2,-5756,-5915.8,-6158.5,-6321.9,-6539.4,-6731.1,-6944.3,-7180.1,-7349.5,-7587.3,-7839,-8064.7,-8271.2,-8490.5,-8747.2,-8968.8
8.52e-07,6.33e-07,-2846.8,-2779.5,-2715.8,-2646.7,-2573.2,-2498.1,-2462.7,-2353.7,-2309.4,-2252.9,-2154.4,-2076.8,-2009,-1952.6,-1916.2,-1810.6,-1744.3,-1716.4,-1639.3,-1547.4,-1517.6,-1462,-1371.1,-1318.8,-1259.9,-1162.3,-1147.2,-1063.3,-1028,-941.13,-864.97,-810.22,-752.82,-739.44,-650,-632.41,-575.29,-486.76,-458.95,-419.35,-374.28,-318.92,-237.8,-192.52,-149.42,-117.85,-81.932,-52.242,5.1695,35.827,104.27,102.09,181.45,176.05,241.2,280.56,279.56,305.31,358.08,385.67,395.16,445.34,447.34,474.55,468.86,489.25,544.88,556.38,552.28,542.44,569.18,605.68,596.92,606.87,610.54,595.97,591.24,572.24,600.92,600.94,587.53,557.52,578.81,524.56,504.76,489.73,502.79,473.75,417.99,392.43,366.45,373.4,319.54,282.97,262.63,220.98,184.3,140.94,87.921,24.155,-6.073,-57.839,-122.12,-200.29,-223.09,-312.98,-351.87,-433.06,-502.44,-555.9,-671.69,-704.08,-819.31,-886.98,-972.82,-1039.9,-1166.9,-1237.4,-1356.4,-1444.6,-1524,-1626.8,-1754.5,-1854.6,-1986.9,-2093.9,-2209.1,-2340.8,-2476,-2598.3,-2718,-2842.5,-2987,-3151.1,-3276.8,-3405.1,-3556.6,-3740.2,-3896.7,-4067.4,-4209.9,-4384.1,-4537.6,-4705.5,-4883.7,-5060,-5249.7,-5452.1,-5642.5,-5826.6,-6036.8,-6246.4,-6417.8,-6626.1,-6825.4,-7073.4,-7254.2,-7481.9,-7728.2,-7946.8,-8191.8,-8442,-8689.5,-8896.8,-9157.9,-9401.5,-9681.1,-9913.5,-10174,-10458,-10704
9.13e-07,6.39e-07,-3708.2,-3609.8,-3480.4,-3413.2,-3297.2,-3191.6,-3078.3,-2960.5,-2875.8,-2795.1,-2668.7,-2568.9,-2473.5,-2389,-2326.3,-2245.7,-2149.7,-2071.7,-1965.5,-1855.3,-1770.9,-1703.9,-1654.7,-1568.1,-1450.7,-1375.1,-1320.1,-1258.8,-1159.1,-1117.9,-1027.6,-940,-896.05,-848.57,-767.95,-682.75,-635.33,-579.88,-544.68,-472.73,-395.77,-335,-302.05,-222.91,-183.3,-129.52,-75.618,-62.884,11.899,30.104,71.689,121.32,156.05,192.61,251.84,248.45,319.48,341.2,362,396.3,450.7,480.62,483.62,501.36,515.79,534.71,570.61,605.52,632.81,603.34,630.16,636.5,669.99,685.99,674.86,710.7,692.04,715.5,723.92,707.78,718.89,698.61,707.37,705.65,682.04,672.1,676.31,662.81,649.18,646.47,658.07,601.09,587.79,585.31,587.54,560.23,519.42,503.66,452.43,447.53,420.67,373.86,336.3,336.75,294.38,248.96,190.88,186.71,150.24,70.716,74.817,25.659,-37.836,-65.137,-120.94,-203.64,-249.08,-282.89,-363.6,-393.03,-441.89,-505.84,-563.2,-658.72,-691.87,-781.43,-828.85,-885.03,-976.63,-1053.9,-1101.1,-1175.2,-1280.8,-1346.6,-1436.9,-1525.3,-1615.7,-1663,-1784.7,-1856.2,-1953.5,-2012.5,-2128.1,-2213.7,-2299.5,-2414.3,-2522.9,-2575.7,-2699.5,-2823.6,-2905.5,-3015.1,-3112.1,-3235.2,-3319.4,-3445,-3542,-3670.8,-3770.8,-3925.2,-4020.8,-4141.1,-4282.3,-4372.9,-4538.2,-4622.6,-4776.8,-4879.7,-5028.8,-5172.5,-5283.2
9.09e-07,6.44e-07,-3360,-3271.8,-3146.7,-3081,-2981.7,-2888.8,-2800.8,-2706.1,-2606.1,-2504.9,-2454,-2366.1,-2269.2,-2169.3,-2075.7,-2038.8,-1941.4,-1876,-1798,-1705.5,-1612.8,-1567.2,-1495.3,-1413.5,-1327.7,-1279.6,-1205.1,-1147.1,-1090.8,-996.23,-953.14,-874.95,-839.32,-746.84,-686.5,-620.15,-607.38,-545.58,-485.47,-407.65,-369.46,-331.88,-243.06,-208.54,-183.22,-137.01,-68.221,-24.209,26.062,70.488,90.463,118.13,157.36,183.02,233.39,275.96,319.24,318.87,366.18,395.6,439.09,470.68,463.44,493.95,509.32,534.6,547.52,596.89,616.61,645.6,645.52,658.97,690.49,672.79,708.59,705.26,725.85,708.93,730.18,737.85,719.11,738.14,738.92,705.74,698.97,702.54,709.29,720.04,696.73,705.86,686.14,666.49,676.56,643.2,601.14,630.99,582.47,586.89,543.18,500.18,520.19,462.82,456.68,412.99,398.48,362.62,324.16,283.72,272.69,211.89,179.12,145.46,88.533,45.109,-4.7491,-36.922,-97.666,-116.54,-162.25,-229.46,-268.29,-346.57,-397.59,-444.12,-526.95,-558.34,-620.73,-707.99,-739.95,-821.97,-895.55,-973.82,-1040.3,-1073.3,-1183.2,-1226.6,-1326.7,-1374.1,-1475.7,-1567.5,-1655.1,-1717.5,-1788.1,-1892.5,-1984.4,-2052.6,-2147.3,-2242,-2359.3,-2441.9,-2544.3,-2619.8,-2726.1,-2824.5,-2945,-3071.6,-3166.2,-3262.9,-3360.7,-3458.8,-3619.1,-3705.6,-3808.2,-3921.9,-4046.4,-4200.3,-4300.1,-4431.8,-4560.8,-4682.4,-4809.1
